sim_time,supervisor_event,controller_event,Plant.Temperature,Plant.Temperature_heater,Controller.heater_ctrl,Supervisor.temperature_desired,Supervisor.heating_time
0.0,False,False,21.0,21.0,False,35.0,20.0
0.5,False,False,21.0,21.0,False,35.0,20.0
1.0,False,False,21.0,21.0,False,35.0,20.0
1.5,False,False,21.0,21.0,False,35.0,20.0
2.0,False,False,21.0,21.0,False,35.0,20.0
2.5,False,False,21.0,21.0,False,35.0,20.0
3.0,False,True,21.0,21.0,True,35.0,20.0
3.5,False,False,21.0,21.0,True,35.0,20.0
4.0,False,False,21.0,21.0,True,35.0,20.0
4.5,False,False,21.0,21.0,True,35.0,20.0
5.0,False,False,21.0,21.0,True,35.0,20.0
5.5,False,False,21.0,21.0,True,35.0,20.0
6.0,False,True,21.0,21.0,True,35.0,20.0
6.5,False,False,21.0,21.028366088867188,True,35.0,20.0
7.0,False,False,21.00008773803711,21.05666160583496,True,35.0,20.0
7.5,False,False,21.00026512145996,21.084884643554688,True,35.0,20.0
8.0,False,False,21.000530242919922,21.113035202026367,True,35.0,20.0
8.5,False,False,21.00088119506836,21.141117095947266,True,35.0,20.0
9.0,False,True,21.001317977905273,21.169126510620117,True,35.0,20.0
9.5,False,False,21.001840591430664,21.197067260742188,True,35.0,20.0
10.0,False,False,21.00244903564453,21.224937438964844,True,35.0,20.0
10.5,False,False,21.003141403198242,21.25274085998535,True,35.0,20.0
11.0,False,False,21.003917694091797,21.280473709106445,True,35.0,20.0
11.5,False,False,21.004777908325195,21.308137893676758,True,35.0,20.0
12.0,False,True,21.005720138549805,21.33573341369629,True,35.0,20.0
12.5,False,False,21.006746292114258,21.363262176513672,True,35.0,20.0
13.0,False,False,21.00785255432129,21.390724182128906,True,35.0,20.0
13.5,False,False,21.00904083251953,21.41811752319336,True,35.0,20.0
14.0,False,False,21.01030921936035,21.445446014404297,True,35.0,20.0
14.5,False,False,21.01165771484375,21.472707748413086,True,35.0,20.0
15.0,False,True,21.013084411621094,21.49990463256836,True,35.0,20.0
15.5,False,False,21.01459312438965,21.527034759521484,True,35.0,20.0
16.0,False,False,21.016178131103516,21.554100036621094,True,35.0,20.0
16.5,False,False,21.017841339111328,21.581100463867188,True,35.0,20.0
17.0,False,False,21.019582748413086,21.6080379486084,True,35.0,20.0
17.5,False,False,21.021400451660156,21.634910583496094,True,35.0,20.0
18.0,False,True,21.02329444885254,21.661718368530273,True,35.0,20.0
18.5,False,False,21.0252628326416,21.688465118408203,True,35.0,20.0
19.0,False,False,21.02730941772461,21.715147018432617,True,35.0,20.0
19.5,False,False,21.029428482055664,21.74176788330078,True,35.0,20.0
20.0,False,False,21.0316219329834,21.768325805664062,True,35.0,20.0
20.5,False,False,21.033889770507812,21.794822692871094,True,35.0,20.0
21.0,False,True,21.036231994628906,21.821256637573242,True,35.0,20.0
21.5,False,False,21.038644790649414,21.84762954711914,True,35.0,20.0
22.0,False,False,21.0411319732666,21.873943328857422,True,35.0,20.0
22.5,False,False,21.043689727783203,21.90019416809082,True,35.0,20.0
23.0,False,False,21.04631805419922,21.926387786865234,True,35.0,20.0
23.5,False,False,21.04901885986328,21.952518463134766,True,35.0,20.0
24.0,False,True,21.051788330078125,21.978591918945312,True,35.0,20.0
24.5,False,False,21.054630279541016,22.004606246948242,True,35.0,20.0
25.0,False,False,21.057538986206055,22.030559539794922,True,35.0,20.0
25.5,False,False,21.060518264770508,22.05645751953125,True,35.0,20.0
26.0,False,False,21.06356430053711,22.082294464111328,True,35.0,20.0
26.5,False,False,21.066679000854492,22.108074188232422,True,35.0,20.0
27.0,False,True,21.069860458374023,22.13379669189453,True,35.0,20.0
27.5,False,False,21.073110580444336,22.15946388244629,True,35.0,20.0
28.0,False,False,21.076425552368164,22.18507194519043,True,35.0,20.0
28.5,False,False,21.07980728149414,22.210622787475586,True,35.0,20.0
29.0,False,False,21.083255767822266,22.23611831665039,True,35.0,20.0
29.5,False,False,21.086767196655273,22.261558532714844,True,35.0,20.0
30.0,False,True,21.09034538269043,22.286943435668945,True,35.0,20.0
30.5,False,False,21.09398651123047,22.312271118164062,True,35.0,20.0
31.0,False,False,21.097692489624023,22.33754539489746,True,35.0,20.0
31.5,False,False,21.10146141052246,22.362764358520508,True,35.0,20.0
32.0,False,False,21.10529327392578,22.387928009033203,True,35.0,20.0
32.5,False,False,21.109188079833984,22.41303825378418,True,35.0,20.0
33.0,False,True,21.113143920898438,22.438095092773438,True,35.0,20.0
33.5,False,False,21.117162704467773,22.463096618652344,True,35.0,20.0
34.0,False,False,21.121240615844727,22.488046646118164,True,35.0,20.0
34.5,False,False,21.125381469726562,22.512943267822266,True,35.0,20.0
35.0,False,False,21.129581451416016,22.53778648376465,True,35.0,20.0
35.5,False,False,21.13384246826172,22.562578201293945,True,35.0,20.0
36.0,False,True,21.13816261291504,22.587318420410156,True,35.0,20.0
36.5,False,False,21.142541885375977,22.61200523376465,True,35.0,20.0
37.0,False,False,21.14698028564453,22.636640548706055,True,35.0,20.0
37.5,False,False,21.15147590637207,22.661226272583008,True,35.0,20.0
38.0,False,False,21.156030654907227,22.685758590698242,True,35.0,20.0
38.5,False,False,21.160642623901367,22.710241317749023,True,35.0,20.0
39.0,False,True,21.165311813354492,22.73467445373535,True,35.0,20.0
39.5,False,False,21.17003631591797,22.759056091308594,True,35.0,20.0
40.0,False,False,21.17481803894043,22.783390045166016,True,35.0,20.0
40.5,False,False,21.179656982421875,22.80767250061035,True,35.0,20.0
41.0,False,False,21.18454933166504,22.831905364990234,True,35.0,20.0
41.5,False,False,21.189498901367188,22.856088638305664,True,35.0,20.0
42.0,False,True,21.194501876831055,22.880224227905273,True,35.0,20.0
42.5,False,False,21.199560165405273,22.904312133789062,True,35.0,20.0
43.0,False,False,21.20467185974121,22.9283504486084,True,35.0,20.0
43.5,False,False,21.209836959838867,22.952341079711914,True,35.0,20.0
44.0,False,False,21.215055465698242,22.97628402709961,True,35.0,20.0
44.5,False,False,21.220327377319336,23.000179290771484,True,35.0,20.0
45.0,False,True,21.225650787353516,23.02402687072754,True,35.0,20.0
45.5,False,False,21.231027603149414,23.047826766967773,True,35.0,20.0
46.0,False,False,21.236454010009766,23.07158088684082,True,35.0,20.0
46.5,False,False,21.241933822631836,23.09528923034668,True,35.0,20.0
47.0,False,False,21.247465133666992,23.11894989013672,True,35.0,20.0
47.5,False,False,21.2530460357666,23.14256477355957,True,35.0,20.0
48.0,False,True,21.258676528930664,23.166135787963867,True,35.0,20.0
48.5,False,False,21.264358520507812,23.189659118652344,True,35.0,20.0
49.0,False,False,21.270090103149414,23.213136672973633,True,35.0,20.0
49.5,True,False,21.275869369506836,23.236570358276367,True,35.0,20.01003074645996
50.0,False,False,21.28169822692871,23.259960174560547,True,35.0,20.01003074645996
50.5,False,False,21.28757667541504,23.28330421447754,True,35.0,20.01003074645996
51.0,False,True,21.293502807617188,23.306604385375977,True,35.0,20.01003074645996
51.5,False,False,21.299476623535156,23.329858779907227,True,35.0,20.01003074645996
52.0,False,False,21.305498123168945,23.353071212768555,True,35.0,20.01003074645996
52.5,False,False,21.311567306518555,23.376239776611328,True,35.0,20.01003074645996
53.0,False,False,21.31768226623535,23.399364471435547,True,35.0,20.01003074645996
53.5,False,False,21.32384490966797,23.42244529724121,True,35.0,20.01003074645996
54.0,False,True,21.330053329467773,23.445484161376953,True,35.0,20.01003074645996
54.5,False,False,21.336307525634766,23.468481063842773,True,35.0,20.01003074645996
55.0,False,False,21.342607498168945,23.49143409729004,True,35.0,20.01003074645996
55.5,False,False,21.348953247070312,23.514345169067383,True,35.0,20.01003074645996
56.0,False,False,21.355342864990234,23.537214279174805,True,35.0,20.01003074645996
56.5,False,False,21.361778259277344,23.560041427612305,True,35.0,20.01003074645996
57.0,False,True,21.368255615234375,23.582826614379883,True,35.0,20.01003074645996
57.5,False,False,21.374778747558594,23.605571746826172,True,35.0,20.01003074645996
58.0,False,False,21.381345748901367,23.62827491760254,True,35.0,20.01003074645996
58.5,False,False,21.387954711914062,23.650936126708984,True,35.0,20.01003074645996
59.0,False,False,21.394609451293945,23.67355728149414,True,35.0,20.01003074645996
59.5,False,False,21.401304244995117,23.696138381958008,True,35.0,20.01003074645996
60.0,False,True,21.408042907714844,23.718679428100586,True,35.0,20.01003074645996
60.5,False,False,21.41482162475586,23.741178512573242,True,35.0,20.01003074645996
61.0,False,False,21.42164421081543,23.763639450073242,True,35.0,20.01003074645996
61.5,False,False,21.428508758544922,23.786060333251953,True,35.0,20.01003074645996
62.0,False,False,21.435413360595703,23.808441162109375,True,35.0,20.01003074645996
62.5,False,False,21.442358016967773,23.83078384399414,True,35.0,20.01003074645996
63.0,False,True,21.449344635009766,23.853086471557617,True,35.0,20.01003074645996
63.5,False,False,21.456371307373047,23.875350952148438,True,35.0,20.01003074645996
64.0,False,False,21.463438034057617,23.89757537841797,True,35.0,20.01003074645996
64.5,False,False,21.470544815063477,23.919761657714844,True,35.0,20.01003074645996
65.0,False,False,21.477689743041992,23.941911697387695,True,35.0,20.01003074645996
65.5,False,False,21.484874725341797,23.964021682739258,True,35.0,20.01003074645996
66.0,False,True,21.49209976196289,23.986093521118164,True,35.0,20.01003074645996
66.5,False,False,21.499361038208008,24.008129119873047,True,35.0,20.01003074645996
67.0,False,False,21.506662368774414,24.030126571655273,True,35.0,20.01003074645996
67.5,False,False,21.514001846313477,24.052085876464844,True,35.0,20.01003074645996
68.0,False,False,21.521377563476562,24.07400894165039,True,35.0,20.01003074645996
68.5,False,False,21.528791427612305,24.095895767211914,True,35.0,20.01003074645996
69.0,False,True,21.536243438720703,24.11774444580078,True,35.0,20.01003074645996
69.5,False,False,21.543731689453125,24.139556884765625,True,35.0,20.01003074645996
70.0,False,False,21.55125617980957,24.161333084106445,True,35.0,20.01003074645996
70.5,False,False,21.558818817138672,24.183073043823242,True,35.0,20.01003074645996
71.0,False,False,21.566415786743164,24.204776763916016,True,35.0,20.01003074645996
71.5,False,False,21.57404899597168,24.2264461517334,True,35.0,20.01003074645996
72.0,False,True,21.58171844482422,24.248077392578125,True,35.0,20.01003074645996
72.5,False,False,21.58942222595215,24.269676208496094,True,35.0,20.01003074645996
73.0,False,False,21.5971622467041,24.291236877441406,True,35.0,20.01003074645996
73.5,False,False,21.604936599731445,24.31276512145996,True,35.0,20.01003074645996
74.0,False,False,21.612747192382812,24.334257125854492,True,35.0,20.01003074645996
74.5,False,False,21.620590209960938,24.355712890625,True,35.0,20.01003074645996
75.0,False,True,21.628467559814453,24.37713623046875,True,35.0,20.01003074645996
75.5,False,False,21.63637924194336,24.39852523803711,True,35.0,20.01003074645996
76.0,False,False,21.644323348999023,24.419878005981445,True,35.0,20.01003074645996
76.5,False,False,21.652301788330078,24.441198348999023,True,35.0,20.01003074645996
77.0,False,False,21.66031265258789,24.46248435974121,True,35.0,20.01003074645996
77.5,False,False,21.66835594177246,24.48373794555664,True,35.0,20.01003074645996
78.0,False,True,21.676433563232422,24.504955291748047,True,35.0,20.01003074645996
78.5,False,False,21.68454360961914,24.526142120361328,True,35.0,20.01003074645996
79.0,False,False,21.692684173583984,24.54729461669922,True,35.0,20.01003074645996
79.5,False,False,21.700857162475586,24.56841278076172,True,35.0,20.01003074645996
80.0,False,False,21.709062576293945,24.589500427246094,True,35.0,20.01003074645996
80.5,False,False,21.71729850769043,24.610553741455078,True,35.0,20.01003074645996
81.0,False,True,21.72556495666504,24.631574630737305,True,35.0,20.01003074645996
81.5,False,False,21.733863830566406,24.652563095092773,True,35.0,20.01003074645996
82.0,False,False,21.7421932220459,24.673519134521484,True,35.0,20.01003074645996
82.5,False,False,21.750551223754883,24.69444465637207,True,35.0,20.01003074645996
83.0,False,False,21.758941650390625,24.7153377532959,True,35.0,20.01003074645996
83.5,False,False,21.76736068725586,24.73619842529297,True,35.0,20.01003074645996
84.0,False,True,21.77581024169922,24.75702667236328,True,35.0,20.01003074645996
84.5,False,False,21.784290313720703,24.77782440185547,True,35.0,20.01003074645996
85.0,False,False,21.79279899597168,24.79859161376953,True,35.0,20.01003074645996
85.5,False,False,21.80133628845215,24.81932830810547,True,35.0,20.01003074645996
86.0,False,False,21.80990219116211,24.84003257751465,True,35.0,20.01003074645996
86.5,False,False,21.818496704101562,24.860706329345703,True,35.0,20.01003074645996
87.0,False,True,21.82712173461914,24.881349563598633,True,35.0,20.01003074645996
87.5,False,False,21.835773468017578,24.901960372924805,True,35.0,20.01003074645996
88.0,False,False,21.844453811645508,24.922542572021484,True,35.0,20.01003074645996
88.5,False,False,21.853160858154297,24.943096160888672,True,35.0,20.01003074645996
89.0,False,False,21.861896514892578,24.9636173248291,True,35.0,20.01003074645996
89.5,False,False,21.87065887451172,24.98410987854004,True,35.0,20.01003074645996
90.0,False,True,21.87944984436035,25.00457191467285,True,35.0,20.01003074645996
90.5,False,False,21.88826560974121,25.02500343322754,True,35.0,20.01003074645996
91.0,False,False,21.897109985351562,25.045406341552734,True,35.0,20.01003074645996
91.5,False,False,21.905981063842773,25.065780639648438,True,35.0,20.01003074645996
92.0,False,False,21.91487693786621,25.086124420166016,True,35.0,20.01003074645996
92.5,False,False,21.923799514770508,25.1064395904541,True,35.0,20.01003074645996
93.0,False,True,21.932748794555664,25.126726150512695,True,35.0,20.01003074645996
93.5,False,False,21.94172477722168,25.146984100341797,True,35.0,20.01003074645996
94.0,False,False,21.95072364807129,25.167213439941406,True,35.0,20.01003074645996
94.5,False,False,21.959749221801758,25.187414169311523,True,35.0,20.01003074645996
95.0,False,False,21.968801498413086,25.20758628845215,True,35.0,20.01003074645996
95.5,False,False,21.977876663208008,25.22772979736328,True,35.0,20.01003074645996
96.0,False,True,21.986976623535156,25.247846603393555,True,35.0,20.01003074645996
96.5,False,False,21.996103286743164,25.267934799194336,True,35.0,20.01003074645996
97.0,False,False,22.005252838134766,25.287994384765625,True,35.0,20.01003074645996
97.5,False,False,22.01442527770996,25.308027267456055,True,35.0,20.01003074645996
98.0,False,False,22.023624420166016,25.328031539916992,True,35.0,20.01003074645996
98.5,False,False,22.032846450805664,25.34800910949707,True,35.0,20.01003074645996
99.0,False,True,22.042091369628906,25.36795997619629,True,35.0,20.01003074645996
99.5,True,False,22.051361083984375,25.387882232666016,True,35.0,20.00861930847168
100.0,False,False,22.060651779174805,25.407777786254883,True,35.0,20.00861930847168
100.5,False,False,22.06996726989746,25.42764663696289,True,35.0,20.00861930847168
101.0,False,False,22.07930564880371,25.44748878479004,True,35.0,20.00861930847168
101.5,False,False,22.088666915893555,25.467304229736328,True,35.0,20.00861930847168
102.0,False,True,22.098051071166992,25.487092971801758,True,35.0,20.00861930847168
102.5,False,False,22.10745620727539,25.506855010986328,True,35.0,20.00861930847168
103.0,False,False,22.116886138916016,25.526592254638672,True,35.0,20.00861930847168
103.5,False,False,22.12633514404297,25.546302795410156,True,35.0,20.00861930847168
104.0,False,False,22.135807037353516,25.56598663330078,True,35.0,20.00861930847168
104.5,False,False,22.145301818847656,25.585643768310547,True,35.0,20.00861930847168
105.0,False,True,22.154817581176758,25.605276107788086,True,35.0,20.00861930847168
105.5,False,False,22.16435432434082,25.6248836517334,True,35.0,20.00861930847168
106.0,False,False,22.173912048339844,25.64446449279785,True,35.0,20.00861930847168
106.5,False,False,22.183490753173828,25.664018630981445,True,35.0,20.00861930847168
107.0,False,False,22.193090438842773,25.683549880981445,True,35.0,20.00861930847168
107.5,False,False,22.20271110534668,25.703054428100586,True,35.0,20.00861930847168
108.0,False,True,22.212352752685547,25.7225341796875,True,35.0,20.00861930847168
108.5,False,False,22.222013473510742,25.741989135742188,True,35.0,20.00861930847168
109.0,False,False,22.2316951751709,25.76141929626465,True,35.0,20.00861930847168
109.5,False,False,22.241395950317383,25.780824661254883,True,35.0,20.00861930847168
110.0,False,False,22.251117706298828,25.80020523071289,True,35.0,20.00861930847168
110.5,False,False,22.2608585357666,25.819562911987305,True,35.0,20.00861930847168
111.0,False,True,22.270620346069336,25.83889389038086,True,35.0,20.00861930847168
111.5,False,False,22.280399322509766,25.85820198059082,True,35.0,20.00861930847168
112.0,False,False,22.290199279785156,25.877485275268555,True,35.0,20.00861930847168
112.5,False,False,22.300016403198242,25.896743774414062,True,35.0,20.00861930847168
113.0,False,False,22.30985450744629,25.915979385375977,True,35.0,20.00861930847168
113.5,False,False,22.31970977783203,25.935190200805664,True,35.0,20.00861930847168
114.0,False,True,22.329586029052734,25.954378128051758,True,35.0,20.00861930847168
114.5,False,False,22.3394775390625,25.973541259765625,True,35.0,20.00861930847168
115.0,False,False,22.349390029907227,25.99268341064453,True,35.0,20.00861930847168
115.5,False,False,22.35931968688965,26.011798858642578,True,35.0,20.00861930847168
116.0,False,False,22.369266510009766,26.030893325805664,True,35.0,20.00861930847168
116.5,False,False,22.37923240661621,26.049962997436523,True,35.0,20.00861930847168
117.0,False,True,22.38921546936035,26.069011688232422,True,35.0,20.00861930847168
117.5,False,False,22.399215698242188,26.088035583496094,True,35.0,20.00861930847168
118.0,False,False,22.40923309326172,26.107036590576172,True,35.0,20.00861930847168
118.5,False,False,22.419269561767578,26.126014709472656,True,35.0,20.00861930847168
119.0,False,False,22.4293212890625,26.14497184753418,True,35.0,20.00861930847168
119.5,False,False,22.43939208984375,26.163904190063477,True,35.0,20.00861930847168
120.0,False,True,22.449478149414062,26.182815551757812,True,35.0,20.00861930847168
120.5,False,False,22.45958137512207,26.201704025268555,True,35.0,20.00861930847168
121.0,False,False,22.46969985961914,26.220569610595703,True,35.0,20.00861930847168
121.5,False,False,22.479835510253906,26.23941421508789,True,35.0,20.00861930847168
122.0,False,False,22.489988327026367,26.258235931396484,True,35.0,20.00861930847168
122.5,False,False,22.50015640258789,26.277034759521484,True,35.0,20.00861930847168
123.0,False,True,22.51034164428711,26.295812606811523,True,35.0,20.00861930847168
123.5,False,False,22.52054214477539,26.3145694732666,True,35.0,20.00861930847168
124.0,False,False,22.530757904052734,26.333303451538086,True,35.0,20.00861930847168
124.5,False,False,22.54098892211914,26.35201644897461,True,35.0,20.00861930847168
125.0,False,False,22.551237106323242,26.370708465576172,True,35.0,20.00861930847168
125.5,False,False,22.561498641967773,26.38937759399414,True,35.0,20.00861930847168
126.0,False,True,22.571775436401367,26.40802574157715,True,35.0,20.00861930847168
126.5,False,False,22.582069396972656,26.426652908325195,True,35.0,20.00861930847168
127.0,False,False,22.592376708984375,26.44525909423828,True,35.0,20.00861930847168
127.5,False,False,22.602699279785156,26.463844299316406,True,35.0,20.00861930847168
128.0,False,False,22.613037109375,26.48240852355957,True,35.0,20.00861930847168
128.5,False,False,22.623388290405273,26.500951766967773,True,35.0,20.00861930847168
129.0,False,True,22.63375473022461,26.519474029541016,True,35.0,20.00861930847168
129.5,False,False,22.644134521484375,26.537975311279297,True,35.0,20.00861930847168
130.0,False,False,22.654529571533203,26.556455612182617,True,35.0,20.00861930847168
130.5,False,False,22.66493797302246,26.57491683959961,True,35.0,20.00861930847168
131.0,False,False,22.67536163330078,26.593355178833008,True,35.0,20.00861930847168
131.5,False,False,22.6857967376709,26.61177635192871,True,35.0,20.00861930847168
132.0,False,True,22.696247100830078,26.63017463684082,True,35.0,20.00861930847168
132.5,False,False,22.706710815429688,26.6485538482666,True,35.0,20.00861930847168
133.0,False,False,22.717187881469727,26.666913986206055,True,35.0,20.00861930847168
133.5,False,False,22.727678298950195,26.685253143310547,True,35.0,20.00861930847168
134.0,False,False,22.738182067871094,26.703571319580078,True,35.0,20.00861930847168
134.5,False,False,22.748699188232422,26.72187042236328,True,35.0,20.00861930847168
135.0,False,True,22.75922966003418,26.740150451660156,True,35.0,20.00861930847168
135.5,False,False,22.769771575927734,26.75840950012207,True,35.0,20.00861930847168
136.0,False,False,22.78032684326172,26.77665138244629,True,35.0,20.00861930847168
136.5,False,False,22.790895462036133,26.794870376586914,True,35.0,20.00861930847168
137.0,False,False,22.801475524902344,26.813072204589844,True,35.0,20.00861930847168
137.5,False,False,22.812068939208984,26.831254959106445,True,35.0,20.00861930847168
138.0,False,True,22.822673797607422,26.849416732788086,True,35.0,20.00861930847168
138.5,False,False,22.83329200744629,26.86756134033203,True,35.0,20.00861930847168
139.0,False,False,22.843921661376953,26.885684967041016,True,35.0,20.00861930847168
139.5,False,False,22.854562759399414,26.903791427612305,True,35.0,20.00861930847168
140.0,False,False,22.865217208862305,26.921876907348633,True,35.0,20.00861930847168
140.5,False,False,22.87588119506836,26.939945220947266,True,35.0,20.00861930847168
141.0,False,True,22.886558532714844,26.957992553710938,True,35.0,20.00861930847168
141.5,False,False,22.897247314453125,26.976022720336914,True,35.0,20.00861930847168
142.0,False,False,22.90794563293457,26.994035720825195,True,35.0,20.00861930847168
142.5,False,False,22.918657302856445,27.012027740478516,True,35.0,20.00861930847168
143.0,False,False,22.929380416870117,27.03000259399414,True,35.0,20.00861930847168
143.5,False,False,22.940113067626953,27.047958374023438,True,35.0,20.00861930847168
144.0,False,True,22.950857162475586,27.065895080566406,True,35.0,20.00861930847168
144.5,False,False,22.961612701416016,27.08381462097168,True,35.0,20.00861930847168
145.0,False,False,22.97237777709961,27.101716995239258,True,35.0,20.00861930847168
145.5,False,False,22.983154296875,27.119598388671875,True,35.0,20.00861930847168
146.0,False,False,22.993942260742188,27.13746452331543,True,35.0,20.00861930847168
146.5,False,False,23.00473976135254,27.155311584472656,True,35.0,20.00861930847168
147.0,False,True,23.015548706054688,27.173141479492188,True,35.0,20.00861930847168
147.5,False,False,23.0263671875,27.19095230102539,True,35.0,20.00861930847168
148.0,False,False,23.037195205688477,27.2087459564209,True,35.0,20.00861930847168
148.5,False,False,23.04803466796875,27.226520538330078,True,35.0,20.00861930847168
149.0,False,False,23.058881759643555,27.244279861450195,True,35.0,20.00861930847168
149.5,True,False,23.06974220275879,27.262020111083984,True,35.0,20.052804946899414
150.0,False,True,23.080610275268555,27.279743194580078,True,35.0,20.052804946899414
150.5,False,False,23.091487884521484,27.297449111938477,True,35.0,20.052804946899414
151.0,False,False,23.102375030517578,27.31513786315918,True,35.0,20.052804946899414
151.5,False,False,23.113271713256836,27.332809448242188,True,35.0,20.052804946899414
152.0,False,False,23.12417984008789,27.3504638671875,True,35.0,20.052804946899414
152.5,False,False,23.135095596313477,27.368101119995117,True,35.0,20.052804946899414
153.0,False,True,23.146020889282227,27.385719299316406,True,35.0,20.052804946899414
153.5,False,False,23.156953811645508,27.403322219848633,True,35.0,20.052804946899414
154.0,False,False,23.167898178100586,27.420909881591797,True,35.0,20.052804946899414
154.5,False,False,23.178850173950195,27.438478469848633,True,35.0,20.052804946899414
155.0,False,False,23.18981170654297,27.456029891967773,True,35.0,20.052804946899414
155.5,False,False,23.200780868530273,27.47356605529785,True,35.0,20.052804946899414
156.0,False,True,23.211759567260742,27.491085052490234,True,35.0,20.052804946899414
156.5,False,False,23.222747802734375,27.508586883544922,True,35.0,20.052804946899414
157.0,False,False,23.23374366760254,27.526073455810547,True,35.0,20.052804946899414
157.5,False,False,23.244747161865234,27.543542861938477,True,35.0,20.052804946899414
158.0,False,False,23.255760192871094,27.56099510192871,True,35.0,20.052804946899414
158.5,False,False,23.266780853271484,27.578432083129883,True,35.0,20.052804946899414
159.0,False,True,23.277809143066406,27.59585189819336,True,35.0,20.052804946899414
159.5,False,False,23.288846969604492,27.613256454467773,True,35.0,20.052804946899414
160.0,False,False,23.29989242553711,27.630643844604492,True,35.0,20.052804946899414
160.5,False,False,23.310945510864258,27.64801597595215,True,35.0,20.052804946899414
161.0,False,False,23.322006225585938,27.66537094116211,True,35.0,20.052804946899414
161.5,False,False,23.33307456970215,27.682710647583008,True,35.0,20.052804946899414
162.0,False,True,23.34415054321289,27.700035095214844,True,35.0,20.052804946899414
162.5,False,False,23.355234146118164,27.717342376708984,True,35.0,20.052804946899414
163.0,False,False,23.36632537841797,27.734634399414062,True,35.0,20.052804946899414
163.5,False,False,23.377424240112305,27.751911163330078,True,35.0,20.052804946899414
164.0,False,False,23.388530731201172,27.7691707611084,True,35.0,20.052804946899414
164.5,False,False,23.399642944335938,27.78641700744629,True,35.0,20.052804946899414
165.0,False,True,23.410764694213867,27.803646087646484,True,35.0,20.052804946899414
165.5,False,False,23.421892166137695,27.820859909057617,True,35.0,20.052804946899414
166.0,False,False,23.433025360107422,27.838058471679688,True,35.0,20.052804946899414
166.5,False,False,23.444168090820312,27.855241775512695,True,35.0,20.052804946899414
167.0,False,False,23.4553165435791,27.87240982055664,True,35.0,20.052804946899414
167.5,False,False,23.46647071838379,27.889562606811523,True,35.0,20.052804946899414
168.0,False,True,23.477632522583008,27.906700134277344,True,35.0,20.052804946899414
168.5,False,False,23.488801956176758,27.92382049560547,True,35.0,20.052804946899414
169.0,False,False,23.499977111816406,27.940927505493164,True,35.0,20.052804946899414
169.5,False,False,23.511157989501953,27.95802116394043,True,35.0,20.052804946899414
170.0,False,False,23.52234649658203,27.97509765625,True,35.0,20.052804946899414
170.5,False,False,23.533540725708008,27.992158889770508,True,35.0,20.052804946899414
171.0,False,True,23.544740676879883,28.009206771850586,True,35.0,20.052804946899414
171.5,False,False,23.55594825744629,28.0262393951416,True,35.0,20.052804946899414
172.0,False,False,23.567161560058594,28.043256759643555,True,35.0,20.052804946899414
172.5,False,False,23.578380584716797,28.060258865356445,True,35.0,20.052804946899414
173.0,False,False,23.5896053314209,28.077247619628906,True,35.0,20.052804946899414
173.5,False,False,23.6008358001709,28.094221115112305,True,35.0,20.052804946899414
174.0,False,True,23.612071990966797,28.11117935180664,True,35.0,20.052804946899414
174.5,False,False,23.623315811157227,28.128124237060547,True,35.0,20.052804946899414
175.0,False,False,23.634563446044922,28.14505386352539,True,35.0,20.052804946899414
175.5,False,False,23.645816802978516,28.161968231201172,True,35.0,20.052804946899414
176.0,False,False,23.657075881958008,28.178869247436523,True,35.0,20.052804946899414
176.5,False,False,23.6683406829834,28.195756912231445,True,35.0,20.052804946899414
177.0,False,True,23.679611206054688,28.212629318237305,True,35.0,20.052804946899414
177.5,False,False,23.690887451171875,28.2294864654541,True,35.0,20.052804946899414
178.0,False,False,23.702167510986328,28.24633026123047,True,35.0,20.052804946899414
178.5,False,False,23.713455200195312,28.263160705566406,True,35.0,20.052804946899414
179.0,False,False,23.72474479675293,28.27997589111328,True,35.0,20.052804946899414
179.5,False,False,23.736042022705078,28.296777725219727,True,35.0,20.052804946899414
180.0,False,True,23.747343063354492,28.313566207885742,True,35.0,20.052804946899414
180.5,False,False,23.758649826049805,28.330341339111328,True,35.0,20.052804946899414
181.0,False,False,23.769960403442383,28.34710121154785,True,35.0,20.052804946899414
181.5,False,False,23.78127670288086,28.363845825195312,True,35.0,20.052804946899414
182.0,False,False,23.792598724365234,28.380578994750977,True,35.0,20.052804946899414
182.5,False,False,23.803922653198242,28.397296905517578,True,35.0,20.052804946899414
183.0,False,True,23.81525421142578,28.414003372192383,True,35.0,20.052804946899414
183.5,False,False,23.826587677001953,28.430694580078125,True,35.0,20.052804946899414
184.0,False,False,23.837926864624023,28.447372436523438,True,35.0,20.052804946899414
184.5,False,False,23.849271774291992,28.464035034179688,True,35.0,20.052804946899414
185.0,False,False,23.860620498657227,28.48068618774414,True,35.0,20.052804946899414
185.5,False,False,23.871973037719727,28.497323989868164,True,35.0,20.052804946899414
186.0,False,True,23.883329391479492,28.513948440551758,True,35.0,20.052804946899414
186.5,False,False,23.894689559936523,28.53055763244629,True,35.0,20.052804946899414
187.0,False,False,23.906055450439453,28.547155380249023,True,35.0,20.052804946899414
187.5,False,False,23.91742515563965,28.563739776611328,True,35.0,20.052804946899414
188.0,False,False,23.928796768188477,28.58030891418457,True,35.0,20.052804946899414
188.5,False,False,23.940174102783203,28.596866607666016,True,35.0,20.052804946899414
189.0,False,True,23.951555252075195,28.61341094970703,True,35.0,20.052804946899414
189.5,False,False,23.962940216064453,28.629941940307617,True,35.0,20.052804946899414
190.0,False,False,23.974328994750977,28.646459579467773,True,35.0,20.052804946899414
190.5,False,False,23.985721588134766,28.662965774536133,True,35.0,20.052804946899414
191.0,False,False,23.99711799621582,28.67945671081543,True,35.0,20.052804946899414
191.5,False,False,24.00851821899414,28.69593620300293,True,35.0,20.052804946899414
192.0,False,True,24.019922256469727,28.71240234375,True,35.0,20.052804946899414
192.5,False,False,24.031328201293945,28.728857040405273,True,35.0,20.052804946899414
193.0,False,False,24.042739868164062,28.745296478271484,True,35.0,20.052804946899414
193.5,False,False,24.054153442382812,28.7617244720459,True,35.0,20.052804946899414
194.0,False,False,24.065570831298828,28.778139114379883,True,35.0,20.052804946899414
194.5,False,False,24.07699203491211,28.79454231262207,True,35.0,20.052804946899414
195.0,False,True,24.088415145874023,28.810932159423828,True,35.0,20.052804946899414
195.5,False,False,24.099842071533203,28.827308654785156,True,35.0,20.052804946899414
196.0,False,False,24.11127281188965,28.843673706054688,True,35.0,20.052804946899414
196.5,False,False,24.122705459594727,28.86002540588379,True,35.0,20.052804946899414
197.0,False,False,24.13414192199707,28.876365661621094,True,35.0,20.052804946899414
197.5,False,False,24.14558219909668,28.89269256591797,True,35.0,20.052804946899414
198.0,False,True,24.157024383544922,28.909006118774414,True,35.0,20.052804946899414
198.5,False,False,24.168468475341797,28.925308227539062,True,35.0,20.052804946899414
199.0,False,False,24.179916381835938,28.941598892211914,True,35.0,20.052804946899414
199.5,True,False,24.191368103027344,28.957876205444336,True,35.0,20.01204490661621
200.0,False,False,24.202821731567383,28.97414207458496,True,35.0,20.01204490661621
200.5,False,False,24.214277267456055,28.990394592285156,True,35.0,20.01204490661621
201.0,False,True,24.225736618041992,29.006635665893555,True,35.0,20.01204490661621
201.5,False,False,24.237197875976562,29.022865295410156,True,35.0,20.01204490661621
202.0,False,False,24.248661041259766,29.039081573486328,True,35.0,20.01204490661621
202.5,False,False,24.260128021240234,29.055286407470703,True,35.0,20.01204490661621
203.0,False,False,24.271596908569336,29.07147979736328,True,35.0,20.01204490661621
203.5,False,False,24.28306770324707,29.08765983581543,True,35.0,20.01204490661621
204.0,False,True,24.29454231262207,29.10382843017578,True,35.0,20.01204490661621
204.5,False,False,24.30601692199707,29.119985580444336,True,35.0,20.01204490661621
205.0,False,False,24.317495346069336,29.136131286621094,True,35.0,20.01204490661621
205.5,False,False,24.328975677490234,29.152263641357422,True,35.0,20.01204490661621
206.0,False,False,24.3404598236084,29.168384552001953,True,35.0,20.01204490661621
206.5,False,False,24.351943969726562,29.184494018554688,True,35.0,20.01204490661621
207.0,False,True,24.36343002319336,29.200592041015625,True,35.0,20.01204490661621
207.5,False,False,24.374919891357422,29.216678619384766,True,35.0,20.01204490661621
208.0,False,False,24.386409759521484,29.232751846313477,True,35.0,20.01204490661621
208.5,False,False,24.397903442382812,29.248815536499023,True,35.0,20.01204490661621
209.0,False,False,24.40939712524414,29.26486587524414,True,35.0,20.01204490661621
209.5,False,False,24.420894622802734,29.280906677246094,True,35.0,20.01204490661621
210.0,False,True,24.432392120361328,29.296934127807617,True,35.0,20.01204490661621
210.5,False,False,24.443891525268555,29.312950134277344,True,35.0,20.01204490661621
211.0,False,False,24.455392837524414,29.328956604003906,True,35.0,20.01204490661621
211.5,False,False,24.46689796447754,29.34494972229004,True,35.0,20.01204490661621
212.0,False,False,24.478403091430664,29.360931396484375,True,35.0,20.01204490661621
212.5,False,False,24.48990821838379,29.376903533935547,True,35.0,20.01204490661621
213.0,False,True,24.50141716003418,29.39286231994629,True,35.0,20.01204490661621
213.5,False,False,24.51292610168457,29.408809661865234,True,35.0,20.01204490661621
214.0,False,False,24.524436950683594,29.424747467041016,True,35.0,20.01204490661621
214.5,False,False,24.53594970703125,29.440673828125,True,35.0,20.01204490661621
215.0,False,False,24.54746437072754,29.456586837768555,True,35.0,20.01204490661621
215.5,False,False,24.558979034423828,29.472490310668945,True,35.0,20.01204490661621
216.0,False,True,24.57049560546875,29.48838233947754,True,35.0,20.01204490661621
216.5,False,False,24.582014083862305,29.50426483154297,True,35.0,20.01204490661621
217.0,False,False,24.59353256225586,29.52013397216797,True,35.0,20.01204490661621
217.5,False,False,24.605052947998047,29.535993576049805,True,35.0,20.01204490661621
218.0,False,False,24.616575241088867,29.551841735839844,True,35.0,20.01204490661621
218.5,False,False,24.628097534179688,29.567678451538086,True,35.0,20.01204490661621
219.0,False,True,24.639619827270508,29.58350372314453,True,35.0,20.01204490661621
219.5,False,False,24.65114402770996,29.599319458007812,True,35.0,20.01204490661621
220.0,False,False,24.662670135498047,29.615123748779297,True,35.0,20.01204490661621
220.5,False,False,24.674196243286133,29.630916595458984,True,35.0,20.01204490661621
221.0,False,False,24.68572425842285,29.646699905395508,True,35.0,20.01204490661621
221.5,False,False,24.69725227355957,29.662471771240234,True,35.0,20.01204490661621
222.0,False,True,24.708782196044922,29.678232192993164,True,35.0,20.01204490661621
222.5,False,False,24.720312118530273,29.69398307800293,True,35.0,20.01204490661621
223.0,False,False,24.731842041015625,29.7097225189209,True,35.0,20.01204490661621
223.5,False,False,24.74337387084961,29.72545051574707,True,35.0,20.01204490661621
224.0,False,False,24.754905700683594,29.741168975830078,True,35.0,20.01204490661621
224.5,False,False,24.766437530517578,29.75687599182129,True,35.0,20.01204490661621
225.0,False,True,24.777971267700195,29.772573471069336,True,35.0,20.01204490661621
225.5,False,False,24.789505004882812,29.788259506225586,True,35.0,20.01204490661621
226.0,False,False,24.80103874206543,29.803936004638672,True,35.0,20.01204490661621
226.5,False,False,24.81257438659668,29.81960105895996,True,35.0,20.01204490661621
227.0,False,False,24.82411003112793,29.835256576538086,True,35.0,20.01204490661621
227.5,False,False,24.83564567565918,29.850900650024414,True,35.0,20.01204490661621
228.0,False,True,24.84718132019043,29.866533279418945,True,35.0,20.01204490661621
228.5,False,False,24.858718872070312,29.882158279418945,True,35.0,20.01204490661621
229.0,False,False,24.870254516601562,29.897769927978516,True,35.0,20.01204490661621
229.5,False,False,24.881792068481445,29.913373947143555,True,35.0,20.01204490661621
230.0,False,False,24.893329620361328,29.928966522216797,True,35.0,20.01204490661621
230.5,False,False,24.90486717224121,29.944547653198242,True,35.0,20.01204490661621
231.0,False,True,24.916404724121094,29.960119247436523,True,35.0,20.01204490661621
231.5,False,False,24.92794418334961,29.97568130493164,True,35.0,20.01204490661621
232.0,False,False,24.939481735229492,29.991233825683594,True,35.0,20.01204490661621
232.5,False,False,24.951019287109375,30.00677490234375,True,35.0,20.01204490661621
233.0,False,False,24.96255874633789,30.02230453491211,True,35.0,20.01204490661621
233.5,False,False,24.974096298217773,30.037826538085938,True,35.0,20.01204490661621
234.0,False,True,24.98563575744629,30.05333709716797,True,35.0,20.01204490661621
234.5,False,False,24.997173309326172,30.068838119506836,True,35.0,20.01204490661621
235.0,False,False,25.008712768554688,30.08432960510254,True,35.0,20.01204490661621
235.5,False,False,25.02025032043457,30.099809646606445,True,35.0,20.01204490661621
236.0,False,False,25.031787872314453,30.115280151367188,True,35.0,20.01204490661621
236.5,False,False,25.043325424194336,30.130741119384766,True,35.0,20.01204490661621
237.0,False,True,25.05486488342285,30.146190643310547,True,35.0,20.01204490661621
237.5,False,False,25.066402435302734,30.161632537841797,True,35.0,20.01204490661621
238.0,False,False,25.077938079833984,30.17706298828125,True,35.0,20.01204490661621
238.5,False,False,25.089475631713867,30.19248390197754,True,35.0,20.01204490661621
239.0,False,False,25.10101318359375,30.207895278930664,True,35.0,20.01204490661621
239.5,False,False,25.112548828125,30.223297119140625,True,35.0,20.01204490661621
240.0,False,True,25.12408447265625,30.23868751525879,True,35.0,20.01204490661621
240.5,False,False,25.1356201171875,30.254070281982422,True,35.0,20.01204490661621
241.0,False,False,25.14715576171875,30.269441604614258,True,35.0,20.01204490661621
241.5,False,False,25.15869140625,30.28480339050293,True,35.0,20.01204490661621
242.0,False,False,25.170225143432617,30.300155639648438,True,35.0,20.01204490661621
242.5,False,False,25.181758880615234,30.31549835205078,True,35.0,20.01204490661621
243.0,False,True,25.19329261779785,30.33083152770996,True,35.0,20.01204490661621
243.5,False,False,25.204824447631836,30.346155166625977,True,35.0,20.01204490661621
244.0,False,False,25.216358184814453,30.361469268798828,True,35.0,20.01204490661621
244.5,False,False,25.227888107299805,30.376773834228516,True,35.0,20.01204490661621
245.0,False,False,25.23941993713379,30.39206886291504,True,35.0,20.01204490661621
245.5,False,False,25.25094985961914,30.4073543548584,True,35.0,20.01204490661621
246.0,False,True,25.262479782104492,30.42262840270996,True,35.0,20.01204490661621
246.5,False,False,25.27400779724121,30.437894821166992,True,35.0,20.01204490661621
247.0,False,False,25.28553581237793,30.45315170288086,True,35.0,20.01204490661621
247.5,False,False,25.29706382751465,30.468399047851562,True,35.0,20.01204490661621
248.0,False,False,25.308589935302734,30.4836368560791,True,35.0,20.01204490661621
248.5,False,False,25.32011604309082,30.498865127563477,True,35.0,20.01204490661621
249.0,False,True,25.331640243530273,30.514083862304688,True,35.0,20.01204490661621
249.5,True,False,25.343164443969727,30.529293060302734,True,35.0,20.04984474182129
250.0,False,False,25.354686737060547,30.544492721557617,True,35.0,20.04984474182129
250.5,False,False,25.366209030151367,30.55968475341797,True,35.0,20.04984474182129
251.0,False,False,25.377731323242188,30.574865341186523,True,35.0,20.04984474182129
251.5,False,False,25.389251708984375,30.590038299560547,True,35.0,20.04984474182129
252.0,False,True,25.40077018737793,30.605199813842773,True,35.0,20.04984474182129
252.5,False,False,25.412288665771484,30.62035369873047,True,35.0,20.04984474182129
253.0,False,False,25.423805236816406,30.635498046875,True,35.0,20.04984474182129
253.5,False,False,25.435321807861328,30.650634765625,True,35.0,20.04984474182129
254.0,False,False,25.446836471557617,30.665760040283203,True,35.0,20.04984474182129
254.5,False,False,25.458349227905273,30.680875778198242,True,35.0,20.04984474182129
255.0,False,True,25.46986198425293,30.69598388671875,True,35.0,20.04984474182129
255.5,False,False,25.481372833251953,30.711082458496094,True,35.0,20.04984474182129
256.0,False,False,25.492883682250977,30.726173400878906,True,35.0,20.04984474182129
256.5,False,False,25.504392623901367,30.741252899169922,True,35.0,20.04984474182129
257.0,False,False,25.515899658203125,30.756324768066406,True,35.0,20.04984474182129
257.5,False,False,25.527406692504883,30.771387100219727,True,35.0,20.04984474182129
258.0,False,True,25.538911819458008,30.786439895629883,True,35.0,20.04984474182129
258.5,False,False,25.5504150390625,30.801483154296875,True,35.0,20.04984474182129
259.0,False,False,25.561918258666992,30.816518783569336,True,35.0,20.04984474182129
259.5,False,False,25.57341957092285,30.831544876098633,True,35.0,20.04984474182129
260.0,False,False,25.584918975830078,30.8465633392334,True,35.0,20.04984474182129
260.5,False,False,25.596418380737305,30.861570358276367,True,35.0,20.04984474182129
261.0,False,True,25.607913970947266,30.876569747924805,True,35.0,20.04984474182129
261.5,False,False,25.619409561157227,30.89156150817871,True,35.0,20.04984474182129
262.0,False,False,25.630903244018555,30.906543731689453,True,35.0,20.04984474182129
262.5,False,False,25.642396926879883,30.92151641845703,True,35.0,20.04984474182129
263.0,False,False,25.653886795043945,30.936479568481445,True,35.0,20.04984474182129
263.5,False,False,25.665376663208008,30.951435089111328,True,35.0,20.04984474182129
264.0,False,True,25.676864624023438,30.966381072998047,True,35.0,20.04984474182129
264.5,False,False,25.688350677490234,30.981319427490234,True,35.0,20.04984474182129
265.0,False,False,25.69983673095703,30.996248245239258,True,35.0,20.04984474182129
265.5,False,False,25.711318969726562,31.011167526245117,True,35.0,20.04984474182129
266.0,False,False,25.722801208496094,31.026079177856445,True,35.0,20.04984474182129
266.5,False,False,25.73427963256836,31.04098129272461,True,35.0,20.04984474182129
267.0,False,True,25.745758056640625,31.055875778198242,True,35.0,20.04984474182129
267.5,False,False,25.757234573364258,31.07076072692871,True,35.0,20.04984474182129
268.0,False,False,25.768709182739258,31.08563804626465,True,35.0,20.04984474182129
268.5,False,False,25.780181884765625,31.100505828857422,True,35.0,20.04984474182129
269.0,False,False,25.79165267944336,31.115365982055664,True,35.0,20.04984474182129
269.5,False,False,25.803123474121094,31.130216598510742,True,35.0,20.04984474182129
270.0,False,True,25.814590454101562,31.14505958557129,True,35.0,20.04984474182129
270.5,False,False,25.8260555267334,31.159893035888672,True,35.0,20.04984474182129
271.0,False,False,25.837520599365234,31.17471694946289,True,35.0,20.04984474182129
271.5,False,False,25.848981857299805,31.189533233642578,True,35.0,20.04984474182129
272.0,False,False,25.860443115234375,31.204341888427734,True,35.0,20.04984474182129
272.5,False,False,25.87190055847168,31.219141006469727,True,35.0,20.04984474182129
273.0,False,True,25.883358001708984,31.233932495117188,True,35.0,20.04984474182129
273.5,False,False,25.894811630249023,31.248716354370117,True,35.0,20.04984474182129
274.0,False,False,25.906265258789062,31.26348876953125,True,35.0,20.04984474182129
274.5,False,False,25.917715072631836,31.278255462646484,True,35.0,20.04984474182129
275.0,False,False,25.929162979125977,31.293012619018555,True,35.0,20.04984474182129
275.5,False,False,25.940610885620117,31.307762145996094,True,35.0,20.04984474182129
276.0,False,True,25.952054977416992,31.32250213623047,True,35.0,20.04984474182129
276.5,False,False,25.963497161865234,31.337234497070312,True,35.0,20.04984474182129
277.0,False,False,25.974937438964844,31.351957321166992,True,35.0,20.04984474182129
277.5,False,False,25.98637580871582,31.366674423217773,True,35.0,20.04984474182129
278.0,False,False,25.997812271118164,31.381380081176758,True,35.0,20.04984474182129
278.5,False,False,26.009246826171875,31.396080017089844,True,35.0,20.04984474182129
279.0,False,True,26.020679473876953,31.410770416259766,True,35.0,20.04984474182129
279.5,False,False,26.032108306884766,31.425453186035156,True,35.0,20.04984474182129
280.0,False,False,26.043537139892578,31.440126419067383,True,35.0,20.04984474182129
280.5,False,False,26.054962158203125,31.454792022705078,True,35.0,20.04984474182129
281.0,False,False,26.06638526916504,31.469449996948242,True,35.0,20.04984474182129
281.5,False,False,26.07780647277832,31.484098434448242,True,35.0,20.04984474182129
282.0,False,True,26.08922576904297,31.498741149902344,True,35.0,20.04984474182129
282.5,False,False,26.100643157958984,31.51337242126465,True,35.0,20.04984474182129
283.0,False,False,26.112056732177734,31.527997970581055,True,35.0,20.04984474182129
283.5,False,False,26.12346839904785,31.542613983154297,True,35.0,20.04984474182129
284.0,False,False,26.134878158569336,31.55722427368164,True,35.0,20.04984474182129
284.5,False,False,26.146286010742188,31.571823120117188,True,35.0,20.04984474182129
285.0,False,True,26.157691955566406,31.586416244506836,True,35.0,20.04984474182129
285.5,False,False,26.16909408569336,31.60099983215332,True,35.0,20.04984474182129
286.0,False,False,26.180496215820312,31.615575790405273,True,35.0,20.04984474182129
286.5,False,False,26.191892623901367,31.630144119262695,True,35.0,20.04984474182129
287.0,False,False,26.203289031982422,31.644704818725586,True,35.0,20.04984474182129
287.5,False,False,26.214683532714844,31.659255981445312,True,35.0,20.04984474182129
288.0,False,True,26.22607421875,31.67380142211914,True,35.0,20.04984474182129
288.5,False,False,26.237462997436523,31.688337326049805,True,35.0,20.04984474182129
289.0,False,False,26.24884796142578,31.702863693237305,True,35.0,20.04984474182129
289.5,False,False,26.26023292541504,31.717384338378906,True,35.0,20.04984474182129
290.0,False,False,26.27161407470703,31.731897354125977,True,35.0,20.04984474182129
290.5,False,False,26.282991409301758,31.746400833129883,True,35.0,20.04984474182129
291.0,False,True,26.294368743896484,31.760896682739258,True,35.0,20.04984474182129
291.5,False,False,26.305742263793945,31.7753849029541,True,35.0,20.04984474182129
292.0,False,False,26.317113876342773,31.789865493774414,True,35.0,20.04984474182129
292.5,False,False,26.328481674194336,31.804338455200195,True,35.0,20.04984474182129
293.0,False,False,26.339847564697266,31.818801879882812,True,35.0,20.04984474182129
293.5,False,False,26.351211547851562,31.83325958251953,True,35.0,20.04984474182129
294.0,False,True,26.362571716308594,31.847707748413086,True,35.0,20.04984474182129
294.5,False,False,26.373931884765625,31.86214828491211,True,35.0,20.04984474182129
295.0,False,False,26.385286331176758,31.8765811920166,True,35.0,20.04984474182129
295.5,False,False,26.396638870239258,31.891008377075195,True,35.0,20.04984474182129
296.0,False,False,26.407989501953125,31.905424118041992,True,35.0,20.04984474182129
296.5,False,False,26.41933822631836,31.91983413696289,True,35.0,20.04984474182129
297.0,False,True,26.430683135986328,31.934236526489258,True,35.0,20.04984474182129
297.5,False,False,26.442026138305664,31.948631286621094,True,35.0,20.04984474182129
298.0,False,False,26.453365325927734,31.9630184173584,True,35.0,20.04984474182129
298.5,False,False,26.464702606201172,31.97739601135254,True,35.0,20.04984474182129
299.0,False,False,26.476036071777344,31.99176788330078,True,35.0,20.04984474182129
299.5,True,False,26.487367630004883,32.00613021850586,True,35.0,20.044490814208984
300.0,False,True,26.49869728088379,32.020484924316406,True,35.0,20.044490814208984
300.5,False,False,26.51002311706543,32.03483581542969,True,35.0,20.044490814208984
301.0,False,False,26.521347045898438,32.04917526245117,True,35.0,20.044490814208984
301.5,False,False,26.53266716003418,32.063507080078125,True,35.0,20.044490814208984
302.0,False,False,26.54398536682129,32.07783126831055,True,35.0,20.044490814208984
302.5,False,False,26.555299758911133,32.09214782714844,True,35.0,20.044490814208984
303.0,False,True,26.566612243652344,32.10646057128906,True,35.0,20.044490814208984
303.5,False,False,26.57792091369629,32.12076187133789,True,35.0,20.044490814208984
304.0,False,False,26.5892276763916,32.13505554199219,True,35.0,20.044490814208984
304.5,False,False,26.60053253173828,32.14934158325195,True,35.0,20.044490814208984
305.0,False,False,26.611831665039062,32.16362380981445,True,35.0,20.044490814208984
305.5,False,False,26.623130798339844,32.177894592285156,True,35.0,20.044490814208984
306.0,False,True,26.63442611694336,32.19215774536133,True,35.0,20.044490814208984
306.5,False,False,26.64571762084961,32.20641326904297,True,35.0,20.044490814208984
307.0,False,False,26.657007217407227,32.220664978027344,True,35.0,20.044490814208984
307.5,False,False,26.668292999267578,32.23490524291992,True,35.0,20.044490814208984
308.0,False,False,26.679576873779297,32.24913787841797,True,35.0,20.044490814208984
308.5,False,False,26.69085693359375,32.26336669921875,True,35.0,20.044490814208984
309.0,False,True,26.702133178710938,32.277584075927734,True,35.0,20.044490814208984
309.5,False,False,26.713409423828125,32.29179763793945,True,35.0,20.044490814208984
310.0,False,False,26.724679946899414,32.305999755859375,True,35.0,20.044490814208984
310.5,False,False,26.73594856262207,32.32019805908203,True,35.0,20.044490814208984
311.0,False,False,26.74721336364746,32.334388732910156,True,35.0,20.044490814208984
311.5,False,False,26.75847625732422,32.348567962646484,True,35.0,20.044490814208984
312.0,False,True,26.76973533630371,32.36274337768555,True,35.0,20.044490814208984
312.5,False,False,26.78099250793457,32.37691116333008,True,35.0,20.044490814208984
313.0,False,False,26.792245864868164,32.39107131958008,True,35.0,20.044490814208984
313.5,False,False,26.803497314453125,32.40522384643555,True,35.0,20.044490814208984
314.0,False,False,26.814743041992188,32.419368743896484,True,35.0,20.044490814208984
314.5,False,False,26.82598876953125,32.43350601196289,True,35.0,20.044490814208984
315.0,False,True,26.837228775024414,32.447635650634766,True,35.0,20.044490814208984
315.5,False,False,26.848466873168945,32.46175765991211,True,35.0,20.044490814208984
316.0,False,False,26.85970115661621,32.47587585449219,True,35.0,20.044490814208984
316.5,False,False,26.870933532714844,32.48998260498047,True,35.0,20.044490814208984
317.0,False,False,26.88216209411621,32.504085540771484,True,35.0,20.044490814208984
317.5,False,False,26.893388748168945,32.5181770324707,True,35.0,20.044490814208984
318.0,False,True,26.904611587524414,32.532264709472656,True,35.0,20.044490814208984
318.5,False,False,26.915830612182617,32.54634475708008,True,35.0,20.044490814208984
319.0,False,False,26.927045822143555,32.56041717529297,True,35.0,20.044490814208984
319.5,False,False,26.93825912475586,32.57448196411133,True,35.0,20.044490814208984
320.0,False,False,26.9494686126709,32.588539123535156,True,35.0,20.044490814208984
320.5,False,False,26.960676193237305,32.60258865356445,True,35.0,20.044490814208984
321.0,False,True,26.971879959106445,32.61663055419922,True,35.0,20.044490814208984
321.5,False,False,26.98307991027832,32.63066482543945,True,35.0,20.044490814208984
322.0,False,False,26.99427604675293,32.64469528198242,True,35.0,20.044490814208984
322.5,False,False,27.005470275878906,32.65871810913086,True,35.0,20.044490814208984
323.0,False,False,27.016660690307617,32.6727294921875,True,35.0,20.044490814208984
323.5,False,False,27.027847290039062,32.686737060546875,True,35.0,20.044490814208984
324.0,False,True,27.039031982421875,32.70073699951172,True,35.0,20.044490814208984
324.5,False,False,27.050212860107422,32.71472930908203,True,35.0,20.044490814208984
325.0,False,False,27.061389923095703,32.72871780395508,True,35.0,20.044490814208984
325.5,False,False,27.07256507873535,32.74269485473633,True,35.0,20.044490814208984
326.0,False,False,27.083736419677734,32.75666427612305,True,35.0,20.044490814208984
326.5,False,False,27.09490394592285,32.7706298828125,True,35.0,20.044490814208984
327.0,False,True,27.106067657470703,32.78458786010742,True,35.0,20.044490814208984
327.5,False,False,27.117229461669922,32.79853820800781,True,35.0,20.044490814208984
328.0,False,False,27.128387451171875,32.81248092651367,True,35.0,20.044490814208984
328.5,False,False,27.139541625976562,32.826416015625,True,35.0,20.044490814208984
329.0,False,False,27.150691986083984,32.8403434753418,True,35.0,20.044490814208984
329.5,False,False,27.161840438842773,32.85426712036133,True,35.0,20.044490814208984
330.0,False,True,27.172985076904297,32.86818313598633,True,35.0,20.044490814208984
330.5,False,False,27.184125900268555,32.88208770751953,True,35.0,20.044490814208984
331.0,False,False,27.195262908935547,32.89598846435547,True,35.0,20.044490814208984
331.5,False,False,27.206398010253906,32.909881591796875,True,35.0,20.044490814208984
332.0,False,False,27.217527389526367,32.923770904541016,True,35.0,20.044490814208984
332.5,False,False,27.228654861450195,32.93764877319336,True,35.0,20.044490814208984
333.0,False,True,27.23978042602539,32.95152282714844,True,35.0,20.044490814208984
333.5,False,False,27.250900268554688,32.965389251708984,True,35.0,20.044490814208984
334.0,False,False,27.26201820373535,32.979248046875,True,35.0,20.044490814208984
334.5,False,False,27.27313232421875,32.993099212646484,True,35.0,20.044490814208984
335.0,False,False,27.284242630004883,33.00694274902344,True,35.0,20.044490814208984
335.5,False,False,27.29534912109375,33.020782470703125,True,35.0,20.044490814208984
336.0,False,True,27.306453704833984,33.034610748291016,True,35.0,20.044490814208984
336.5,False,False,27.31755256652832,33.04843521118164,True,35.0,20.044490814208984
337.0,False,False,27.328649520874023,33.062252044677734,True,35.0,20.044490814208984
337.5,False,False,27.33974266052246,33.07606506347656,True,35.0,20.044490814208984
338.0,False,False,27.350831985473633,33.089866638183594,True,35.0,20.044490814208984
338.5,False,False,27.361919403076172,33.10366439819336,True,35.0,20.044490814208984
339.0,False,True,27.373001098632812,33.117454528808594,True,35.0,20.044490814208984
339.5,False,False,27.38408088684082,33.1312370300293,True,35.0,20.044490814208984
340.0,False,False,27.395156860351562,33.14501190185547,True,35.0,20.044490814208984
340.5,False,False,27.40622901916504,33.15877914428711,True,35.0,20.044490814208984
341.0,False,False,27.41729736328125,33.172542572021484,True,35.0,20.044490814208984
341.5,False,False,27.428363800048828,33.18629837036133,True,35.0,20.044490814208984
342.0,False,True,27.439424514770508,33.20004653930664,True,35.0,20.044490814208984
342.5,False,False,27.450483322143555,33.21378707885742,True,35.0,20.044490814208984
343.0,False,False,27.461538314819336,33.22752380371094,True,35.0,20.044490814208984
343.5,False,False,27.47258949279785,33.241249084472656,True,35.0,20.044490814208984
344.0,False,False,27.4836368560791,33.25497055053711,True,35.0,20.044490814208984
344.5,False,False,27.494680404663086,33.26868438720703,True,35.0,20.044490814208984
345.0,False,True,27.505722045898438,33.28239440917969,True,35.0,20.044490814208984
345.5,False,False,27.51675796508789,33.29609298706055,True,35.0,20.044490814208984
346.0,False,False,27.52779197692871,33.30978775024414,True,35.0,20.044490814208984
346.5,False,False,27.538822174072266,33.3234748840332,True,35.0,20.044490814208984
347.0,False,False,27.549848556518555,33.337158203125,True,35.0,20.044490814208984
347.5,False,False,27.560871124267578,33.350830078125,True,35.0,20.044490814208984
348.0,False,True,27.571889877319336,33.364498138427734,True,35.0,20.044490814208984
348.5,False,False,27.582904815673828,33.37815856933594,True,35.0,20.044490814208984
349.0,False,False,27.593915939331055,33.39181137084961,True,35.0,20.044490814208984
349.5,True,False,27.60492515563965,33.405460357666016,True,35.0,20.035470962524414
350.0,False,False,27.615928649902344,33.419097900390625,True,35.0,20.035470962524414
350.5,False,False,27.626930236816406,33.43273162841797,True,35.0,20.035470962524414
351.0,False,True,27.637928009033203,33.44635772705078,True,35.0,20.035470962524414
351.5,False,False,27.648921966552734,33.45998001098633,True,35.0,20.035470962524414
352.0,False,False,27.659910202026367,33.473594665527344,True,35.0,20.035470962524414
352.5,False,False,27.670896530151367,33.48720169067383,True,35.0,20.035470962524414
353.0,False,False,27.681880950927734,33.50080108642578,True,35.0,20.035470962524414
353.5,False,False,27.692859649658203,33.5143928527832,True,35.0,20.035470962524414
354.0,False,True,27.703834533691406,33.52798080444336,True,35.0,20.035470962524414
354.5,False,False,27.714805603027344,33.541561126708984,True,35.0,20.035470962524414
355.0,False,False,27.72577476501465,33.55513381958008,True,35.0,20.035470962524414
355.5,False,False,27.736738204956055,33.568702697753906,True,35.0,20.035470962524414
356.0,False,False,27.747699737548828,33.5822639465332,True,35.0,20.035470962524414
356.5,False,False,27.758655548095703,33.59581756591797,True,35.0,20.035470962524414
357.0,False,True,27.769609451293945,33.6093635559082,True,35.0,20.035470962524414
357.5,False,False,27.780559539794922,33.62290573120117,True,35.0,20.035470962524414
358.0,False,False,27.79150390625,33.636436462402344,True,35.0,20.035470962524414
358.5,False,False,27.802446365356445,33.649967193603516,True,35.0,20.035470962524414
359.0,False,False,27.813385009765625,33.66348648071289,True,35.0,20.035470962524414
359.5,False,False,27.82431983947754,33.677001953125,True,35.0,20.035470962524414
360.0,False,True,27.835250854492188,33.69050979614258,True,35.0,20.035470962524414
360.5,False,False,27.84617805480957,33.704010009765625,True,35.0,20.035470962524414
361.0,False,False,27.857101440429688,33.717506408691406,True,35.0,20.035470962524414
361.5,False,False,27.86802101135254,33.730995178222656,True,35.0,20.035470962524414
362.0,False,False,27.878936767578125,33.744476318359375,True,35.0,20.035470962524414
362.5,False,False,27.889850616455078,33.75794982910156,True,35.0,20.035470962524414
363.0,False,True,27.900758743286133,33.771419525146484,True,35.0,20.035470962524414
363.5,False,False,27.911663055419922,33.784881591796875,True,35.0,20.035470962524414
364.0,False,False,27.922563552856445,33.798336029052734,True,35.0,20.035470962524414
364.5,False,False,27.933460235595703,33.81178665161133,True,35.0,20.035470962524414
365.0,False,False,27.944355010986328,33.82522964477539,True,35.0,20.035470962524414
365.5,False,False,27.955244064331055,33.83866500854492,True,35.0,20.035470962524414
366.0,False,True,27.966129302978516,33.85209655761719,True,35.0,20.035470962524414
366.5,False,False,27.977012634277344,33.86552047729492,True,35.0,20.035470962524414
367.0,False,False,27.987890243530273,33.878936767578125,True,35.0,20.035470962524414
367.5,False,False,27.998764038085938,33.8923454284668,True,35.0,20.035470962524414
368.0,False,False,28.00963592529297,33.9057502746582,True,35.0,20.035470962524414
368.5,False,False,28.0205020904541,33.91914749145508,True,35.0,20.035470962524414
369.0,False,True,28.0313663482666,33.93254089355469,True,35.0,20.035470962524414
369.5,False,False,28.042224884033203,33.9459228515625,True,35.0,20.035470962524414
370.0,False,False,28.05307960510254,33.95930099487305,True,35.0,20.035470962524414
370.5,False,False,28.063932418823242,33.97267532348633,True,35.0,20.035470962524414
371.0,False,False,28.074779510498047,33.98603820800781,True,35.0,20.035470962524414
371.5,False,False,28.08562469482422,33.99939727783203,True,35.0,20.035470962524414
372.0,False,True,28.096464157104492,34.012752532958984,True,35.0,20.035470962524414
372.5,False,False,28.1072998046875,34.02609634399414,True,35.0,20.035470962524414
373.0,False,False,28.118133544921875,34.03943634033203,True,35.0,20.035470962524414
373.5,False,False,28.12896156311035,34.052772521972656,True,35.0,20.035470962524414
374.0,False,False,28.139785766601562,34.06610107421875,True,35.0,20.035470962524414
374.5,False,False,28.15060806274414,34.07942199707031,True,35.0,20.035470962524414
375.0,False,True,28.16142463684082,34.092735290527344,True,35.0,20.035470962524414
375.5,False,False,28.172237396240234,34.10604476928711,True,35.0,20.035470962524414
376.0,False,False,28.183046340942383,34.119346618652344,True,35.0,20.035470962524414
376.5,False,False,28.1938533782959,34.13264083862305,True,35.0,20.035470962524414
377.0,False,False,28.204654693603516,34.145931243896484,True,35.0,20.035470962524414
377.5,False,False,28.215452194213867,34.15921401977539,True,35.0,20.035470962524414
378.0,False,True,28.226245880126953,34.172489166259766,True,35.0,20.035470962524414
378.5,False,False,28.237035751342773,34.185760498046875,True,35.0,20.035470962524414
379.0,False,False,28.247821807861328,34.19902420043945,True,35.0,20.035470962524414
379.5,False,False,28.258604049682617,34.2122802734375,True,35.0,20.035470962524414
380.0,False,False,28.26938247680664,34.22553253173828,True,35.0,20.035470962524414
380.5,False,False,28.2801570892334,34.23877716064453,True,35.0,20.035470962524414
381.0,False,True,28.29092788696289,34.252017974853516,True,35.0,20.035470962524414
381.5,False,False,28.301694869995117,34.26525115966797,True,35.0,20.035470962524414
382.0,False,False,28.312456130981445,34.27847671508789,True,35.0,20.035470962524414
382.5,False,False,28.32321548461914,34.29169464111328,True,35.0,20.035470962524414
383.0,False,False,28.33397102355957,34.304908752441406,True,35.0,20.035470962524414
383.5,False,False,28.344722747802734,34.318119049072266,True,35.0,20.035470962524414
384.0,False,True,28.35546875,34.33131790161133,True,35.0,20.035470962524414
384.5,False,False,28.366212844848633,34.344512939453125,True,35.0,20.035470962524414
385.0,False,False,28.376951217651367,34.357704162597656,True,35.0,20.035470962524414
385.5,False,False,28.38768768310547,34.370887756347656,True,35.0,20.035470962524414
386.0,False,False,28.398418426513672,34.384063720703125,True,35.0,20.035470962524414
386.5,False,False,28.40914535522461,34.39723205566406,True,35.0,20.035470962524414
387.0,False,True,28.419870376586914,34.410396575927734,True,35.0,20.035470962524414
387.5,False,False,28.43058967590332,34.423553466796875,True,35.0,20.035470962524414
388.0,False,False,28.44130516052246,34.43670654296875,True,35.0,20.035470962524414
388.5,False,False,28.452016830444336,34.449851989746094,True,35.0,20.035470962524414
389.0,False,False,28.462724685668945,34.46299362182617,True,35.0,20.035470962524414
389.5,False,False,28.47342872619629,34.47612380981445,True,35.0,20.035470962524414
390.0,False,True,28.484128952026367,34.48925018310547,True,35.0,20.035470962524414
390.5,False,False,28.494823455810547,34.50237274169922,True,35.0,20.035470962524414
391.0,False,False,28.505516052246094,34.51548767089844,True,35.0,20.035470962524414
391.5,False,False,28.516204833984375,34.528594970703125,True,35.0,20.035470962524414
392.0,False,False,28.526887893676758,34.54169845581055,True,35.0,20.035470962524414
392.5,False,False,28.537569046020508,34.55479431152344,True,35.0,20.035470962524414
393.0,False,True,28.54824447631836,34.56788635253906,True,35.0,20.035470962524414
393.5,False,False,28.558917999267578,34.580970764160156,True,35.0,20.035470962524414
394.0,False,False,28.5695858001709,34.59404754638672,True,35.0,20.035470962524414
394.5,False,False,28.580249786376953,34.607120513916016,True,35.0,20.035470962524414
395.0,False,False,28.590909957885742,34.62018585205078,True,35.0,20.035470962524414
395.5,False,False,28.601566314697266,34.633243560791016,True,35.0,20.035470962524414
396.0,False,True,28.612218856811523,34.646297454833984,True,35.0,20.035470962524414
396.5,False,False,28.622867584228516,34.65934371948242,True,35.0,20.035470962524414
397.0,False,False,28.633512496948242,34.672386169433594,True,35.0,20.035470962524414
397.5,False,False,28.64415168762207,34.685420989990234,True,35.0,20.035470962524414
398.0,False,False,28.654788970947266,34.69845199584961,True,35.0,20.035470962524414
398.5,False,False,28.665420532226562,34.71147155761719,True,35.0,20.035470962524414
399.0,False,True,28.676050186157227,34.724491119384766,True,35.0,20.035470962524414
399.5,True,False,28.686674118041992,34.73750305175781,True,35.0,20.083724975585938
400.0,False,False,28.697294235229492,34.75050735473633,True,35.0,20.083724975585938
400.5,False,False,28.707910537719727,34.76350402832031,True,35.0,20.083724975585938
401.0,False,False,28.718523025512695,34.77649688720703,True,35.0,20.083724975585938
401.5,False,False,28.7291316986084,34.789485931396484,True,35.0,20.083724975585938
402.0,False,True,28.739736557006836,34.80246353149414,True,35.0,20.083724975585938
402.5,False,False,28.750335693359375,34.8154411315918,True,35.0,20.083724975585938
403.0,False,False,28.76093292236328,34.828407287597656,True,35.0,20.083724975585938
403.5,False,False,28.77152442932129,34.84136962890625,True,35.0,20.083724975585938
404.0,False,False,28.782114028930664,34.85432815551758,True,35.0,20.083724975585938
404.5,False,False,28.79269790649414,34.867279052734375,True,35.0,20.083724975585938
405.0,False,True,28.80327796936035,34.88022232055664,True,35.0,20.083724975585938
405.5,False,False,28.813854217529297,34.89316177368164,True,35.0,20.083724975585938
406.0,False,False,28.824426651000977,34.90609359741211,True,35.0,20.083724975585938
406.5,False,False,28.83499526977539,34.91902160644531,True,35.0,20.083724975585938
407.0,False,False,28.84556007385254,34.931941986083984,True,35.0,20.083724975585938
407.5,False,False,28.85611915588379,34.944854736328125,True,35.0,20.083724975585938
408.0,False,True,28.866676330566406,34.957763671875,True,35.0,20.083724975585938
408.5,False,False,28.877227783203125,34.970664978027344,True,35.0,20.083724975585938
409.0,False,False,28.88777732849121,34.98356246948242,True,35.0,20.083724975585938
409.5,False,False,28.8983211517334,34.99645233154297,True,35.0,20.083724975585938
410.0,False,False,28.90886116027832,35.00933837890625,True,35.0,20.083724975585938
410.5,False,False,28.919397354125977,35.022216796875,True,35.0,20.083724975585938
411.0,False,True,28.929927825927734,35.035091400146484,True,35.0,20.083724975585938
411.5,False,False,28.94045639038086,35.04795837402344,True,35.0,20.083724975585938
412.0,False,False,28.95098114013672,35.06081771850586,True,35.0,20.083724975585938
412.5,False,False,28.96150016784668,35.073673248291016,True,35.0,20.083724975585938
413.0,False,False,28.972017288208008,35.08652114868164,True,35.0,20.083724975585938
413.5,False,False,28.982528686523438,35.099365234375,True,35.0,20.083724975585938
414.0,False,True,28.9930362701416,35.11220169067383,True,35.0,20.083724975585938
414.5,False,False,29.0035400390625,35.12503433227539,True,35.0,20.083724975585938
415.0,False,False,29.014039993286133,35.13785934448242,True,35.0,20.083724975585938
415.5,False,False,29.024534225463867,35.15068054199219,True,35.0,20.083724975585938
416.0,False,False,29.03502655029297,35.16349411010742,True,35.0,20.083724975585938
416.5,False,False,29.045513153076172,35.176300048828125,True,35.0,20.083724975585938
417.0,False,True,29.055997848510742,35.18910217285156,True,35.0,20.083724975585938
417.5,False,False,29.066476821899414,35.20189666748047,True,35.0,20.083724975585938
418.0,False,False,29.07695198059082,35.21468734741211,True,35.0,20.083724975585938
418.5,False,False,29.08742332458496,35.22747039794922,True,35.0,20.083724975585938
419.0,False,False,29.097890853881836,35.24024963378906,True,35.0,20.083724975585938
419.5,False,False,29.108354568481445,35.253021240234375,True,35.0,20.083724975585938
420.0,False,True,29.118812561035156,35.26578903198242,True,35.0,20.083724975585938
420.5,False,False,29.129268646240234,35.27854919433594,True,35.0,20.083724975585938
421.0,False,False,29.139719009399414,35.29130554199219,True,35.0,20.083724975585938
421.5,False,False,29.150165557861328,35.304054260253906,True,35.0,20.083724975585938
422.0,False,False,29.160608291625977,35.31679916381836,True,35.0,20.083724975585938
422.5,False,False,29.17104721069336,35.32953643798828,True,35.0,20.083724975585938
423.0,False,True,29.181482315063477,35.34226608276367,True,35.0,20.083724975585938
423.5,False,False,29.191911697387695,35.3549919128418,True,35.0,20.083724975585938
424.0,False,False,29.20233917236328,35.36771011352539,True,35.0,20.083724975585938
424.5,False,False,29.21276092529297,35.38042449951172,True,35.0,20.083724975585938
425.0,False,False,29.223180770874023,35.39313507080078,True,35.0,20.083724975585938
425.5,False,False,29.23359489440918,35.40583801269531,True,35.0,20.083724975585938
426.0,False,True,29.24400520324707,35.41853332519531,True,35.0,20.083724975585938
426.5,False,False,29.254409790039062,35.43122482299805,True,35.0,20.083724975585938
427.0,False,False,29.264812469482422,35.44390869140625,True,35.0,20.083724975585938
427.5,False,False,29.275211334228516,35.45658874511719,True,35.0,20.083724975585938
428.0,False,False,29.28560447692871,35.469261169433594,True,35.0,20.083724975585938
428.5,False,False,29.29599380493164,35.481929779052734,True,35.0,20.083724975585938
429.0,False,True,29.306379318237305,35.494590759277344,True,35.0,20.083724975585938
429.5,False,False,29.316761016845703,35.50724792480469,True,35.0,20.083724975585938
430.0,False,False,29.327138900756836,35.5198974609375,True,35.0,20.083724975585938
430.5,False,False,29.337512969970703,35.53254318237305,True,35.0,20.083724975585938
431.0,False,False,29.347881317138672,35.54518127441406,True,35.0,20.083724975585938
431.5,False,False,29.358247756958008,35.55781173706055,True,35.0,20.083724975585938
432.0,False,True,29.368608474731445,35.57044219970703,True,35.0,20.083724975585938
432.5,False,False,29.378965377807617,35.58306121826172,True,35.0,20.083724975585938
433.0,False,False,29.389318466186523,35.59567642211914,True,35.0,20.083724975585938
433.5,False,False,29.399667739868164,35.6082878112793,True,35.0,20.083724975585938
434.0,False,False,29.41001319885254,35.62089157104492,True,35.0,20.083724975585938
434.5,False,False,29.420352935791016,35.63349151611328,True,35.0,20.083724975585938
435.0,False,True,29.43069076538086,35.64608383178711,True,35.0,20.083724975585938
435.5,False,False,29.441022872924805,35.658668518066406,True,35.0,20.083724975585938
436.0,False,False,29.451351165771484,35.6712532043457,True,35.0,20.083724975585938
436.5,False,False,29.4616756439209,35.6838264465332,True,35.0,20.083724975585938
437.0,False,False,29.471996307373047,35.69639587402344,True,35.0,20.083724975585938
437.5,False,False,29.482311248779297,35.708961486816406,True,35.0,20.083724975585938
438.0,False,True,29.492624282836914,35.721519470214844,True,35.0,20.083724975585938
438.5,False,False,29.502931594848633,35.734073638916016,True,35.0,20.083724975585938
439.0,False,False,29.513235092163086,35.746620178222656,True,35.0,20.083724975585938
439.5,False,False,29.523536682128906,35.759159088134766,True,35.0,20.083724975585938
440.0,False,False,29.533830642700195,35.771697998046875,True,35.0,20.083724975585938
440.5,False,False,29.54412269592285,35.78422546386719,True,35.0,20.083724975585938
441.0,False,True,29.554410934448242,35.796749114990234,True,35.0,20.083724975585938
441.5,False,False,29.564693450927734,35.809268951416016,True,35.0,20.083724975585938
442.0,False,False,29.574974060058594,35.821781158447266,True,35.0,20.083724975585938
442.5,False,False,29.585248947143555,35.83428955078125,True,35.0,20.083724975585938
443.0,False,False,29.59552001953125,35.8467903137207,True,35.0,20.083724975585938
443.5,False,False,29.60578727722168,35.85928726196289,True,35.0,20.083724975585938
444.0,False,True,29.61604881286621,35.87177658081055,True,35.0,20.083724975585938
444.5,False,False,29.62630844116211,35.88426208496094,True,35.0,20.083724975585938
445.0,False,False,29.63656234741211,35.8967399597168,True,35.0,20.083724975585938
445.5,False,False,29.646814346313477,35.90921401977539,True,35.0,20.083724975585938
446.0,False,False,29.657060623168945,35.92168045043945,True,35.0,20.083724975585938
446.5,False,False,29.66730308532715,35.93414306640625,True,35.0,20.083724975585938
447.0,False,True,29.677539825439453,35.94660186767578,True,35.0,20.083724975585938
447.5,False,False,29.687774658203125,35.95905303955078,True,35.0,20.083724975585938
448.0,False,False,29.69800567626953,35.97149658203125,True,35.0,20.083724975585938
448.5,False,False,29.70823097229004,35.98393630981445,True,35.0,20.083724975585938
449.0,False,False,29.71845245361328,35.996368408203125,True,35.0,20.083724975585938
449.5,True,False,29.728670120239258,36.00879669189453,True,35.0,20.063941955566406
450.0,False,True,29.73888397216797,36.02122116088867,True,35.0,20.063941955566406
450.5,False,False,29.749094009399414,36.03363800048828,True,35.0,20.063941955566406
451.0,False,False,29.75929832458496,36.046051025390625,True,35.0,20.063941955566406
451.5,False,False,29.769500732421875,36.05845642089844,True,35.0,20.063941955566406
452.0,False,False,29.77969741821289,36.07085418701172,True,35.0,20.063941955566406
452.5,False,False,29.78989028930664,36.083251953125,True,35.0,20.063941955566406
453.0,False,True,29.800079345703125,36.095638275146484,True,35.0,20.063941955566406
453.5,False,False,29.810264587402344,36.10802459716797,True,35.0,20.063941955566406
454.0,False,False,29.820444107055664,36.120399475097656,True,35.0,20.063941955566406
454.5,False,False,29.83062171936035,36.132774353027344,True,35.0,20.063941955566406
455.0,False,False,29.84079360961914,36.1451416015625,True,35.0,20.063941955566406
455.5,False,False,29.850961685180664,36.157501220703125,True,35.0,20.063941955566406
456.0,False,True,29.861125946044922,36.169857025146484,True,35.0,20.063941955566406
456.5,False,False,29.871286392211914,36.18220901489258,True,35.0,20.063941955566406
457.0,False,False,29.88144302368164,36.19455337524414,True,35.0,20.063941955566406
457.5,False,False,29.8915958404541,36.20689010620117,True,35.0,20.063941955566406
458.0,False,False,29.901742935180664,36.21922302246094,True,35.0,20.063941955566406
458.5,False,False,29.91188621520996,36.23155212402344,True,35.0,20.063941955566406
459.0,False,True,29.922025680541992,36.243873596191406,True,35.0,20.063941955566406
459.5,False,False,29.932161331176758,36.25619125366211,True,35.0,20.063941955566406
460.0,False,False,29.942293167114258,36.26850128173828,True,35.0,20.063941955566406
460.5,False,False,29.952421188354492,36.28080749511719,True,35.0,20.063941955566406
461.0,False,False,29.962543487548828,36.29310989379883,True,35.0,20.063941955566406
461.5,False,False,29.9726619720459,36.30540466308594,True,35.0,20.063941955566406
462.0,False,True,29.982778549194336,36.317691802978516,True,35.0,20.063941955566406
462.5,False,False,29.992889404296875,36.32997512817383,True,35.0,20.063941955566406
463.0,False,False,30.002994537353516,36.342254638671875,True,35.0,20.063941955566406
463.5,False,False,30.013097763061523,36.35452651977539,True,35.0,20.063941955566406
464.0,False,False,30.023197174072266,36.36679458618164,True,35.0,20.063941955566406
464.5,False,False,30.03329086303711,36.37905502319336,True,35.0,20.063941955566406
465.0,False,True,30.043380737304688,36.39131164550781,True,35.0,20.063941955566406
465.5,False,False,30.053466796875,36.403560638427734,True,35.0,20.063941955566406
466.0,False,False,30.063549041748047,36.41580581665039,True,35.0,20.063941955566406
466.5,False,False,30.073627471923828,36.42804718017578,True,35.0,20.063941955566406
467.0,False,False,30.083702087402344,36.44028091430664,True,35.0,20.063941955566406
467.5,False,False,30.09377098083496,36.45250701904297,True,35.0,20.063941955566406
468.0,False,True,30.103836059570312,36.4647331237793,True,35.0,20.063941955566406
468.5,False,False,30.11389923095703,36.47694778442383,True,35.0,20.063941955566406
469.0,False,False,30.12395668029785,36.48916244506836,True,35.0,20.063941955566406
469.5,False,False,30.134008407592773,36.50136947631836,True,35.0,20.063941955566406
470.0,False,False,30.144058227539062,36.51356887817383,True,35.0,20.063941955566406
470.5,False,False,30.154104232788086,36.52576446533203,True,35.0,20.063941955566406
471.0,False,True,30.16414451599121,36.53795623779297,True,35.0,20.063941955566406
471.5,False,False,30.17418098449707,36.550140380859375,True,35.0,20.063941955566406
472.0,False,False,30.184213638305664,36.562320709228516,True,35.0,20.063941955566406
472.5,False,False,30.194242477416992,36.574493408203125,True,35.0,20.063941955566406
473.0,False,False,30.204267501831055,36.58666229248047,True,35.0,20.063941955566406
473.5,False,False,30.21428871154785,36.59882736206055,True,35.0,20.063941955566406
474.0,False,True,30.22430419921875,36.610984802246094,True,35.0,20.063941955566406
474.5,False,False,30.234315872192383,36.62313461303711,True,35.0,20.063941955566406
475.0,False,False,30.24432373046875,36.63528060913086,True,35.0,20.063941955566406
475.5,False,False,30.25432777404785,36.647422790527344,True,35.0,20.063941955566406
476.0,False,False,30.264328002929688,36.65956115722656,True,35.0,20.063941955566406
476.5,False,False,30.274324417114258,36.671688079833984,True,35.0,20.063941955566406
477.0,False,True,30.28431510925293,36.683815002441406,True,35.0,20.063941955566406
477.5,False,False,30.29430389404297,36.6959342956543,True,35.0,20.063941955566406
478.0,False,False,30.30428695678711,36.70804977416992,True,35.0,20.063941955566406
478.5,False,False,30.314266204833984,36.720157623291016,True,35.0,20.063941955566406
479.0,False,False,30.324241638183594,36.732261657714844,True,35.0,20.063941955566406
479.5,False,False,30.334213256835938,36.74435806274414,True,35.0,20.063941955566406
480.0,False,True,30.344179153442383,36.75645065307617,True,35.0,20.063941955566406
480.5,False,False,30.354143142700195,36.76853942871094,True,35.0,20.063941955566406
481.0,False,False,30.36410140991211,36.78062057495117,True,35.0,20.063941955566406
481.5,False,False,30.374055862426758,36.79269790649414,True,35.0,20.063941955566406
482.0,False,False,30.38400650024414,36.80476760864258,True,35.0,20.063941955566406
482.5,False,False,30.393953323364258,36.81683349609375,True,35.0,20.063941955566406
483.0,False,True,30.40389633178711,36.828895568847656,True,35.0,20.063941955566406
483.5,False,False,30.413835525512695,36.84095001220703,True,35.0,20.063941955566406
484.0,False,False,30.423768997192383,36.852996826171875,True,35.0,20.063941955566406
484.5,False,False,30.433698654174805,36.86504364013672,True,35.0,20.063941955566406
485.0,False,False,30.44362449645996,36.87708282470703,True,35.0,20.063941955566406
485.5,False,False,30.45354652404785,36.88911437988281,True,35.0,20.063941955566406
486.0,False,True,30.463464736938477,36.90114212036133,True,35.0,20.063941955566406
486.5,False,False,30.473379135131836,36.91316604614258,True,35.0,20.063941955566406
487.0,False,False,30.483287811279297,36.9251823425293,True,35.0,20.063941955566406
487.5,False,False,30.493194580078125,36.93719482421875,True,35.0,20.063941955566406
488.0,False,False,30.503095626831055,36.94920349121094,True,35.0,20.063941955566406
488.5,False,False,30.51299285888672,36.961204528808594,True,35.0,20.063941955566406
489.0,False,True,30.522886276245117,36.97319793701172,True,35.0,20.063941955566406
489.5,False,False,30.53277587890625,36.985191345214844,True,35.0,20.063941955566406
490.0,False,False,30.542659759521484,36.99717330932617,True,35.0,20.063941955566406
490.5,False,False,30.552541732788086,37.0091552734375,True,35.0,20.063941955566406
491.0,False,False,30.56241798400879,37.0211296081543,True,35.0,20.063941955566406
491.5,False,False,30.572290420532227,37.03310012817383,True,35.0,20.063941955566406
492.0,False,True,30.5821590423584,37.04506301879883,True,35.0,20.063941955566406
492.5,False,False,30.592023849487305,37.05702209472656,True,35.0,20.063941955566406
493.0,False,False,30.601884841918945,37.068973541259766,True,35.0,20.063941955566406
493.5,False,False,30.61174201965332,37.0809211730957,True,35.0,20.063941955566406
494.0,False,False,30.621593475341797,37.092864990234375,True,35.0,20.063941955566406
494.5,False,False,30.631441116333008,37.104801177978516,True,35.0,20.063941955566406
495.0,False,True,30.641286849975586,37.11673355102539,True,35.0,20.063941955566406
495.5,False,False,30.651126861572266,37.128662109375,True,35.0,20.063941955566406
496.0,False,False,30.66096305847168,37.14058303833008,True,35.0,20.063941955566406
496.5,False,False,30.670793533325195,37.15250015258789,True,35.0,20.063941955566406
497.0,False,False,30.680622100830078,37.16440963745117,True,35.0,20.063941955566406
497.5,False,False,30.690444946289062,37.17631530761719,True,35.0,20.063941955566406
498.0,False,True,30.700265884399414,37.18821716308594,True,35.0,20.063941955566406
498.5,False,False,30.710081100463867,37.200111389160156,True,35.0,20.063941955566406
499.0,False,False,30.719892501831055,37.21200180053711,True,35.0,20.063941955566406
499.5,True,False,30.729700088500977,37.22388458251953,True,35.0,20.063941955566406
500.0,False,False,30.739503860473633,37.23576354980469,True,35.0,20.063941955566406
500.5,False,False,30.74930191040039,37.24763870239258,True,35.0,20.063941955566406
501.0,False,True,30.759098052978516,37.25950622558594,True,35.0,20.063941955566406
501.5,False,False,30.768888473510742,37.27136993408203,True,35.0,20.063941955566406
502.0,False,False,30.778675079345703,37.28322982788086,True,35.0,20.063941955566406
502.5,False,False,30.7884578704834,37.295082092285156,True,35.0,20.063941955566406
503.0,False,False,30.798236846923828,37.30693054199219,True,35.0,20.063941955566406
503.5,False,False,30.808012008666992,37.31877136230469,True,35.0,20.063941955566406
504.0,False,True,30.81778335571289,37.33060836791992,True,35.0,20.063941955566406
504.5,False,False,30.82754898071289,37.34244155883789,True,35.0,20.063941955566406
505.0,False,False,30.837312698364258,37.35426712036133,True,35.0,20.063941955566406
505.5,False,False,30.847070693969727,37.3660888671875,True,35.0,20.063941955566406
506.0,False,False,30.85682487487793,37.377906799316406,True,35.0,20.063941955566406
506.5,False,False,30.866575241088867,37.38971710205078,True,35.0,20.063941955566406
507.0,False,True,30.87632179260254,37.40152359008789,True,35.0,20.063941955566406
507.5,False,False,30.886062622070312,37.41332244873047,True,35.0,20.063941955566406
508.0,False,False,30.895801544189453,37.42511749267578,True,35.0,20.063941955566406
508.5,False,False,30.905534744262695,37.43690872192383,True,35.0,20.063941955566406
509.0,False,False,30.915266036987305,37.448692321777344,True,35.0,20.063941955566406
509.5,False,False,30.924991607666016,37.460472106933594,True,35.0,20.063941955566406
510.0,False,True,30.93471336364746,37.47224807739258,True,35.0,20.063941955566406
510.5,False,False,30.94443130493164,37.48401641845703,True,35.0,20.063941955566406
511.0,False,False,30.954145431518555,37.49578094482422,True,35.0,20.063941955566406
511.5,False,False,30.96385383605957,37.507537841796875,True,35.0,20.063941955566406
512.0,False,False,30.973560333251953,37.51929473876953,True,35.0,20.063941955566406
512.5,False,False,30.983261108398438,37.53104019165039,True,35.0,20.063941955566406
513.0,False,True,30.992958068847656,37.54278564453125,True,35.0,20.063941955566406
513.5,False,False,31.00265121459961,37.55452346801758,True,35.0,20.063941955566406
514.0,False,False,31.012340545654297,37.566253662109375,True,35.0,20.063941955566406
514.5,False,False,31.02202606201172,37.57798385620117,True,35.0,20.063941955566406
515.0,False,False,31.031707763671875,37.58970642089844,True,35.0,20.063941955566406
515.5,False,False,31.041385650634766,37.60142135620117,True,35.0,20.063941955566406
516.0,False,True,31.051057815551758,37.613136291503906,True,35.0,20.063941955566406
516.5,False,False,31.060726165771484,37.624839782714844,True,35.0,20.063941955566406
517.0,False,False,31.070392608642578,37.63654327392578,True,35.0,20.063941955566406
517.5,False,False,31.080053329467773,37.64823913574219,True,35.0,20.063941955566406
518.0,False,False,31.089710235595703,37.65993118286133,True,35.0,20.063941955566406
518.5,False,False,31.099363327026367,37.67161560058594,True,35.0,20.063941955566406
519.0,False,True,31.109010696411133,37.68330001831055,True,35.0,20.063941955566406
519.5,False,False,31.118656158447266,37.69497299194336,True,35.0,20.063941955566406
520.0,False,False,31.1282958984375,37.70664596557617,True,35.0,20.063941955566406
520.5,False,False,31.1379337310791,37.71831130981445,True,35.0,20.063941955566406
521.0,False,False,31.147565841674805,37.72997283935547,True,35.0,20.063941955566406
521.5,False,False,31.157194137573242,37.74162673950195,True,35.0,20.063941955566406
522.0,False,True,31.166818618774414,37.75327682495117,True,35.0,20.063941955566406
522.5,False,False,31.17643928527832,37.764923095703125,True,35.0,20.063941955566406
523.0,False,False,31.18605613708496,37.77656173706055,True,35.0,20.063941955566406
523.5,False,False,31.195667266845703,37.7881965637207,True,35.0,20.063941955566406
524.0,False,False,31.205276489257812,37.799827575683594,True,35.0,20.063941955566406
524.5,False,False,31.214879989624023,37.81145095825195,True,35.0,20.063941955566406
525.0,False,True,31.22447967529297,37.82307052612305,True,35.0,20.063941955566406
525.5,False,False,31.23407745361328,37.83468246459961,True,35.0,20.063941955566406
526.0,False,False,31.243669509887695,37.84629440307617,True,35.0,20.063941955566406
526.5,False,False,31.25325584411621,37.85789489746094,True,35.0,20.063941955566406
527.0,False,False,31.262840270996094,37.8694953918457,True,35.0,20.063941955566406
527.5,False,False,31.27242088317871,37.88108825683594,True,35.0,20.063941955566406
528.0,False,True,31.281997680664062,37.892677307128906,True,35.0,20.063941955566406
528.5,False,False,31.291568756103516,37.90426254272461,True,35.0,20.063941955566406
529.0,False,False,31.301136016845703,37.91584014892578,True,35.0,20.063941955566406
529.5,False,False,31.310701370239258,37.92741394042969,True,35.0,20.063941955566406
530.0,False,False,31.320261001586914,37.93898010253906,True,35.0,20.063941955566406
530.5,False,False,31.329816818237305,37.95054244995117,True,35.0,20.063941955566406
531.0,False,True,31.339366912841797,37.962100982666016,True,35.0,20.063941955566406
531.5,False,False,31.348915100097656,37.973655700683594,True,35.0,20.063941955566406
532.0,False,False,31.35845947265625,37.98520278930664,True,35.0,20.063941955566406
532.5,False,False,31.367998123168945,37.99674606323242,True,35.0,20.063941955566406
533.0,False,False,31.377534866333008,38.00828170776367,True,35.0,20.063941955566406
533.5,False,False,31.387065887451172,38.01981735229492,True,35.0,20.063941955566406
534.0,False,True,31.39659309387207,38.031341552734375,True,35.0,20.063941955566406
534.5,False,False,31.406118392944336,38.04286575317383,True,35.0,20.063941955566406
535.0,False,False,31.415637969970703,38.05438232421875,True,35.0,20.063941955566406
535.5,False,False,31.425151824951172,38.065895080566406,True,35.0,20.063941955566406
536.0,False,False,31.434663772583008,38.0774040222168,True,35.0,20.063941955566406
536.5,False,False,31.444171905517578,38.088905334472656,True,35.0,20.063941955566406
537.0,False,True,31.45367431640625,38.10040283203125,True,35.0,20.063941955566406
537.5,False,False,31.46317481994629,38.11189270019531,True,35.0,20.063941955566406
538.0,False,False,31.47266960144043,38.12337875366211,True,35.0,20.063941955566406
538.5,False,False,31.482160568237305,38.13486099243164,True,35.0,20.063941955566406
539.0,False,False,31.491649627685547,38.146339416503906,True,35.0,20.063941955566406
539.5,False,False,31.50113296508789,38.15781021118164,True,35.0,20.063941955566406
540.0,False,True,31.51061248779297,38.16927719116211,True,35.0,20.063941955566406
540.5,False,False,31.52008628845215,38.18074035644531,True,35.0,20.063941955566406
541.0,False,False,31.529558181762695,38.192195892333984,True,35.0,20.063941955566406
541.5,False,False,31.539026260375977,38.20364761352539,True,35.0,20.063941955566406
542.0,False,False,31.54848861694336,38.21509552001953,True,35.0,20.063941955566406
542.5,False,False,31.55794906616211,38.22653579711914,True,35.0,20.063941955566406
543.0,False,True,31.56740379333496,38.237972259521484,True,35.0,20.063941955566406
543.5,False,False,31.576854705810547,38.24940490722656,True,35.0,20.063941955566406
544.0,False,False,31.5863037109375,38.26082992553711,True,35.0,20.063941955566406
544.5,False,False,31.595746994018555,38.27225112915039,True,35.0,20.063941955566406
545.0,False,False,31.605186462402344,38.283668518066406,True,35.0,20.063941955566406
545.5,False,False,31.614620208740234,38.29507827758789,True,35.0,20.063941955566406
546.0,False,True,31.624052047729492,38.30648422241211,True,35.0,20.063941955566406
546.5,False,False,31.633480072021484,38.31788635253906,True,35.0,20.063941955566406
547.0,False,False,31.642902374267578,38.32928466796875,True,35.0,20.063941955566406
547.5,False,False,31.65232276916504,38.340675354003906,True,35.0,20.063941955566406
548.0,False,False,31.6617374420166,38.3520622253418,True,35.0,20.063941955566406
548.5,False,False,31.6711483001709,38.363441467285156,True,35.0,20.063941955566406
549.0,False,True,31.680557250976562,38.37481689453125,True,35.0,20.063941955566406
549.5,False,False,31.689960479736328,38.38618850708008,True,35.0,20.063941955566406
550.0,False,False,31.699359893798828,38.39755630493164,True,35.0,20.063941955566406
550.5,False,False,31.708755493164062,38.40891647338867,True,35.0,20.063941955566406
551.0,False,False,31.71814727783203,38.42027282714844,True,35.0,20.063941955566406
551.5,False,False,31.7275333404541,38.43162536621094,True,35.0,20.063941955566406
552.0,False,True,31.73691749572754,38.442970275878906,True,35.0,20.063941955566406
552.5,False,False,31.746295928955078,38.45431137084961,True,35.0,20.063941955566406
553.0,False,False,31.755672454833984,38.46564865112305,True,35.0,20.063941955566406
553.5,False,False,31.765043258666992,38.47698211669922,True,35.0,20.063941955566406
554.0,False,False,31.774412155151367,38.48830795288086,True,35.0,20.063941955566406
554.5,False,False,31.783775329589844,38.499629974365234,True,35.0,20.063941955566406
555.0,False,True,31.793134689331055,38.51094436645508,True,35.0,20.063941955566406
555.5,False,False,31.802490234375,38.522254943847656,True,35.0,20.063941955566406
556.0,False,False,31.81184196472168,38.53356170654297,True,35.0,20.063941955566406
556.5,False,False,31.821189880371094,38.544864654541016,True,35.0,20.063941955566406
557.0,False,False,31.830533981323242,38.55615997314453,True,35.0,20.063941955566406
557.5,False,False,31.839872360229492,38.56745147705078,True,35.0,20.063941955566406
558.0,False,True,31.84920883178711,38.578739166259766,True,35.0,20.063941955566406
558.5,False,False,31.85854148864746,38.590023040771484,True,35.0,20.063941955566406
559.0,False,False,31.867868423461914,38.60129928588867,True,35.0,20.063941955566406
559.5,False,False,31.8771915435791,38.612571716308594,True,35.0,20.063941955566406
560.0,False,False,31.886512756347656,38.623836517333984,True,35.0,20.063941955566406
560.5,False,False,31.895828247070312,38.63509750366211,True,35.0,20.063941955566406
561.0,False,True,31.905139923095703,38.64635467529297,True,35.0,20.063941955566406
561.5,False,False,31.914447784423828,38.65760803222656,True,35.0,20.063941955566406
562.0,False,False,31.923751831054688,38.668853759765625,True,35.0,20.063941955566406
562.5,False,False,31.93305206298828,38.68009567260742,True,35.0,20.063941955566406
563.0,False,False,31.94234848022461,38.69133377075195,True,35.0,20.063941955566406
563.5,False,False,31.951641082763672,38.70256805419922,True,35.0,20.063941955566406
564.0,False,True,31.96092987060547,38.71379470825195,True,35.0,20.063941955566406
564.5,False,False,31.970212936401367,38.72501754760742,True,35.0,20.063941955566406
565.0,False,False,31.979494094848633,38.73623275756836,True,35.0,20.063941955566406
565.5,False,False,31.98876953125,38.7474479675293,True,35.0,20.063941955566406
566.0,False,False,31.998043060302734,38.7586555480957,True,35.0,20.063941955566406
566.5,False,False,32.0073127746582,38.769859313964844,True,35.0,20.063941955566406
567.0,False,True,32.01657485961914,38.78105545043945,True,35.0,20.063941955566406
567.5,False,False,32.02583694458008,38.7922477722168,True,35.0,20.063941955566406
568.0,False,False,32.035091400146484,38.803436279296875,True,35.0,20.063941955566406
568.5,False,False,32.04434585571289,38.81462097167969,True,35.0,20.063941955566406
569.0,False,False,32.053592681884766,38.82579803466797,True,35.0,20.063941955566406
569.5,False,False,32.06283950805664,38.836971282958984,True,35.0,20.063941955566406
570.0,False,True,32.072078704833984,38.848140716552734,True,35.0,20.063941955566406
570.5,False,False,32.08131790161133,38.85930252075195,True,35.0,20.063941955566406
571.0,False,False,32.09054946899414,38.87046432495117,True,35.0,20.063941955566406
571.5,False,False,32.09977722167969,38.88161849975586,True,35.0,20.063941955566406
572.0,False,False,32.109004974365234,38.892765045166016,True,35.0,20.063941955566406
572.5,False,False,32.11822509765625,38.90391159057617,True,35.0,20.063941955566406
573.0,False,True,32.12744140625,38.9150505065918,True,35.0,20.063941955566406
573.5,False,False,32.136653900146484,38.92618179321289,True,35.0,20.063941955566406
574.0,False,False,32.14586639404297,38.937313079833984,True,35.0,20.063941955566406
574.5,False,False,32.15507125854492,38.94843673706055,True,35.0,20.063941955566406
575.0,False,False,32.16427230834961,38.959556579589844,True,35.0,20.063941955566406
575.5,False,False,32.17346954345703,38.970672607421875,True,35.0,20.063941955566406
576.0,False,True,32.18266296386719,38.981781005859375,True,35.0,20.063941955566406
576.5,False,False,32.19185256958008,38.99288558959961,True,35.0,20.063941955566406
577.0,False,False,32.2010383605957,39.00398635864258,True,35.0,20.063941955566406
577.5,False,False,32.21022033691406,39.01508331298828,True,35.0,20.063941955566406
578.0,False,False,32.219398498535156,39.02617263793945,True,35.0,20.063941955566406
578.5,False,False,32.228572845458984,39.03725814819336,True,35.0,20.063941955566406
579.0,False,True,32.23774337768555,39.04833984375,True,35.0,20.063941955566406
579.5,False,False,32.246910095214844,39.05941390991211,True,35.0,20.063941955566406
580.0,False,False,32.256072998046875,39.07048797607422,True,35.0,20.063941955566406
580.5,False,False,32.26523208618164,39.0815544128418,True,35.0,20.063941955566406
581.0,False,False,32.274383544921875,39.092613220214844,True,35.0,20.063941955566406
581.5,False,False,32.28353500366211,39.10367202758789,True,35.0,20.063941955566406
582.0,False,True,32.29268264770508,39.114723205566406,True,35.0,20.063941955566406
582.5,False,False,32.30182647705078,39.125770568847656,True,35.0,20.063941955566406
583.0,False,False,32.31096267700195,39.136810302734375,True,35.0,20.063941955566406
583.5,False,False,32.320098876953125,39.147850036621094,True,35.0,20.063941955566406
584.0,False,False,32.32923126220703,39.15888214111328,True,35.0,20.063941955566406
584.5,False,False,32.338356018066406,39.1699104309082,True,35.0,20.063941955566406
585.0,False,True,32.34748077392578,39.180931091308594,True,35.0,20.063941955566406
585.5,False,False,32.356597900390625,39.19194793701172,True,35.0,20.063941955566406
586.0,False,False,32.36571502685547,39.20296096801758,True,35.0,20.063941955566406
586.5,False,False,32.37482833862305,39.21397018432617,True,35.0,20.063941955566406
587.0,False,False,32.383934020996094,39.2249755859375,True,35.0,20.063941955566406
587.5,False,False,32.39303970336914,39.2359733581543,True,35.0,20.063941955566406
588.0,False,True,32.402137756347656,39.24696731567383,True,35.0,20.063941955566406
588.5,False,False,32.411231994628906,39.257957458496094,True,35.0,20.063941955566406
589.0,False,False,32.420326232910156,39.26893997192383,True,35.0,20.063941955566406
589.5,False,False,32.429412841796875,39.2799186706543,True,35.0,20.063941955566406
590.0,False,False,32.438499450683594,39.2908935546875,True,35.0,20.063941955566406
590.5,False,False,32.44757843017578,39.30186462402344,True,35.0,20.063941955566406
591.0,False,True,32.45665740966797,39.312828063964844,True,35.0,20.063941955566406
591.5,False,False,32.465728759765625,39.323787689208984,True,35.0,20.063941955566406
592.0,False,False,32.474796295166016,39.33474349975586,True,35.0,20.063941955566406
592.5,False,False,32.48386001586914,39.34569549560547,True,35.0,20.063941955566406
593.0,False,False,32.492923736572266,39.35663986206055,True,35.0,20.063941955566406
593.5,False,False,32.50197982788086,39.367584228515625,True,35.0,20.063941955566406
594.0,False,True,32.51103210449219,39.378517150878906,True,35.0,20.063941955566406
594.5,False,False,32.520084381103516,39.38945007324219,True,35.0,20.063941955566406
595.0,False,False,32.52912902832031,39.40037536621094,True,35.0,20.063941955566406
595.5,False,False,32.538169860839844,39.41130065917969,True,35.0,20.063941955566406
596.0,False,False,32.54720687866211,39.42221450805664,True,35.0,20.063941955566406
596.5,False,False,32.55624008178711,39.433128356933594,True,35.0,20.063941955566406
597.0,False,True,32.56527328491211,39.444034576416016,True,35.0,20.063941955566406
597.5,False,False,32.57429885864258,39.45494079589844,True,35.0,20.063941955566406
598.0,False,False,32.58332061767578,39.46583557128906,True,35.0,20.063941955566406
598.5,False,False,32.59233856201172,39.47673034667969,True,35.0,20.063941955566406
599.0,False,False,32.60135269165039,39.48761749267578,True,35.0,20.063941955566406
599.5,False,False,32.6103630065918,39.498504638671875,True,35.0,20.063941955566406
600.0,False,True,32.61936950683594,39.50938034057617,True,35.0,20.063941955566406
600.5,False,False,32.62837219238281,39.52025604248047,True,35.0,20.063941955566406
601.0,False,False,32.63737106323242,39.5311279296875,True,35.0,20.063941955566406
601.5,False,False,32.646366119384766,39.5419921875,True,35.0,20.063941955566406
602.0,False,False,32.65536117553711,39.552852630615234,True,35.0,20.063941955566406
602.5,False,False,32.66434860229492,39.56370544433594,True,35.0,20.063941955566406
603.0,False,True,32.67333221435547,39.57455825805664,True,35.0,20.063941955566406
603.5,False,False,32.68231201171875,39.58540344238281,True,35.0,20.063941955566406
604.0,False,False,32.691287994384766,39.59624481201172,True,35.0,20.063941955566406
604.5,False,False,32.700260162353516,39.607078552246094,True,35.0,20.063941955566406
605.0,False,False,32.709228515625,39.61791229248047,True,35.0,20.063941955566406
605.5,False,False,32.71819305419922,39.62873840332031,True,35.0,20.063941955566406
606.0,False,True,32.72715377807617,39.63956069946289,True,35.0,20.063941955566406
606.5,False,False,32.73611068725586,39.6503791809082,True,35.0,20.063941955566406
607.0,False,False,32.745059967041016,39.661190032958984,True,35.0,20.063941955566406
607.5,False,False,32.75400924682617,39.672000885009766,True,35.0,20.063941955566406
608.0,False,False,32.76295471191406,39.682804107666016,True,35.0,20.063941955566406
608.5,False,False,32.77189636230469,39.693599700927734,True,35.0,20.063941955566406
609.0,False,True,32.78083419799805,39.70439529418945,True,35.0,20.063941955566406
609.5,False,False,32.78976821899414,39.71518325805664,True,35.0,20.063941955566406
610.0,False,False,32.79869842529297,39.72596740722656,True,35.0,20.063941955566406
610.5,False,False,32.80762481689453,39.73674774169922,True,35.0,20.063941955566406
611.0,False,False,32.81654739379883,39.74752426147461,True,35.0,20.063941955566406
611.5,False,False,32.82546615600586,39.75829315185547,True,35.0,20.063941955566406
612.0,False,True,32.834381103515625,39.76905822753906,True,35.0,20.063941955566406
612.5,False,False,32.843292236328125,39.77981948852539,True,35.0,20.063941955566406
613.0,False,False,32.85219955444336,39.79057693481445,True,35.0,20.063941955566406
613.5,False,False,32.86109924316406,39.801326751708984,True,35.0,20.063941955566406
614.0,False,False,32.869998931884766,39.812076568603516,True,35.0,20.063941955566406
614.5,False,False,32.8788948059082,39.822818756103516,True,35.0,20.063941955566406
615.0,False,True,32.887786865234375,39.833553314208984,True,35.0,20.063941955566406
615.5,False,False,32.89667510986328,39.84428787231445,True,35.0,20.063941955566406
616.0,False,False,32.90555953979492,39.85501480102539,True,35.0,20.063941955566406
616.5,False,False,32.9144401550293,39.86573791503906,True,35.0,20.063941955566406
617.0,False,False,32.923316955566406,39.87645721435547,True,35.0,20.063941955566406
617.5,False,False,32.93218994140625,39.88717269897461,True,35.0,20.063941955566406
618.0,False,True,32.94105911254883,39.89788055419922,True,35.0,20.063941955566406
618.5,False,False,32.949920654296875,39.90858459472656,True,35.0,20.063941955566406
619.0,False,False,32.95878219604492,39.91928482055664,True,35.0,20.063941955566406
619.5,False,False,32.9676399230957,39.92998123168945,True,35.0,20.063941955566406
620.0,False,False,32.97649383544922,39.940673828125,True,35.0,20.063941955566406
620.5,False,False,32.98534393310547,39.951358795166016,True,35.0,20.063941955566406
621.0,False,True,32.99419021606445,39.962039947509766,True,35.0,20.063941955566406
621.5,False,False,33.00303268432617,39.97271728515625,True,35.0,20.063941955566406
622.0,False,False,33.011871337890625,39.9833869934082,True,35.0,20.063941955566406
622.5,False,False,33.02070617675781,39.994056701660156,True,35.0,20.063941955566406
623.0,False,False,33.029537200927734,40.00471878051758,True,35.0,20.063941955566406
623.5,False,False,33.03836441040039,40.015377044677734,True,35.0,20.063941955566406
624.0,False,True,33.047183990478516,40.026031494140625,True,35.0,20.063941955566406
624.5,False,False,33.05600357055664,40.036678314208984,True,35.0,20.063941955566406
625.0,False,False,33.0648193359375,40.04732131958008,True,35.0,20.063941955566406
625.5,False,False,33.073631286621094,40.05796432495117,True,35.0,20.063941955566406
626.0,False,False,33.08243942260742,40.06859588623047,True,35.0,20.063941955566406
626.5,False,False,33.091243743896484,40.079227447509766,True,35.0,20.063941955566406
627.0,False,True,33.10004425048828,40.0898551940918,True,35.0,20.063941955566406
627.5,False,False,33.10884094238281,40.1004753112793,True,35.0,20.063941955566406
628.0,False,False,33.11763381958008,40.11109161376953,True,35.0,20.063941955566406
628.5,False,False,33.12642288208008,40.1217041015625,True,35.0,20.063941955566406
629.0,False,False,33.13520812988281,40.13230895996094,True,35.0,20.063941955566406
629.5,False,False,33.14398956298828,40.142913818359375,True,35.0,20.063941955566406
630.0,False,True,33.152767181396484,40.15351104736328,True,35.0,20.063941955566406
630.5,False,False,33.16154098510742,40.16410446166992,True,35.0,20.063941955566406
631.0,False,False,33.170310974121094,40.17469024658203,True,35.0,20.063941955566406
631.5,False,False,33.1790771484375,40.18527603149414,True,35.0,20.063941955566406
632.0,False,False,33.18783950805664,40.19585418701172,True,35.0,20.063941955566406
632.5,False,False,33.19660186767578,40.20642852783203,True,35.0,20.063941955566406
633.0,False,True,33.20535659790039,40.21699905395508,True,35.0,20.063941955566406
633.5,False,False,33.214107513427734,40.22756576538086,True,35.0,20.063941955566406
634.0,False,False,33.22285461425781,40.23812484741211,True,35.0,20.063941955566406
634.5,False,False,33.231597900390625,40.24868392944336,True,35.0,20.063941955566406
635.0,False,False,33.24033737182617,40.25923538208008,True,35.0,20.063941955566406
635.5,False,False,33.24907302856445,40.26978302001953,True,35.0,20.063941955566406
636.0,False,True,33.25780487060547,40.28032302856445,True,35.0,20.063941955566406
636.5,False,False,33.266536712646484,40.290863037109375,True,35.0,20.063941955566406
637.0,False,False,33.27526092529297,40.301395416259766,True,35.0,20.063941955566406
637.5,False,False,33.28398132324219,40.31192398071289,True,35.0,20.063941955566406
638.0,False,False,33.29269790649414,40.32244873046875,True,35.0,20.063941955566406
638.5,False,False,33.301414489746094,40.332969665527344,True,35.0,20.063941955566406
639.0,False,True,33.310123443603516,40.343482971191406,True,35.0,20.063941955566406
639.5,False,False,33.31882858276367,40.3539924621582,True,35.0,20.063941955566406
640.0,False,False,33.32752990722656,40.364498138427734,True,35.0,20.063941955566406
640.5,False,False,33.33623123168945,40.375,True,35.0,20.063941955566406
641.0,False,False,33.34492492675781,40.385498046875,True,35.0,20.063941955566406
641.5,False,False,33.353614807128906,40.39598846435547,True,35.0,20.063941955566406
642.0,False,True,33.3623046875,40.40647506713867,True,35.0,20.063941955566406
642.5,False,False,33.37098693847656,40.41695785522461,True,35.0,20.063941955566406
643.0,False,False,33.379669189453125,40.42743682861328,True,35.0,20.063941955566406
643.5,False,False,33.388343811035156,40.43791198730469,True,35.0,20.063941955566406
644.0,False,False,33.39701843261719,40.44837951660156,True,35.0,20.063941955566406
644.5,False,False,33.40568542480469,40.45884704589844,True,35.0,20.063941955566406
645.0,False,True,33.41435241699219,40.46930694580078,True,35.0,20.063941955566406
645.5,False,False,33.423011779785156,40.47976303100586,True,35.0,20.063941955566406
646.0,False,False,33.431671142578125,40.490211486816406,True,35.0,20.063941955566406
646.5,False,False,33.44032287597656,40.50065994262695,True,35.0,20.063941955566406
647.0,False,False,33.448974609375,40.51110076904297,True,35.0,20.063941955566406
647.5,False,False,33.457618713378906,40.52153778076172,True,35.0,20.063941955566406
648.0,False,True,33.46626281738281,40.5319709777832,True,35.0,20.063941955566406
648.5,False,False,33.47490310668945,40.54240036010742,True,35.0,20.063941955566406
649.0,False,False,33.48353576660156,40.55282211303711,True,35.0,20.063941955566406
649.5,False,False,33.49216842651367,40.5632438659668,True,35.0,20.063941955566406
650.0,False,False,33.500797271728516,40.57365798950195,True,35.0,20.063941955566406
650.5,False,False,33.509422302246094,40.584068298339844,True,35.0,20.063941955566406
651.0,False,True,33.51803970336914,40.5944709777832,True,35.0,20.063941955566406
651.5,False,False,33.52665710449219,40.60487365722656,True,35.0,20.063941955566406
652.0,False,False,33.53527069091797,40.61526870727539,True,35.0,20.063941955566406
652.5,False,False,33.543880462646484,40.62566375732422,True,35.0,20.063941955566406
653.0,False,False,33.552486419677734,40.636051177978516,True,35.0,20.063941955566406
653.5,False,False,33.56108856201172,40.64643096923828,True,35.0,20.063941955566406
654.0,False,True,33.56968688964844,40.65681076049805,True,35.0,20.063941955566406
654.5,False,False,33.57828140258789,40.66718673706055,True,35.0,20.063941955566406
655.0,False,False,33.58687210083008,40.677555084228516,True,35.0,20.063941955566406
655.5,False,False,33.595458984375,40.68791961669922,True,35.0,20.063941955566406
656.0,False,False,33.604042053222656,40.698280334472656,True,35.0,20.063941955566406
656.5,False,False,33.61262130737305,40.70863723754883,True,35.0,20.063941955566406
657.0,False,True,33.62119674682617,40.71898651123047,True,35.0,20.063941955566406
657.5,False,False,33.62976837158203,40.729331970214844,True,35.0,20.063941955566406
658.0,False,False,33.638336181640625,40.73967742919922,True,35.0,20.063941955566406
658.5,False,False,33.64690017700195,40.75001525878906,True,35.0,20.063941955566406
659.0,False,False,33.65546417236328,40.760345458984375,True,35.0,20.063941955566406
659.5,False,False,33.66402053833008,40.77067565917969,True,35.0,20.063941955566406
660.0,False,True,33.67257308959961,40.781002044677734,True,35.0,20.063941955566406
660.5,False,False,33.68112564086914,40.79132080078125,True,35.0,20.063941955566406
661.0,False,False,33.68967056274414,40.8016357421875,True,35.0,20.063941955566406
661.5,False,False,33.698211669921875,40.811946868896484,True,35.0,20.063941955566406
662.0,False,False,33.70675277709961,40.8222541809082,True,35.0,20.063941955566406
662.5,False,False,33.71528625488281,40.83255386352539,True,35.0,20.063941955566406
663.0,False,True,33.723819732666016,40.84285354614258,True,35.0,20.063941955566406
663.5,False,False,33.73234558105469,40.853145599365234,True,35.0,20.063941955566406
664.0,False,False,33.74087142944336,40.863433837890625,True,35.0,20.063941955566406
664.5,False,False,33.749393463134766,40.87371826171875,True,35.0,20.063941955566406
665.0,False,False,33.75790786743164,40.883995056152344,True,35.0,20.063941955566406
665.5,False,False,33.766422271728516,40.89427185058594,True,35.0,20.063941955566406
666.0,False,True,33.774932861328125,40.904541015625,True,35.0,20.063941955566406
666.5,False,False,33.78343963623047,40.91481018066406,True,35.0,20.063941955566406
667.0,False,False,33.79193878173828,40.925071716308594,True,35.0,20.063941955566406
667.5,False,False,33.800437927246094,40.935325622558594,True,35.0,20.063941955566406
668.0,False,False,33.80893325805664,40.945579528808594,True,35.0,20.063941955566406
668.5,False,False,33.81742477416992,40.95582962036133,True,35.0,20.063941955566406
669.0,False,True,33.82591247558594,40.96607208251953,True,35.0,20.063941955566406
669.5,False,False,33.83439636230469,40.97631072998047,True,35.0,20.063941955566406
670.0,False,False,33.84287643432617,40.98654556274414,True,35.0,20.063941955566406
670.5,False,False,33.85135269165039,40.99677658081055,True,35.0,20.063941955566406
671.0,False,False,33.859825134277344,41.00700378417969,True,35.0,20.063941955566406
671.5,False,False,33.86829376220703,41.0172233581543,True,35.0,20.063941955566406
672.0,False,True,33.87676239013672,41.02743911743164,True,35.0,20.063941955566406
672.5,False,False,33.885223388671875,41.037654876708984,True,35.0,20.063941955566406
673.0,False,False,33.893680572509766,41.04785919189453,True,35.0,20.063941955566406
673.5,False,False,33.90213394165039,41.05806350708008,True,35.0,20.063941955566406
674.0,False,False,33.910587310791016,41.06826400756836,True,35.0,20.063941955566406
674.5,False,False,33.91903305053711,41.078460693359375,True,35.0,20.063941955566406
675.0,False,True,33.9274787902832,41.08864974975586,True,35.0,20.063941955566406
675.5,False,False,33.935916900634766,41.09883499145508,True,35.0,20.063941955566406
676.0,False,False,33.94435501098633,41.10901641845703,True,35.0,20.063941955566406
676.5,False,False,33.95278549194336,41.11919403076172,True,35.0,20.063941955566406
677.0,False,False,33.96121597290039,41.12936782836914,True,35.0,20.063941955566406
677.5,False,False,33.969642639160156,41.13953399658203,True,35.0,20.063941955566406
678.0,False,True,33.978065490722656,41.14970016479492,True,35.0,20.063941955566406
678.5,False,False,33.986480712890625,41.15985870361328,True,35.0,20.063941955566406
679.0,False,False,33.994895935058594,41.170013427734375,True,35.0,20.063941955566406
679.5,False,False,34.0033073425293,41.1801643371582,True,35.0,20.063941955566406
680.0,False,False,34.011714935302734,41.1903076171875,True,35.0,20.063941955566406
680.5,False,False,34.020118713378906,41.2004508972168,True,35.0,20.063941955566406
681.0,False,True,34.02851867675781,41.21058654785156,True,35.0,20.063941955566406
681.5,False,False,34.03691482543945,41.22072219848633,True,35.0,20.063941955566406
682.0,False,False,34.04530715942383,41.23085021972656,True,35.0,20.063941955566406
682.5,False,False,34.05369567871094,41.24097442626953,True,35.0,20.063941955566406
683.0,False,False,34.06208419799805,41.251094818115234,True,35.0,20.063941955566406
683.5,False,False,34.070465087890625,41.261207580566406,True,35.0,20.063941955566406
684.0,False,True,34.07884216308594,41.27132034301758,True,35.0,20.063941955566406
684.5,False,False,34.08721923828125,41.28142547607422,True,35.0,20.063941955566406
685.0,False,False,34.09558868408203,41.291526794433594,True,35.0,20.063941955566406
685.5,False,False,34.10395431518555,41.3016242980957,True,35.0,20.063941955566406
686.0,False,False,34.11231994628906,41.31171798706055,True,35.0,20.063941955566406
686.5,False,False,34.12068176269531,41.321807861328125,True,35.0,20.063941955566406
687.0,False,True,34.12903594970703,41.33189392089844,True,35.0,20.063941955566406
687.5,False,False,34.13739013671875,41.34197235107422,True,35.0,20.063941955566406
688.0,False,False,34.1457405090332,41.352046966552734,True,35.0,20.063941955566406
688.5,False,False,34.154083251953125,41.362117767333984,True,35.0,20.063941955566406
689.0,False,False,34.16242599487305,41.37218475341797,True,35.0,20.063941955566406
689.5,False,False,34.1707649230957,41.38224792480469,True,35.0,20.063941955566406
690.0,False,True,34.179100036621094,41.39230728149414,True,35.0,20.063941955566406
690.5,False,False,34.18743133544922,41.40235900878906,True,35.0,20.063941955566406
691.0,False,False,34.19575881958008,41.412410736083984,True,35.0,20.063941955566406
691.5,False,False,34.20408248901367,41.422454833984375,True,35.0,20.063941955566406
692.0,False,False,34.212406158447266,41.4324951171875,True,35.0,20.063941955566406
692.5,False,False,34.22072219848633,41.44253158569336,True,35.0,20.063941955566406
693.0,False,True,34.229034423828125,41.45256423950195,True,35.0,20.063941955566406
693.5,False,False,34.23734664916992,41.46259307861328,True,35.0,20.063941955566406
694.0,False,False,34.24565124511719,41.47261428833008,True,35.0,20.063941955566406
694.5,False,False,34.25395584106445,41.482635498046875,True,35.0,20.063941955566406
695.0,False,False,34.26225280761719,41.49264907836914,True,35.0,20.063941955566406
695.5,False,False,34.27054977416992,41.50265884399414,True,35.0,20.063941955566406
696.0,False,True,34.278839111328125,41.512664794921875,True,35.0,20.063941955566406
696.5,False,False,34.28712844848633,41.522666931152344,True,35.0,20.063941955566406
697.0,False,False,34.295413970947266,41.53266143798828,True,35.0,20.063941955566406
697.5,False,False,34.30369567871094,41.54265594482422,True,35.0,20.063941955566406
698.0,False,False,34.311973571777344,41.552642822265625,True,35.0,20.063941955566406
698.5,False,False,34.320247650146484,41.56262969970703,True,35.0,20.063941955566406
699.0,False,True,34.32851791381836,41.572608947753906,True,35.0,20.063941955566406
699.5,False,False,34.33678436279297,41.582584381103516,True,35.0,20.063941955566406
700.0,False,False,34.34504699707031,41.59255599975586,True,35.0,20.063941955566406
700.5,False,False,34.35330581665039,41.60251998901367,True,35.0,20.063941955566406
701.0,False,False,34.3615608215332,41.612483978271484,True,35.0,20.063941955566406
701.5,False,False,34.369815826416016,41.622440338134766,True,35.0,20.063941955566406
702.0,False,True,34.3780632019043,41.63239669799805,True,35.0,20.063941955566406
702.5,False,False,34.38631057739258,41.6423454284668,True,35.0,20.063941955566406
703.0,False,False,34.39455032348633,41.65229034423828,True,35.0,20.063941955566406
703.5,False,False,34.40279006958008,41.6622314453125,True,35.0,20.063941955566406
704.0,False,False,34.41102600097656,41.67216873168945,True,35.0,20.063941955566406
704.5,False,False,34.419254302978516,41.682098388671875,True,35.0,20.063941955566406
705.0,False,True,34.42748260498047,41.6920280456543,True,35.0,20.063941955566406
705.5,False,False,34.435707092285156,41.70195007324219,True,35.0,20.063941955566406
706.0,False,False,34.44392776489258,41.71186828613281,True,35.0,20.063941955566406
706.5,False,False,34.452144622802734,41.72178649902344,True,35.0,20.063941955566406
707.0,False,False,34.460357666015625,41.73169708251953,True,35.0,20.063941955566406
707.5,False,False,34.46856689453125,41.741600036621094,True,35.0,20.063941955566406
708.0,False,True,34.47677230834961,41.751502990722656,True,35.0,20.063941955566406
708.5,False,False,34.48497772216797,41.76140213012695,True,35.0,20.063941955566406
709.0,False,False,34.4931755065918,41.77129364013672,True,35.0,20.063941955566406
709.5,False,False,34.501373291015625,41.781185150146484,True,35.0,20.063941955566406
710.0,False,False,34.50956344604492,41.79106903076172,True,35.0,20.063941955566406
710.5,False,False,34.51775360107422,41.80094909667969,True,35.0,20.063941955566406
711.0,False,True,34.525936126708984,41.81082534790039,True,35.0,20.063941955566406
711.5,False,False,34.53411865234375,41.82069778442383,True,35.0,20.063941955566406
712.0,False,False,34.54229736328125,41.830562591552734,True,35.0,20.063941955566406
712.5,False,False,34.550472259521484,41.84042739868164,True,35.0,20.063941955566406
713.0,False,False,34.55864334106445,41.850284576416016,True,35.0,20.063941955566406
713.5,False,False,34.566810607910156,41.86014175415039,True,35.0,20.063941955566406
714.0,False,True,34.574974060058594,41.869991302490234,True,35.0,20.063941955566406
714.5,False,False,34.583133697509766,41.87983703613281,True,35.0,20.063941955566406
715.0,False,False,34.59128952026367,41.889678955078125,True,35.0,20.063941955566406
715.5,False,False,34.59944152832031,41.89951705932617,True,35.0,20.063941955566406
716.0,False,False,34.60759353637695,41.90935134887695,True,35.0,20.063941955566406
716.5,False,False,34.61573791503906,41.9191780090332,True,35.0,20.063941955566406
717.0,False,True,34.62388229370117,41.92900466918945,True,35.0,20.063941955566406
717.5,False,False,34.63201904296875,41.93882369995117,True,35.0,20.063941955566406
718.0,False,False,34.64015579223633,41.948638916015625,True,35.0,20.063941955566406
718.5,False,False,34.64828872680664,41.95845413208008,True,35.0,20.063941955566406
719.0,False,False,34.65641784667969,41.96826171875,True,35.0,20.063941955566406
719.5,False,False,34.66454315185547,41.978065490722656,True,35.0,20.063941955566406
720.0,False,True,34.672664642333984,41.98786163330078,True,35.0,20.063941955566406
720.5,False,False,34.680782318115234,41.997657775878906,True,35.0,20.063941955566406
721.0,False,False,34.68889617919922,42.007450103759766,True,35.0,20.063941955566406
721.5,False,False,34.69700622558594,42.017234802246094,True,35.0,20.063941955566406
722.0,False,False,34.705116271972656,42.027015686035156,True,35.0,20.063941955566406
722.5,False,False,34.713218688964844,42.03679656982422,True,35.0,20.063941955566406
723.0,False,True,34.721317291259766,42.04656982421875,True,35.0,20.063941955566406
723.5,False,False,34.72941589355469,42.056339263916016,True,35.0,20.063941955566406
724.0,False,False,34.737510681152344,42.06610107421875,True,35.0,20.063941955566406
724.5,False,False,34.74559783935547,42.075862884521484,True,35.0,20.063941955566406
725.0,False,False,34.753684997558594,42.08562088012695,True,35.0,20.063941955566406
725.5,False,False,34.76176834106445,42.09537124633789,True,35.0,20.063941955566406
726.0,False,True,34.76984786987305,42.10512161254883,True,35.0,20.063941955566406
726.5,False,False,34.777923583984375,42.114864349365234,True,35.0,20.063941955566406
727.0,False,False,34.78599548339844,42.124603271484375,True,35.0,20.063941955566406
727.5,False,False,34.7940673828125,42.13433837890625,True,35.0,20.063941955566406
728.0,False,False,34.80213165283203,42.14406967163086,True,35.0,20.063941955566406
728.5,False,False,34.8101921081543,42.1537971496582,True,35.0,20.063941955566406
729.0,False,True,34.81825256347656,42.16352081298828,True,35.0,20.063941955566406
729.5,False,False,34.8263053894043,42.173240661621094,True,35.0,20.063941955566406
730.0,False,False,34.83435821533203,42.182952880859375,True,35.0,20.063941955566406
730.5,False,False,34.8424072265625,42.192665100097656,True,35.0,20.063941955566406
731.0,False,False,34.8504524230957,42.202369689941406,True,35.0,20.063941955566406
731.5,False,False,34.858489990234375,42.21207046508789,True,35.0,20.063941955566406
732.0,False,True,34.86653137207031,42.22176742553711,True,35.0,20.063941955566406
732.5,False,False,34.87456512451172,42.23146057128906,True,35.0,20.063941955566406
733.0,False,False,34.88259506225586,42.24114990234375,True,35.0,20.063941955566406
733.5,False,False,34.890621185302734,42.25083541870117,True,35.0,20.063941955566406
734.0,False,False,34.898643493652344,42.26051712036133,True,35.0,20.063941955566406
734.5,False,False,34.90666580200195,42.27019119262695,True,35.0,20.063941955566406
735.0,False,True,34.91468048095703,42.27986526489258,True,35.0,20.063941955566406
735.5,False,False,34.92269515991211,42.28953170776367,True,35.0,20.063941955566406
736.0,False,False,34.93070602416992,42.299198150634766,True,35.0,20.063941955566406
736.5,False,False,34.93871307373047,42.30885696411133,True,35.0,20.063941955566406
737.0,False,False,34.94671630859375,42.318511962890625,True,35.0,20.063941955566406
737.5,False,False,34.954715728759766,42.328163146972656,True,35.0,20.063941955566406
738.0,False,True,34.962711334228516,42.33781051635742,True,35.0,20.063941955566406
738.5,False,False,34.970703125,42.34745407104492,True,35.0,20.063941955566406
739.0,False,False,34.97869110107422,42.35708999633789,True,35.0,20.063941955566406
739.5,False,False,34.98667526245117,42.36672592163086,True,35.0,20.063941955566406
740.0,False,False,34.994659423828125,42.37635803222656,True,35.0,20.063941955566406
740.5,False,False,35.00263595581055,42.385982513427734,True,35.0,20.063941955566406
741.0,True,True,35.01061248779297,42.39560317993164,False,34.37095642089844,20.063941955566406
741.5,False,False,35.018585205078125,42.40522003173828,False,34.37095642089844,20.063941955566406
742.0,False,False,35.026554107666016,42.41483688354492,False,34.37095642089844,20.063941955566406
742.5,False,False,35.03451919555664,42.42444610595703,False,34.37095642089844,20.063941955566406
743.0,False,False,35.04248046875,42.434051513671875,False,34.37095642089844,20.063941955566406
743.5,False,False,35.050437927246094,42.44364929199219,False,34.37095642089844,20.063941955566406
744.0,False,True,35.05839157104492,42.4532470703125,False,34.37095642089844,20.063941955566406
744.5,False,False,35.066341400146484,42.43447494506836,False,34.37095642089844,20.063941955566406
745.0,False,False,35.07420349121094,42.415767669677734,False,34.37095642089844,20.063941955566406
745.5,False,False,35.08197021484375,42.39712905883789,False,34.37095642089844,20.063941955566406
746.0,False,False,35.08964538574219,42.37855911254883,False,34.37095642089844,20.063941955566406
746.5,False,False,35.097232818603516,42.36005401611328,False,34.37095642089844,20.063941955566406
747.0,False,True,35.10472869873047,42.34161376953125,False,34.37095642089844,20.063941955566406
747.5,False,False,35.11213684082031,42.3232421875,False,34.37095642089844,20.063941955566406
748.0,False,False,35.11945724487305,42.304935455322266,False,34.37095642089844,20.063941955566406
748.5,False,False,35.126686096191406,42.28668975830078,False,34.37095642089844,20.063941955566406
749.0,False,False,35.13383102416992,42.26851272583008,False,34.37095642089844,20.063941955566406
749.5,False,False,35.14088821411133,42.25040054321289,False,34.37095642089844,20.063941955566406
750.0,False,True,35.147857666015625,42.23234939575195,False,34.37095642089844,20.063941955566406
750.5,False,False,35.15474319458008,42.2143669128418,False,34.37095642089844,20.063941955566406
751.0,False,False,35.16154098510742,42.196441650390625,False,34.37095642089844,20.063941955566406
751.5,False,False,35.16825866699219,42.17858123779297,False,34.37095642089844,20.063941955566406
752.0,False,False,35.174888610839844,42.16078567504883,False,34.37095642089844,20.063941955566406
752.5,False,False,35.181434631347656,42.14304733276367,False,34.37095642089844,20.063941955566406
753.0,False,True,35.18790054321289,42.12537384033203,False,34.37095642089844,20.063941955566406
753.5,False,False,35.19428253173828,42.10776138305664,False,34.37095642089844,20.063941955566406
754.0,False,False,35.200584411621094,42.0902099609375,False,34.37095642089844,20.063941955566406
754.5,False,False,35.20680236816406,42.07271957397461,False,34.37095642089844,20.063941955566406
755.0,False,False,35.21294021606445,42.05529022216797,False,34.37095642089844,20.063941955566406
755.5,False,False,35.218997955322266,42.03791809082031,False,34.37095642089844,20.063941955566406
756.0,False,True,35.2249755859375,42.020606994628906,False,34.37095642089844,20.063941955566406
756.5,False,False,35.23087692260742,42.003353118896484,False,34.37095642089844,20.063941955566406
757.0,False,False,35.2366943359375,41.98616027832031,False,34.37095642089844,20.063941955566406
757.5,False,False,35.24243927001953,41.969024658203125,False,34.37095642089844,20.063941955566406
758.0,False,False,35.248104095458984,41.95194625854492,False,34.37095642089844,20.063941955566406
758.5,False,False,35.25368881225586,41.93492889404297,False,34.37095642089844,20.063941955566406
759.0,False,True,35.25920104980469,41.917964935302734,False,34.37095642089844,20.063941955566406
759.5,False,False,35.2646369934082,41.901058197021484,False,34.37095642089844,20.063941955566406
760.0,False,False,35.26999282836914,41.884212493896484,False,34.37095642089844,20.063941955566406
760.5,False,False,35.27527618408203,41.8674201965332,False,34.37095642089844,20.063941955566406
761.0,False,False,35.280487060546875,41.850685119628906,False,34.37095642089844,20.063941955566406
761.5,False,False,35.285621643066406,41.83400344848633,False,34.37095642089844,20.063941955566406
762.0,False,True,35.29068374633789,41.817378997802734,False,34.37095642089844,20.063941955566406
762.5,False,False,35.29566955566406,41.80080795288086,False,34.37095642089844,20.063941955566406
763.0,False,False,35.30058670043945,41.78429412841797,False,34.37095642089844,20.063941955566406
763.5,False,False,35.30542755126953,41.7678337097168,False,34.37095642089844,20.063941955566406
764.0,False,False,35.31019973754883,41.751426696777344,False,34.37095642089844,20.063941955566406
764.5,False,False,35.31489944458008,41.73507308959961,False,34.37095642089844,20.063941955566406
765.0,False,True,35.31953048706055,41.718772888183594,False,34.37095642089844,20.063941955566406
765.5,False,False,35.32408905029297,41.70252990722656,False,34.37095642089844,20.063941955566406
766.0,False,False,35.328575134277344,41.686336517333984,False,34.37095642089844,20.063941955566406
766.5,False,False,35.3329963684082,41.67019271850586,False,34.37095642089844,20.063941955566406
767.0,False,False,35.337345123291016,41.65410614013672,False,34.37095642089844,20.063941955566406
767.5,False,False,35.34162521362305,41.63806915283203,False,34.37095642089844,20.063941955566406
768.0,False,True,35.34584045410156,41.6220817565918,False,34.37095642089844,20.063941955566406
768.5,False,False,35.3499870300293,41.60614776611328,False,34.37095642089844,20.063941955566406
769.0,False,False,35.35406494140625,41.590267181396484,False,34.37095642089844,20.063941955566406
769.5,False,False,35.35807800292969,41.574432373046875,False,34.37095642089844,20.063941955566406
770.0,False,False,35.362022399902344,41.558650970458984,False,34.37095642089844,20.063941955566406
770.5,False,False,35.365901947021484,41.54291915893555,False,34.37095642089844,20.063941955566406
771.0,False,True,35.36971664428711,41.52723693847656,False,34.37095642089844,20.063941955566406
771.5,False,False,35.37346649169922,41.51160430908203,False,34.37095642089844,20.063941955566406
772.0,False,False,35.37715148925781,41.49602127075195,False,34.37095642089844,20.063941955566406
772.5,False,False,35.38077163696289,41.48048782348633,False,34.37095642089844,20.063941955566406
773.0,False,False,35.38432693481445,41.46500015258789,False,34.37095642089844,20.063941955566406
773.5,False,False,35.387821197509766,41.44956588745117,False,34.37095642089844,20.063941955566406
774.0,False,True,35.39125061035156,41.434173583984375,False,34.37095642089844,20.063941955566406
774.5,False,False,35.39461898803711,41.4188346862793,False,34.37095642089844,20.063941955566406
775.0,False,False,35.39792251586914,41.40353775024414,False,34.37095642089844,20.063941955566406
775.5,False,False,35.40116882324219,41.38829040527344,False,34.37095642089844,20.063941955566406
776.0,False,False,35.40435028076172,41.37309265136719,False,34.37095642089844,20.063941955566406
776.5,False,False,35.407470703125,41.357940673828125,False,34.37095642089844,20.063941955566406
777.0,False,True,35.4105339050293,41.342830657958984,False,34.37095642089844,20.063941955566406
777.5,False,False,35.413536071777344,41.3277702331543,False,34.37095642089844,20.063941955566406
778.0,False,False,35.41647720336914,41.3127555847168,False,34.37095642089844,20.063941955566406
778.5,False,False,35.41936111450195,41.297786712646484,False,34.37095642089844,20.063941955566406
779.0,False,False,35.422183990478516,41.28286361694336,False,34.37095642089844,20.063941955566406
779.5,False,False,35.424949645996094,41.267982482910156,False,34.37095642089844,20.063941955566406
780.0,False,True,35.42765426635742,41.253150939941406,False,34.37095642089844,20.063941955566406
780.5,False,False,35.43030548095703,41.23836135864258,False,34.37095642089844,20.063941955566406
781.0,False,False,35.43289566040039,41.22361373901367,False,34.37095642089844,20.063941955566406
781.5,False,False,35.43543243408203,41.20891571044922,False,34.37095642089844,20.063941955566406
782.0,False,False,35.43790817260742,41.19425582885742,False,34.37095642089844,20.063941955566406
782.5,False,False,35.440330505371094,41.17964172363281,False,34.37095642089844,20.063941955566406
783.0,False,True,35.44269561767578,41.165069580078125,False,34.37095642089844,20.063941955566406
783.5,False,False,35.44500732421875,41.150543212890625,False,34.37095642089844,20.063941955566406
784.0,False,False,35.447261810302734,41.13605880737305,False,34.37095642089844,20.063941955566406
784.5,False,False,35.449462890625,41.12161636352539,False,34.37095642089844,20.063941955566406
785.0,False,False,35.45161056518555,41.107215881347656,False,34.37095642089844,20.063941955566406
785.5,False,False,35.453704833984375,41.092857360839844,False,34.37095642089844,20.063941955566406
786.0,False,True,35.45574188232422,41.07854080200195,False,34.37095642089844,20.063941955566406
786.5,False,False,35.45772933959961,41.064266204833984,False,34.37095642089844,20.063941955566406
787.0,False,False,35.459659576416016,41.05003356933594,False,34.37095642089844,20.063941955566406
787.5,False,False,35.46154022216797,41.03583908081055,False,34.37095642089844,20.063941955566406
788.0,False,False,35.4633674621582,41.02168655395508,False,34.37095642089844,20.063941955566406
788.5,False,False,35.465145111083984,41.00757598876953,False,34.37095642089844,20.063941955566406
789.0,False,True,35.46686935424805,40.99350357055664,False,34.37095642089844,20.063941955566406
789.5,False,False,35.46854019165039,40.97947311401367,False,34.37095642089844,20.063941955566406
790.0,False,False,35.47016525268555,40.965484619140625,False,34.37095642089844,20.063941955566406
790.5,False,False,35.471736907958984,40.95153045654297,False,34.37095642089844,20.063941955566406
791.0,False,False,35.4732551574707,40.937618255615234,False,34.37095642089844,20.063941955566406
791.5,False,False,35.474727630615234,40.92374801635742,False,34.37095642089844,20.063941955566406
792.0,False,True,35.47615051269531,40.909912109375,False,34.37095642089844,20.063941955566406
792.5,False,False,35.47752380371094,40.8961181640625,False,34.37095642089844,20.063941955566406
793.0,False,False,35.47884750366211,40.882362365722656,False,34.37095642089844,20.063941955566406
793.5,False,False,35.48012161254883,40.86864471435547,False,34.37095642089844,20.063941955566406
794.0,False,False,35.48134994506836,40.85496139526367,False,34.37095642089844,20.063941955566406
794.5,False,False,35.48252868652344,40.8413200378418,False,34.37095642089844,20.063941955566406
795.0,False,True,35.48366165161133,40.82771682739258,False,34.37095642089844,20.063941955566406
795.5,False,False,35.484745025634766,40.81414794921875,False,34.37095642089844,20.063941955566406
796.0,False,False,35.485782623291016,40.80061721801758,False,34.37095642089844,20.063941955566406
796.5,False,False,35.48677444458008,40.78712463378906,False,34.37095642089844,20.063941955566406
797.0,False,False,35.48771667480469,40.7736701965332,False,34.37095642089844,20.063941955566406
797.5,False,False,35.488616943359375,40.760250091552734,False,34.37095642089844,20.063941955566406
798.0,False,True,35.48946762084961,40.746864318847656,False,34.37095642089844,20.063941955566406
798.5,False,False,35.49027633666992,40.733516693115234,False,34.37095642089844,20.063941955566406
799.0,False,False,35.49103927612305,40.72020721435547,False,34.37095642089844,20.063941955566406
799.5,False,False,35.491756439208984,40.706932067871094,False,34.37095642089844,20.063941955566406
800.0,False,False,35.492427825927734,40.69369125366211,False,34.37095642089844,20.063941955566406
800.5,False,False,35.49305725097656,40.680484771728516,False,34.37095642089844,20.063941955566406
801.0,False,True,35.49364471435547,40.66731643676758,False,34.37095642089844,20.063941955566406
801.5,False,False,35.49418640136719,40.65418243408203,False,34.37095642089844,20.063941955566406
802.0,False,False,35.49468231201172,40.641082763671875,False,34.37095642089844,20.063941955566406
802.5,False,False,35.49513626098633,40.62801742553711,False,34.37095642089844,20.063941955566406
803.0,False,False,35.495548248291016,40.614986419677734,False,34.37095642089844,20.063941955566406
803.5,False,False,35.49591827392578,40.60198974609375,False,34.37095642089844,20.063941955566406
804.0,False,True,35.496246337890625,40.58902359008789,False,34.37095642089844,20.063941955566406
804.5,False,False,35.49653244018555,40.57609558105469,False,34.37095642089844,20.063941955566406
805.0,False,False,35.49677658081055,40.56319808959961,False,34.37095642089844,20.063941955566406
805.5,False,False,35.496978759765625,40.55033874511719,False,34.37095642089844,20.063941955566406
806.0,False,False,35.49714279174805,40.537506103515625,False,34.37095642089844,20.063941955566406
806.5,False,False,35.49726104736328,40.52471160888672,False,34.37095642089844,20.063941955566406
807.0,False,True,35.49734115600586,40.51194763183594,False,34.37095642089844,20.063941955566406
807.5,False,False,35.49738311767578,40.49921798706055,False,34.37095642089844,20.063941955566406
808.0,False,False,35.49738311767578,40.48651885986328,False,34.37095642089844,20.063941955566406
808.5,False,False,35.497344970703125,40.47385025024414,False,34.37095642089844,20.063941955566406
809.0,False,False,35.49726486206055,40.46121597290039,False,34.37095642089844,20.063941955566406
809.5,False,False,35.49714660644531,40.44861602783203,False,34.37095642089844,20.063941955566406
810.0,False,True,35.49699020385742,40.4360466003418,False,34.37095642089844,20.063941955566406
810.5,False,False,35.496795654296875,40.42350387573242,False,34.37095642089844,20.063941955566406
811.0,False,False,35.49656295776367,40.4109992980957,False,34.37095642089844,20.063941955566406
811.5,False,False,35.49628829956055,40.398521423339844,False,34.37095642089844,20.063941955566406
812.0,False,False,35.49597930908203,40.38607406616211,False,34.37095642089844,20.063941955566406
812.5,False,False,35.49563217163086,40.373661041259766,False,34.37095642089844,20.063941955566406
813.0,False,True,35.49524688720703,40.36127471923828,False,34.37095642089844,20.063941955566406
813.5,False,False,35.49482727050781,40.34892272949219,False,34.37095642089844,20.063941955566406
814.0,False,False,35.49436569213867,40.33659744262695,False,34.37095642089844,20.063941955566406
814.5,False,False,35.493873596191406,40.32430648803711,False,34.37095642089844,20.063941955566406
815.0,False,False,35.49333953857422,40.312042236328125,False,34.37095642089844,20.063941955566406
815.5,False,False,35.49277114868164,40.299808502197266,False,34.37095642089844,20.063941955566406
816.0,False,True,35.49216842651367,40.28760528564453,False,34.37095642089844,20.063941955566406
816.5,False,False,35.49153137207031,40.275428771972656,False,34.37095642089844,20.063941955566406
817.0,False,False,35.4908561706543,40.26328659057617,False,34.37095642089844,20.063941955566406
817.5,False,False,35.49014663696289,40.25116729736328,False,34.37095642089844,20.063941955566406
818.0,False,False,35.489402770996094,40.23908233642578,False,34.37095642089844,20.063941955566406
818.5,False,False,35.488624572753906,40.22702407836914,False,34.37095642089844,20.063941955566406
819.0,False,True,35.48780822753906,40.21499252319336,False,34.37095642089844,20.063941955566406
819.5,False,False,35.486961364746094,40.2029914855957,False,34.37095642089844,20.063941955566406
820.0,False,False,35.486080169677734,40.19102096557617,False,34.37095642089844,20.063941955566406
820.5,False,False,35.485164642333984,40.179073333740234,False,34.37095642089844,20.063941955566406
821.0,False,False,35.48421859741211,40.16715621948242,False,34.37095642089844,20.063941955566406
821.5,False,False,35.48323440551758,40.155269622802734,False,34.37095642089844,20.063941955566406
822.0,False,True,35.48221969604492,40.143409729003906,False,34.37095642089844,20.063941955566406
822.5,False,False,35.481170654296875,40.13157272338867,False,34.37095642089844,20.063941955566406
823.0,False,False,35.4800910949707,40.11976623535156,False,34.37095642089844,20.063941955566406
823.5,False,False,35.47897720336914,40.10799026489258,False,34.37095642089844,20.063941955566406
824.0,False,False,35.47783279418945,40.09623718261719,False,34.37095642089844,20.063941955566406
824.5,False,False,35.47665786743164,40.084510803222656,False,34.37095642089844,20.063941955566406
825.0,False,True,35.47544860839844,40.07281494140625,False,34.37095642089844,20.063941955566406
825.5,False,False,35.47420883178711,40.06114196777344,False,34.37095642089844,20.063941955566406
826.0,False,False,35.472938537597656,40.049495697021484,False,34.37095642089844,20.063941955566406
826.5,False,False,35.47163391113281,40.03787612915039,False,34.37095642089844,20.063941955566406
827.0,False,False,35.47030258178711,40.026283264160156,False,34.37095642089844,20.063941955566406
827.5,False,False,35.46894073486328,40.01471710205078,False,34.37095642089844,20.063941955566406
828.0,False,True,35.46754455566406,40.003177642822266,False,34.37095642089844,20.063941955566406
828.5,False,False,35.466121673583984,39.991661071777344,False,34.37095642089844,20.063941955566406
829.0,False,False,35.46466827392578,39.98017501831055,False,34.37095642089844,20.063941955566406
829.5,False,False,35.46318054199219,39.96870803833008,False,34.37095642089844,20.063941955566406
830.0,False,False,35.461669921875,39.957271575927734,False,34.37095642089844,20.063941955566406
830.5,False,False,35.46012496948242,39.945858001708984,False,34.37095642089844,20.063941955566406
831.0,False,True,35.458553314208984,39.934471130371094,False,34.37095642089844,20.063941955566406
831.5,False,False,35.45695114135742,39.9231071472168,False,34.37095642089844,20.063941955566406
832.0,False,False,35.455322265625,39.911766052246094,False,34.37095642089844,20.063941955566406
832.5,False,False,35.45366287231445,39.900455474853516,False,34.37095642089844,20.063941955566406
833.0,False,False,35.45197677612305,39.889163970947266,False,34.37095642089844,20.063941955566406
833.5,False,False,35.450260162353516,39.877899169921875,False,34.37095642089844,20.063941955566406
834.0,False,True,35.448516845703125,39.86665725708008,False,34.37095642089844,20.063941955566406
834.5,False,False,35.446746826171875,39.85544204711914,False,34.37095642089844,20.063941955566406
835.0,False,False,35.444950103759766,39.8442497253418,False,34.37095642089844,20.063941955566406
835.5,False,False,35.44312286376953,39.83308029174805,False,34.37095642089844,20.063941955566406
836.0,False,False,35.44126892089844,39.82193374633789,False,34.37095642089844,20.063941955566406
836.5,False,False,35.439388275146484,39.810813903808594,False,34.37095642089844,20.063941955566406
837.0,False,True,35.43748474121094,39.79971694946289,False,34.37095642089844,20.063941955566406
837.5,False,False,35.435550689697266,39.78864288330078,False,34.37095642089844,20.063941955566406
838.0,False,False,35.433589935302734,39.777587890625,False,34.37095642089844,20.063941955566406
838.5,False,False,35.431602478027344,39.76655960083008,False,34.37095642089844,20.063941955566406
839.0,False,False,35.429588317871094,39.75555419921875,False,34.37095642089844,20.063941955566406
839.5,False,False,35.42755126953125,39.744571685791016,False,34.37095642089844,20.063941955566406
840.0,False,True,35.42548751831055,39.733612060546875,False,34.37095642089844,20.063941955566406
840.5,False,False,35.423397064208984,39.72267532348633,False,34.37095642089844,20.063941955566406
841.0,False,False,35.42128372192383,39.711761474609375,False,34.37095642089844,20.063941955566406
841.5,False,False,35.41914367675781,39.70086669921875,False,34.37095642089844,20.063941955566406
842.0,False,False,35.41697692871094,39.689998626708984,False,34.37095642089844,20.063941955566406
842.5,False,False,35.41478729248047,39.67914962768555,False,34.37095642089844,20.063941955566406
843.0,False,True,35.41257095336914,39.6683235168457,False,34.37095642089844,20.063941955566406
843.5,False,False,35.41033172607422,39.65752029418945,False,34.37095642089844,20.063941955566406
844.0,False,False,35.40806579589844,39.64673614501953,False,34.37095642089844,20.063941955566406
844.5,False,False,35.40578079223633,39.6359748840332,False,34.37095642089844,20.063941955566406
845.0,False,False,35.40346908569336,39.62523651123047,False,34.37095642089844,20.063941955566406
845.5,False,False,35.40113067626953,39.61451721191406,False,34.37095642089844,20.063941955566406
846.0,False,True,35.398773193359375,39.60382080078125,False,34.37095642089844,20.063941955566406
846.5,False,False,35.39638900756836,39.593143463134766,False,34.37095642089844,20.063941955566406
847.0,False,False,35.39398193359375,39.582489013671875,False,34.37095642089844,20.063941955566406
847.5,False,False,35.39155197143555,39.57185745239258,False,34.37095642089844,20.063941955566406
848.0,False,False,35.38909912109375,39.56124496459961,False,34.37095642089844,20.063941955566406
848.5,False,False,35.38662338256836,39.55065155029297,False,34.37095642089844,20.063941955566406
849.0,False,True,35.384124755859375,39.54008102416992,False,34.37095642089844,20.063941955566406
849.5,False,False,35.38160705566406,39.5295295715332,False,34.37095642089844,20.063941955566406
850.0,False,False,35.37906265258789,39.51899719238281,False,34.37095642089844,20.063941955566406
850.5,False,False,35.376495361328125,39.508487701416016,False,34.37095642089844,20.063941955566406
851.0,False,False,35.37390899658203,39.49799728393555,False,34.37095642089844,20.063941955566406
851.5,False,False,35.371299743652344,39.48752975463867,False,34.37095642089844,20.063941955566406
852.0,False,True,35.36866760253906,39.47707748413086,False,34.37095642089844,20.063941955566406
852.5,False,False,35.36601638793945,39.46664810180664,False,34.37095642089844,20.063941955566406
853.0,False,False,35.36334228515625,39.45623779296875,False,34.37095642089844,20.063941955566406
853.5,False,False,35.36064910888672,39.44584655761719,False,34.37095642089844,20.063941955566406
854.0,False,False,35.35792922973633,39.43547439575195,False,34.37095642089844,20.063941955566406
854.5,False,False,35.355194091796875,39.42512130737305,False,34.37095642089844,20.063941955566406
855.0,False,True,35.35243606567383,39.414791107177734,False,34.37095642089844,20.063941955566406
855.5,False,False,35.34965515136719,39.404476165771484,False,34.37095642089844,20.063941955566406
856.0,False,False,35.34685516357422,39.39418411254883,False,34.37095642089844,20.063941955566406
856.5,False,False,35.34403610229492,39.383907318115234,False,34.37095642089844,20.063941955566406
857.0,False,False,35.34119415283203,39.37364959716797,False,34.37095642089844,20.063941955566406
857.5,False,False,35.33833694458008,39.3634147644043,False,34.37095642089844,20.063941955566406
858.0,False,True,35.33545684814453,39.35319519042969,False,34.37095642089844,20.063941955566406
858.5,False,False,35.33255386352539,39.342994689941406,False,34.37095642089844,20.063941955566406
859.0,False,False,35.32963562011719,39.33281326293945,False,34.37095642089844,20.063941955566406
859.5,False,False,35.32669448852539,39.32265090942383,False,34.37095642089844,20.063941955566406
860.0,False,False,35.32373809814453,39.312503814697266,False,34.37095642089844,20.063941955566406
860.5,False,False,35.32075881958008,39.3023796081543,False,34.37095642089844,20.063941955566406
861.0,False,True,35.3177604675293,39.29227066040039,False,34.37095642089844,20.063941955566406
861.5,False,False,35.31474685668945,39.28218078613281,False,34.37095642089844,20.063941955566406
862.0,False,False,35.311710357666016,39.2721061706543,False,34.37095642089844,20.063941955566406
862.5,False,False,35.308658599853516,39.262054443359375,False,34.37095642089844,20.063941955566406
863.0,False,False,35.30558395385742,39.25201416015625,False,34.37095642089844,20.063941955566406
863.5,False,False,35.302494049072266,39.24199676513672,False,34.37095642089844,20.063941955566406
864.0,False,True,35.29938507080078,39.23199462890625,False,34.37095642089844,20.063941955566406
864.5,False,False,35.29625701904297,39.22201156616211,False,34.37095642089844,20.063941955566406
865.0,False,False,35.293113708496094,39.21204376220703,False,34.37095642089844,20.063941955566406
865.5,False,False,35.289947509765625,39.20209503173828,False,34.37095642089844,20.063941955566406
866.0,False,False,35.28676986694336,39.192161560058594,False,34.37095642089844,20.063941955566406
866.5,False,False,35.2835693359375,39.182247161865234,False,34.37095642089844,20.063941955566406
867.0,False,True,35.28035354614258,39.1723518371582,False,34.37095642089844,20.063941955566406
867.5,False,False,35.27711868286133,39.16246795654297,False,34.37095642089844,20.063941955566406
868.0,False,False,35.273868560791016,39.15260696411133,False,34.37095642089844,20.063941955566406
868.5,False,False,35.270599365234375,39.142757415771484,False,34.37095642089844,20.063941955566406
869.0,False,False,35.26731491088867,39.13292694091797,False,34.37095642089844,20.063941955566406
869.5,False,False,35.26401138305664,39.12311553955078,False,34.37095642089844,20.063941955566406
870.0,False,True,35.26069259643555,39.11331558227539,False,34.37095642089844,20.063941955566406
870.5,False,False,35.25735855102539,39.10353469848633,False,34.37095642089844,20.063941955566406
871.0,False,False,35.254005432128906,39.093772888183594,False,34.37095642089844,20.063941955566406
871.5,False,False,35.25063705444336,39.084022521972656,False,34.37095642089844,20.063941955566406
872.0,False,False,35.24725341796875,39.07429122924805,False,34.37095642089844,20.063941955566406
872.5,False,False,35.24385452270508,39.0645751953125,False,34.37095642089844,20.063941955566406
873.0,False,True,35.24043655395508,39.054874420166016,False,34.37095642089844,20.063941955566406
873.5,False,False,35.237003326416016,39.045188903808594,False,34.37095642089844,20.063941955566406
874.0,False,False,35.23355484008789,39.0355224609375,False,34.37095642089844,20.063941955566406
874.5,False,False,35.2300910949707,39.02587127685547,False,34.37095642089844,20.063941955566406
875.0,False,False,35.22660827636719,39.0162353515625,False,34.37095642089844,20.063941955566406
875.5,False,False,35.223114013671875,39.00661087036133,False,34.37095642089844,20.063941955566406
876.0,False,True,35.2196044921875,38.997005462646484,False,34.37095642089844,20.063941955566406
876.5,False,False,35.2160758972168,38.98741912841797,False,34.37095642089844,20.063941955566406
877.0,False,False,35.2125358581543,38.97784423828125,False,34.37095642089844,20.063941955566406
877.5,False,False,35.208980560302734,38.968284606933594,False,34.37095642089844,20.063941955566406
878.0,False,False,35.205406188964844,38.958740234375,False,34.37095642089844,20.063941955566406
878.5,False,False,35.201820373535156,38.94921112060547,False,34.37095642089844,20.063941955566406
879.0,False,True,35.198219299316406,38.939697265625,False,34.37095642089844,20.063941955566406
879.5,False,False,35.19460678100586,38.930198669433594,False,34.37095642089844,20.063941955566406
880.0,False,False,35.190975189208984,38.92071533203125,False,34.37095642089844,20.063941955566406
880.5,False,False,35.18733215332031,38.9112434387207,False,34.37095642089844,20.063941955566406
881.0,False,False,35.18367385864258,38.901790618896484,False,34.37095642089844,20.063941955566406
881.5,False,False,35.18000030517578,38.89235305786133,False,34.37095642089844,20.063941955566406
882.0,False,True,35.17631149291992,38.88292694091797,False,34.37095642089844,20.063941955566406
882.5,False,False,35.172611236572266,38.87351608276367,False,34.37095642089844,20.063941955566406
883.0,False,False,35.16889572143555,38.86412048339844,False,34.37095642089844,20.063941955566406
883.5,False,False,35.16516876220703,38.854740142822266,False,34.37095642089844,20.063941955566406
884.0,False,False,35.16142654418945,38.84537124633789,False,34.37095642089844,20.063941955566406
884.5,False,False,35.15767288208008,38.836021423339844,False,34.37095642089844,20.063941955566406
885.0,False,True,35.15390396118164,38.826683044433594,False,34.37095642089844,20.063941955566406
885.5,False,False,35.15011978149414,38.81735610961914,False,34.37095642089844,20.063941955566406
886.0,False,False,35.146324157714844,38.808048248291016,False,34.37095642089844,20.063941955566406
886.5,False,False,35.14251708984375,38.79875183105469,False,34.37095642089844,20.063941955566406
887.0,False,False,35.138694763183594,38.789466857910156,False,34.37095642089844,20.063941955566406
887.5,False,False,35.13486099243164,38.78020095825195,False,34.37095642089844,20.063941955566406
888.0,False,True,35.131011962890625,38.77094650268555,False,34.37095642089844,20.063941955566406
888.5,False,False,35.12715148925781,38.76170349121094,False,34.37095642089844,20.063941955566406
889.0,False,False,35.1232795715332,38.75247573852539,False,34.37095642089844,20.063941955566406
889.5,False,False,35.11939239501953,38.743263244628906,False,34.37095642089844,20.063941955566406
890.0,False,False,35.11549377441406,38.73406219482422,False,34.37095642089844,20.063941955566406
890.5,False,False,35.1115837097168,38.724876403808594,False,34.37095642089844,20.063941955566406
891.0,False,True,35.107662200927734,38.715702056884766,False,34.37095642089844,20.063941955566406
891.5,False,False,35.103729248046875,38.70654296875,False,34.37095642089844,20.063941955566406
892.0,False,False,35.09978103637695,38.69739532470703,False,34.37095642089844,20.063941955566406
892.5,False,False,35.095821380615234,38.688262939453125,False,34.37095642089844,20.063941955566406
893.0,False,False,35.09185028076172,38.679141998291016,False,34.37095642089844,20.063941955566406
893.5,False,False,35.087867736816406,38.67003631591797,False,34.37095642089844,20.063941955566406
894.0,False,True,35.0838737487793,38.66094207763672,False,34.37095642089844,20.063941955566406
894.5,False,False,35.07986831665039,38.651859283447266,False,34.37095642089844,20.063941955566406
895.0,False,False,35.07585144042969,38.642791748046875,False,34.37095642089844,20.063941955566406
895.5,False,False,35.07182312011719,38.63373565673828,False,34.37095642089844,20.063941955566406
896.0,False,False,35.06778335571289,38.624691009521484,False,34.37095642089844,20.063941955566406
896.5,False,False,35.06372833251953,38.61566162109375,False,34.37095642089844,20.063941955566406
897.0,False,True,35.05966567993164,38.60664367675781,False,34.37095642089844,20.063941955566406
897.5,False,False,35.05559539794922,38.59764099121094,False,34.37095642089844,20.063941955566406
898.0,False,False,35.051509857177734,38.588645935058594,False,34.37095642089844,20.063941955566406
898.5,False,False,35.04741287231445,38.57966613769531,False,34.37095642089844,20.063941955566406
899.0,False,False,35.043304443359375,38.57069778442383,False,34.37095642089844,20.063941955566406
899.5,False,False,35.039188385009766,38.561744689941406,False,34.37095642089844,20.063941955566406
900.0,False,True,35.03506088256836,38.552799224853516,False,34.37095642089844,20.063941955566406
900.5,False,False,35.030921936035156,38.54386901855469,False,34.37095642089844,20.063941955566406
901.0,False,False,35.026771545410156,38.534950256347656,False,34.37095642089844,20.063941955566406
901.5,False,False,35.022613525390625,38.52604675292969,False,34.37095642089844,20.063941955566406
902.0,False,False,35.0184440612793,38.51715087890625,False,34.37095642089844,20.063941955566406
902.5,False,False,35.01426315307617,38.50826644897461,False,34.37095642089844,20.063941955566406
903.0,False,True,35.010074615478516,38.49939727783203,False,34.37095642089844,20.063941955566406
903.5,False,False,35.0058708190918,38.49053955078125,False,34.37095642089844,20.063941955566406
904.0,False,False,35.00166320800781,38.481693267822266,False,34.37095642089844,20.063941955566406
904.5,False,False,34.997440338134766,38.47285842895508,False,34.37095642089844,20.063941955566406
905.0,False,False,34.99320983886719,38.46403503417969,False,34.37095642089844,20.063941955566406
905.5,False,False,34.98897171020508,38.455223083496094,False,34.37095642089844,20.063941955566406
906.0,False,True,34.98472213745117,38.4464225769043,False,34.37095642089844,20.063941955566406
906.5,False,False,34.98046112060547,38.4376335144043,False,34.37095642089844,20.063941955566406
907.0,False,False,34.976192474365234,38.428855895996094,False,34.37095642089844,20.063941955566406
907.5,False,False,34.9719123840332,38.42008972167969,False,34.37095642089844,20.063941955566406
908.0,False,False,34.96762466430664,38.411338806152344,False,34.37095642089844,20.063941955566406
908.5,False,False,34.96332931518555,38.40259552001953,False,34.37095642089844,20.063941955566406
909.0,False,True,34.959022521972656,38.393863677978516,False,34.37095642089844,20.063941955566406
909.5,False,False,34.954708099365234,38.3851432800293,False,34.37095642089844,20.063941955566406
910.0,False,False,34.950382232666016,38.376434326171875,False,34.37095642089844,20.063941955566406
910.5,False,False,34.946048736572266,38.36773681640625,False,34.37095642089844,20.063941955566406
911.0,False,False,34.94170379638672,38.359046936035156,False,34.37095642089844,20.063941955566406
911.5,False,False,34.93735122680664,38.350372314453125,False,34.37095642089844,20.063941955566406
912.0,False,True,34.93299102783203,38.34170913696289,False,34.37095642089844,20.063941955566406
912.5,False,False,34.92862319946289,38.33305358886719,False,34.37095642089844,20.063941955566406
913.0,False,False,34.92424392700195,38.32440948486328,False,34.37095642089844,20.063941955566406
913.5,False,False,34.919857025146484,38.31577682495117,False,34.37095642089844,20.063941955566406
914.0,False,False,34.915462493896484,38.30715560913086,False,34.37095642089844,20.063941955566406
914.5,False,False,34.91106033325195,38.298545837402344,False,34.37095642089844,20.063941955566406
915.0,False,True,34.906646728515625,38.289947509765625,False,34.37095642089844,20.063941955566406
915.5,False,False,34.90222930908203,38.28135681152344,False,34.37095642089844,20.063941955566406
916.0,False,False,34.89780044555664,38.27277755737305,False,34.37095642089844,20.063941955566406
916.5,False,False,34.89336395263672,38.26420974731445,False,34.37095642089844,20.063941955566406
917.0,False,False,34.888916015625,38.255653381347656,False,34.37095642089844,20.063941955566406
917.5,False,False,34.884464263916016,38.24710464477539,False,34.37095642089844,20.063941955566406
918.0,False,True,34.8800048828125,38.23856735229492,False,34.37095642089844,20.063941955566406
918.5,False,False,34.87553405761719,38.23004150390625,False,34.37095642089844,20.063941955566406
919.0,False,False,34.87105941772461,38.22152328491211,False,34.37095642089844,20.063941955566406
919.5,False,False,34.866573333740234,38.21302032470703,False,34.37095642089844,20.063941955566406
920.0,False,False,34.86207962036133,38.20452117919922,False,34.37095642089844,20.063941955566406
920.5,False,False,34.857582092285156,38.19603729248047,False,34.37095642089844,20.063941955566406
921.0,False,True,34.85307312011719,38.18756103515625,False,34.37095642089844,20.063941955566406
921.5,False,False,34.84856033325195,38.17909622192383,False,34.37095642089844,20.063941955566406
922.0,False,False,34.84403610229492,38.17063903808594,False,34.37095642089844,20.063941955566406
922.5,False,False,34.83950424194336,38.162193298339844,False,34.37095642089844,20.063941955566406
923.0,False,False,34.83496856689453,38.15375900268555,False,34.37095642089844,20.063941955566406
923.5,False,False,34.83042526245117,38.14533233642578,False,34.37095642089844,20.063941955566406
924.0,False,True,34.825870513916016,38.13691711425781,False,34.37095642089844,20.063941955566406
924.5,False,False,34.821311950683594,38.12851333618164,False,34.37095642089844,20.063941955566406
925.0,False,False,34.81674575805664,38.1201171875,False,34.37095642089844,20.063941955566406
925.5,False,False,34.81217575073242,38.11172866821289,False,34.37095642089844,20.063941955566406
926.0,False,False,34.807594299316406,38.10335159301758,False,34.37095642089844,20.063941955566406
926.5,False,False,34.80300521850586,38.09498596191406,False,34.37095642089844,20.063941955566406
927.0,False,True,34.79841232299805,38.08662796020508,False,34.37095642089844,20.063941955566406
927.5,False,False,34.7938117980957,38.07828140258789,False,34.37095642089844,20.063941955566406
928.0,False,False,34.78920364379883,38.069942474365234,False,34.37095642089844,20.063941955566406
928.5,False,False,34.78459167480469,38.06161117553711,False,34.37095642089844,20.063941955566406
929.0,False,False,34.77996826171875,38.05329132080078,False,34.37095642089844,20.063941955566406
929.5,False,False,34.77534103393555,38.04498291015625,False,34.37095642089844,20.063941955566406
930.0,False,True,34.77070999145508,38.03668212890625,False,34.37095642089844,20.063941955566406
930.5,False,False,34.76606750488281,38.02838897705078,False,34.37095642089844,20.063941955566406
931.0,False,False,34.76142120361328,38.02010726928711,False,34.37095642089844,20.063941955566406
931.5,False,False,34.75676727294922,38.01183319091797,False,34.37095642089844,20.063941955566406
932.0,False,False,34.75210952758789,38.003570556640625,False,34.37095642089844,20.063941955566406
932.5,False,False,34.74744415283203,37.99531555175781,False,34.37095642089844,20.063941955566406
933.0,False,True,34.74277114868164,37.9870719909668,False,34.37095642089844,20.063941955566406
933.5,False,False,34.738094329833984,37.97883224487305,False,34.37095642089844,20.063941955566406
934.0,False,False,34.7334098815918,37.97060775756836,False,34.37095642089844,20.063941955566406
934.5,False,False,34.72871780395508,37.96238708496094,False,34.37095642089844,20.063941955566406
935.0,False,False,34.724021911621094,37.95417785644531,False,34.37095642089844,20.063941955566406
935.5,False,False,34.719322204589844,37.94597625732422,False,34.37095642089844,20.063941955566406
936.0,False,True,34.71461486816406,37.93778610229492,False,34.37095642089844,20.063941955566406
936.5,False,False,34.70989990234375,37.929603576660156,False,34.37095642089844,20.063941955566406
937.0,False,False,34.70518112182617,37.92142868041992,False,34.37095642089844,20.063941955566406
937.5,False,False,34.70045471191406,37.913265228271484,False,34.37095642089844,20.063941955566406
938.0,False,False,34.69572448730469,37.90510559082031,False,34.37095642089844,20.063941955566406
938.5,False,False,34.69098663330078,37.89695739746094,False,34.37095642089844,20.063941955566406
939.0,False,True,34.68624496459961,37.88882064819336,False,34.37095642089844,20.063941955566406
939.5,False,False,34.68149948120117,37.88068771362305,False,34.37095642089844,20.063941955566406
940.0,False,False,34.6767463684082,37.87256622314453,False,34.37095642089844,20.063941955566406
940.5,False,False,34.6719856262207,37.86445236206055,False,34.37095642089844,20.063941955566406
941.0,False,False,34.6672248840332,37.85634994506836,False,34.37095642089844,20.063941955566406
941.5,False,False,34.66245651245117,37.84825134277344,False,34.37095642089844,20.063941955566406
942.0,False,True,34.65768051147461,37.84016418457031,False,34.37095642089844,20.063941955566406
942.5,False,False,34.65290069580078,37.83208465576172,False,34.37095642089844,20.063941955566406
943.0,False,False,34.64811706542969,37.824012756347656,False,34.37095642089844,20.063941955566406
943.5,False,False,34.64332580566406,37.81595230102539,False,34.37095642089844,20.063941955566406
944.0,False,False,34.63853073120117,37.80789566040039,False,34.37095642089844,20.063941955566406
944.5,False,False,34.633731842041016,37.79985046386719,False,34.37095642089844,20.063941955566406
945.0,False,True,34.628929138183594,37.791812896728516,False,34.37095642089844,20.063941955566406
945.5,False,False,34.62411880493164,37.783782958984375,False,34.37095642089844,20.063941955566406
946.0,False,False,34.61930465698242,37.775760650634766,False,34.37095642089844,20.063941955566406
946.5,False,False,34.61448287963867,37.76774597167969,False,34.37095642089844,20.063941955566406
947.0,False,False,34.60966110229492,37.759742736816406,False,34.37095642089844,20.063941955566406
947.5,False,False,34.60483169555664,37.75174331665039,False,34.37095642089844,20.063941955566406
948.0,False,True,34.599998474121094,37.74375534057617,False,34.37095642089844,20.063941955566406
948.5,False,False,34.595157623291016,37.735774993896484,False,34.37095642089844,20.063941955566406
949.0,False,False,34.59031677246094,37.72779846191406,False,34.37095642089844,20.063941955566406
949.5,False,False,34.58546829223633,37.71983337402344,False,34.37095642089844,20.063941955566406
950.0,False,False,34.58061599731445,37.711875915527344,False,34.37095642089844,20.063941955566406
950.5,False,False,34.57575988769531,37.70392608642578,False,34.37095642089844,20.063941955566406
951.0,False,True,34.570899963378906,37.69598388671875,False,34.37095642089844,20.063941955566406
951.5,False,False,34.566036224365234,37.688053131103516,False,34.37095642089844,20.063941955566406
952.0,False,False,34.56116485595703,37.68012619018555,False,34.37095642089844,20.063941955566406
952.5,False,False,34.55628967285156,37.67220687866211,False,34.37095642089844,20.063941955566406
953.0,False,False,34.551414489746094,37.6642951965332,False,34.37095642089844,20.063941955566406
953.5,False,False,34.546531677246094,37.656394958496094,False,34.37095642089844,20.063941955566406
954.0,False,True,34.54164505004883,37.64849853515625,False,34.37095642089844,20.063941955566406
954.5,False,False,34.5367546081543,37.64060974121094,False,34.37095642089844,20.063941955566406
955.0,False,False,34.5318603515625,37.63273239135742,False,34.37095642089844,20.063941955566406
955.5,False,False,34.52695846557617,37.62485885620117,False,34.37095642089844,20.063941955566406
956.0,False,False,34.522056579589844,37.61699295043945,False,34.37095642089844,20.063941955566406
956.5,False,False,34.51715087890625,37.609134674072266,False,34.37095642089844,20.063941955566406
957.0,False,True,34.51224136352539,37.601287841796875,False,34.37095642089844,20.063941955566406
957.5,False,False,34.50732421875,37.59344482421875,False,34.37095642089844,20.063941955566406
958.0,False,False,34.50240707397461,37.585609436035156,False,34.37095642089844,20.063941955566406
958.5,False,False,34.49748611450195,37.577781677246094,False,34.37095642089844,20.063941955566406
959.0,False,False,34.492557525634766,37.56996154785156,False,34.37095642089844,20.063941955566406
959.5,False,False,34.48762893676758,37.56214904785156,False,34.37095642089844,20.063941955566406
960.0,False,True,34.482696533203125,37.554344177246094,False,34.37095642089844,20.063941955566406
960.5,False,False,34.477760314941406,37.54654312133789,False,34.37095642089844,20.063941955566406
961.0,False,False,34.472816467285156,37.538753509521484,False,34.37095642089844,20.063941955566406
961.5,False,False,34.467872619628906,37.53097152709961,False,34.37095642089844,20.063941955566406
962.0,False,False,34.46292495727539,37.523193359375,False,34.37095642089844,20.063941955566406
962.5,False,False,34.45797348022461,37.51542282104492,False,34.37095642089844,20.063941955566406
963.0,False,True,34.45301818847656,37.50766372680664,False,34.37095642089844,20.063941955566406
963.5,False,False,34.448062896728516,37.499908447265625,False,34.37095642089844,20.063941955566406
964.0,False,False,34.44309997558594,37.49216079711914,False,34.37095642089844,20.063941955566406
964.5,False,False,34.438133239746094,37.48441696166992,False,34.37095642089844,20.063941955566406
965.0,False,False,34.43316650390625,37.4766845703125,False,34.37095642089844,20.063941955566406
965.5,False,False,34.42819595336914,37.468955993652344,False,34.37095642089844,20.063941955566406
966.0,False,True,34.423221588134766,37.461238861083984,False,34.37095642089844,20.063941955566406
966.5,False,False,34.418243408203125,37.45352554321289,False,34.37095642089844,20.063941955566406
967.0,False,False,34.41326141357422,37.44581985473633,False,34.37095642089844,20.063941955566406
967.5,False,False,34.40827560424805,37.4381217956543,False,34.37095642089844,20.063941955566406
968.0,False,False,34.403289794921875,37.43042755126953,False,34.37095642089844,20.063941955566406
968.5,False,False,34.39829635620117,37.42274475097656,False,34.37095642089844,20.063941955566406
969.0,False,True,34.39330291748047,37.41506576538086,False,34.37095642089844,20.063941955566406
969.5,False,False,34.388309478759766,37.40739440917969,False,34.37095642089844,20.063941955566406
970.0,False,False,34.38330841064453,37.39972686767578,False,34.37095642089844,20.063941955566406
970.5,False,False,34.3783073425293,37.39207077026367,False,34.37095642089844,20.063941955566406
971.0,False,False,34.37329864501953,37.38441848754883,False,34.37095642089844,20.063941955566406
971.5,False,False,34.36829376220703,37.376773834228516,False,34.37095642089844,20.063941955566406
972.0,True,True,34.36328125,37.369136810302734,False,34.37095642089844,20.063941955566406
972.5,False,False,34.35826873779297,37.36150360107422,False,34.37095642089844,20.063941955566406
973.0,False,False,34.353248596191406,37.3538818359375,False,34.37095642089844,20.063941955566406
973.5,False,False,34.34823226928711,37.34626388549805,False,34.37095642089844,20.063941955566406
974.0,False,False,34.34320831298828,37.33864974975586,False,34.37095642089844,20.063941955566406
974.5,False,False,34.33818435668945,37.33104705810547,False,34.37095642089844,20.063941955566406
975.0,False,True,34.33315658569336,37.323448181152344,False,34.37095642089844,20.063941955566406
975.5,False,False,34.328125,37.31585693359375,False,34.37095642089844,20.063941955566406
976.0,False,False,34.32309341430664,37.30827331542969,False,34.37095642089844,20.063941955566406
976.5,False,False,34.318058013916016,37.30069351196289,False,34.37095642089844,20.063941955566406
977.0,False,False,34.31302261352539,37.293121337890625,False,34.37095642089844,20.063941955566406
977.5,False,False,34.307979583740234,37.28555679321289,False,34.37095642089844,20.063941955566406
978.0,False,True,34.30293655395508,37.27799606323242,False,34.37095642089844,20.063941955566406
978.5,False,False,34.29789352416992,37.270442962646484,False,34.37095642089844,20.063941955566406
979.0,False,False,34.2928466796875,37.26289749145508,False,34.37095642089844,20.063941955566406
979.5,False,False,34.28779602050781,37.25535583496094,False,34.37095642089844,20.063941955566406
980.0,False,False,34.28274154663086,37.24782180786133,False,34.37095642089844,20.063941955566406
980.5,False,False,34.277687072753906,37.24029541015625,False,34.37095642089844,20.063941955566406
981.0,False,True,34.27263259887695,37.23277282714844,False,34.37095642089844,20.063941955566406
981.5,False,False,34.267574310302734,37.225257873535156,False,34.37095642089844,20.063941955566406
982.0,False,False,34.26251220703125,37.217750549316406,False,34.37095642089844,20.063941955566406
982.5,False,False,34.2574462890625,37.21024703979492,False,34.37095642089844,20.063941955566406
983.0,False,False,34.252384185791016,37.20275115966797,False,34.37095642089844,20.063941955566406
983.5,False,False,34.247314453125,37.19525909423828,False,34.37095642089844,20.063941955566406
984.0,False,True,34.242244720458984,37.187774658203125,False,34.37095642089844,20.063941955566406
984.5,False,False,34.2371711730957,37.1802978515625,False,34.37095642089844,20.063941955566406
985.0,False,False,34.23209762573242,37.17282485961914,False,34.37095642089844,20.063941955566406
985.5,False,False,34.22702407836914,37.16535949707031,False,34.37095642089844,20.063941955566406
986.0,False,False,34.22194290161133,37.15789794921875,False,34.37095642089844,20.063941955566406
986.5,False,False,34.21686553955078,37.15044403076172,False,34.37095642089844,20.063941955566406
987.0,False,True,34.21178436279297,37.14299774169922,False,34.37095642089844,20.063941955566406
987.5,False,False,34.20669937133789,37.135555267333984,False,34.37095642089844,20.063941955566406
988.0,False,False,34.20161437988281,37.12812042236328,False,34.37095642089844,20.063941955566406
988.5,False,False,34.19652557373047,37.120689392089844,False,34.37095642089844,20.063941955566406
989.0,False,False,34.191436767578125,37.11326599121094,False,34.37095642089844,20.063941955566406
989.5,False,False,34.186344146728516,37.10585021972656,False,34.37095642089844,20.063941955566406
990.0,False,True,34.181251525878906,37.09843826293945,False,34.37095642089844,20.063941955566406
990.5,False,False,34.1761589050293,37.09103012084961,False,34.37095642089844,20.063941955566406
991.0,False,False,34.17106246948242,37.0836296081543,False,34.37095642089844,20.063941955566406
991.5,False,False,34.16596221923828,37.076236724853516,False,34.37095642089844,20.063941955566406
992.0,False,False,34.16086196899414,37.06884765625,False,34.37095642089844,20.063941955566406
992.5,False,False,34.15576171875,37.061466217041016,False,34.37095642089844,20.063941955566406
993.0,False,True,34.150657653808594,37.0540885925293,False,34.37095642089844,20.063941955566406
993.5,False,False,34.14555358886719,37.04671859741211,False,34.37095642089844,20.063941955566406
994.0,False,False,34.140445709228516,37.03935241699219,False,34.37095642089844,20.063941955566406
994.5,False,False,34.135337829589844,37.0319938659668,False,34.37095642089844,20.063941955566406
995.0,False,False,34.13022994995117,37.02463912963867,False,34.37095642089844,20.063941955566406
995.5,False,False,34.125118255615234,37.01729202270508,False,34.37095642089844,20.063941955566406
996.0,False,True,34.1200065612793,37.00994873046875,False,34.37095642089844,20.063941955566406
996.5,False,False,34.114891052246094,37.00260925292969,False,34.37095642089844,20.063941955566406
997.0,False,False,34.10977554321289,36.99528121948242,False,34.37095642089844,20.063941955566406
997.5,False,False,34.10466003417969,36.987953186035156,False,34.37095642089844,20.063941955566406
998.0,False,False,34.09954071044922,36.98063278198242,False,34.37095642089844,20.063941955566406
998.5,False,False,34.09442138671875,36.97332000732422,False,34.37095642089844,20.063941955566406
999.0,False,True,34.08930206298828,36.96601104736328,False,34.37095642089844,20.063941955566406
999.5,False,False,34.08417892456055,36.95870590209961,False,34.37095642089844,20.063941955566406
1000.0,False,False,34.07905578613281,36.95140838623047,False,34.37095642089844,20.063941955566406
1000.5,False,False,34.07393264770508,36.94411849975586,False,34.37095642089844,20.063941955566406
1001.0,False,False,34.06880569458008,36.93682861328125,False,34.37095642089844,20.063941955566406
1001.5,False,False,34.06367874145508,36.92955017089844,False,34.37095642089844,20.063941955566406
1002.0,False,True,34.05855178833008,36.922271728515625,False,34.37095642089844,20.063941955566406
1002.5,False,False,34.05342102050781,36.91500473022461,False,34.37095642089844,20.063941955566406
1003.0,False,False,34.04829025268555,36.907737731933594,False,34.37095642089844,20.063941955566406
1003.5,False,False,34.04315948486328,36.90047836303711,False,34.37095642089844,20.063941955566406
1004.0,False,False,34.03802490234375,36.89322280883789,False,34.37095642089844,20.063941955566406
1004.5,False,False,34.03289031982422,36.8859748840332,False,34.37095642089844,20.063941955566406
1005.0,False,True,34.02775573730469,36.87873077392578,False,34.37095642089844,20.063941955566406
1005.5,False,False,34.022621154785156,36.87149429321289,False,34.37095642089844,20.063941955566406
1006.0,False,False,34.01748275756836,36.864261627197266,False,34.37095642089844,20.063941955566406
1006.5,False,False,34.01234436035156,36.857032775878906,False,34.37095642089844,20.063941955566406
1007.0,False,False,34.007205963134766,36.84981155395508,False,34.37095642089844,20.063941955566406
1007.5,False,False,34.0020637512207,36.842594146728516,False,34.37095642089844,20.063941955566406
1008.0,False,True,33.996925354003906,36.835384368896484,False,34.37095642089844,20.063941955566406
1008.5,False,False,33.991783142089844,36.82817840576172,False,34.37095642089844,20.063941955566406
1009.0,False,False,33.986637115478516,36.82097625732422,False,34.37095642089844,20.063941955566406
1009.5,False,False,33.98149490356445,36.81378173828125,False,34.37095642089844,20.063941955566406
1010.0,False,False,33.976348876953125,36.80659103393555,False,34.37095642089844,20.063941955566406
1010.5,False,False,33.9712028503418,36.79940414428711,False,34.37095642089844,20.063941955566406
1011.0,False,True,33.96605682373047,36.7922248840332,False,34.37095642089844,20.063941955566406
1011.5,False,False,33.96091079711914,36.78504943847656,False,34.37095642089844,20.063941955566406
1012.0,False,False,33.95576477050781,36.77788162231445,False,34.37095642089844,20.063941955566406
1012.5,False,False,33.95061492919922,36.77071762084961,False,34.37095642089844,20.063941955566406
1013.0,False,False,33.945465087890625,36.76355743408203,False,34.37095642089844,20.063941955566406
1013.5,False,False,33.94031524658203,36.75640106201172,False,34.37095642089844,20.063941955566406
1014.0,False,True,33.93516540527344,36.74925231933594,False,34.37095642089844,20.063941955566406
1014.5,False,False,33.93001174926758,36.74210739135742,False,34.37095642089844,20.063941955566406
1015.0,False,False,33.92485809326172,36.73497009277344,False,34.37095642089844,20.063941955566406
1015.5,False,False,33.919708251953125,36.72783279418945,False,34.37095642089844,20.063941955566406
1016.0,False,False,33.914554595947266,36.720706939697266,False,34.37095642089844,20.063941955566406
1016.5,False,False,33.909400939941406,36.71358108520508,False,34.37095642089844,20.063941955566406
1017.0,False,True,33.90424346923828,36.70646286010742,False,34.37095642089844,20.063941955566406
1017.5,False,False,33.89908981323242,36.69934844970703,False,34.37095642089844,20.063941955566406
1018.0,False,False,33.8939323425293,36.692237854003906,False,34.37095642089844,20.063941955566406
1018.5,False,False,33.88877487182617,36.68513488769531,False,34.37095642089844,20.063941955566406
1019.0,False,False,33.88362121582031,36.678035736083984,False,34.37095642089844,20.063941955566406
1019.5,False,False,33.87846374511719,36.67094039916992,False,34.37095642089844,20.063941955566406
1020.0,False,True,33.8733024597168,36.66385269165039,False,34.37095642089844,20.063941955566406
1020.5,False,False,33.86814498901367,36.65676498413086,False,34.37095642089844,20.063941955566406
1021.0,False,False,33.86298751831055,36.64968490600586,False,34.37095642089844,20.063941955566406
1021.5,False,False,33.857826232910156,36.64261245727539,False,34.37095642089844,20.063941955566406
1022.0,False,False,33.85266876220703,36.63554382324219,False,34.37095642089844,20.063941955566406
1022.5,False,False,33.84750747680664,36.628475189208984,False,34.37095642089844,20.063941955566406
1023.0,False,True,33.84234619140625,36.62141799926758,False,34.37095642089844,20.063941955566406
1023.5,False,False,33.83718490600586,36.61436080932617,False,34.37095642089844,20.063941955566406
1024.0,False,False,33.83202362060547,36.6073112487793,False,34.37095642089844,20.063941955566406
1024.5,False,False,33.82686233520508,36.60026550292969,False,34.37095642089844,20.063941955566406
1025.0,False,False,33.82170104980469,36.593223571777344,False,34.37095642089844,20.063941955566406
1025.5,False,False,33.8165397644043,36.58618927001953,False,34.37095642089844,20.063941955566406
1026.0,False,True,33.81137466430664,36.57915496826172,False,34.37095642089844,20.063941955566406
1026.5,False,False,33.80621337890625,36.57212829589844,False,34.37095642089844,20.063941955566406
1027.0,False,False,33.801048278808594,36.56510543823242,False,34.37095642089844,20.063941955566406
1027.5,False,False,33.7958869934082,36.55809020996094,False,34.37095642089844,20.063941955566406
1028.0,False,False,33.79072189331055,36.55107879638672,False,34.37095642089844,20.063941955566406
1028.5,False,False,33.785560607910156,36.544071197509766,False,34.37095642089844,20.063941955566406
1029.0,False,True,33.7803955078125,36.53706741333008,False,34.37095642089844,20.063941955566406
1029.5,False,False,33.775230407714844,36.530067443847656,False,34.37095642089844,20.063941955566406
1030.0,False,False,33.77006530761719,36.523075103759766,False,34.37095642089844,20.063941955566406
1030.5,False,False,33.76490020751953,36.516082763671875,False,34.37095642089844,20.063941955566406
1031.0,False,False,33.75973892211914,36.509098052978516,False,34.37095642089844,20.063941955566406
1031.5,False,False,33.754573822021484,36.50212097167969,False,34.37095642089844,20.063941955566406
1032.0,False,True,33.74940872192383,36.49514389038086,False,34.37095642089844,20.063941955566406
1032.5,False,False,33.74424362182617,36.48817443847656,False,34.37095642089844,20.063941955566406
1033.0,False,False,33.739078521728516,36.48120880126953,False,34.37095642089844,20.063941955566406
1033.5,False,False,33.73391342163086,36.474246978759766,False,34.37095642089844,20.063941955566406
1034.0,False,False,33.7287483215332,36.467288970947266,False,34.37095642089844,20.063941955566406
1034.5,False,False,33.72358322143555,36.46033477783203,False,34.37095642089844,20.063941955566406
1035.0,False,True,33.71841812133789,36.45338821411133,False,34.37095642089844,20.063941955566406
1035.5,False,False,33.713253021240234,36.44644546508789,False,34.37095642089844,20.063941955566406
1036.0,False,False,33.70808792114258,36.43950653076172,False,34.37095642089844,20.063941955566406
1036.5,False,False,33.70292282104492,36.43257141113281,False,34.37095642089844,20.063941955566406
1037.0,False,False,33.697757720947266,36.42564010620117,False,34.37095642089844,20.063941955566406
1037.5,False,False,33.69259262084961,36.41871643066406,False,34.37095642089844,20.063941955566406
1038.0,False,True,33.68742752075195,36.41179656982422,False,34.37095642089844,20.063941955566406
1038.5,False,False,33.6822624206543,36.404876708984375,False,34.37095642089844,20.063941955566406
1039.0,False,False,33.67709732055664,36.39796447753906,False,34.37095642089844,20.063941955566406
1039.5,False,False,33.671932220458984,36.39105987548828,False,34.37095642089844,20.063941955566406
1040.0,False,False,33.66676712036133,36.3841552734375,False,34.37095642089844,20.063941955566406
1040.5,False,False,33.66160202026367,36.377254486083984,False,34.37095642089844,20.063941955566406
1041.0,False,True,33.656436920166016,36.370361328125,False,34.37095642089844,20.063941955566406
1041.5,False,False,33.651275634765625,36.36347198486328,False,34.37095642089844,20.063941955566406
1042.0,False,False,33.64611053466797,36.35658645629883,False,34.37095642089844,20.063941955566406
1042.5,False,False,33.64094543457031,36.34970474243164,False,34.37095642089844,20.063941955566406
1043.0,False,False,33.63578414916992,36.34282684326172,False,34.37095642089844,20.063941955566406
1043.5,False,False,33.630619049072266,36.33595657348633,False,34.37095642089844,20.063941955566406
1044.0,False,True,33.625457763671875,36.32908630371094,False,34.37095642089844,20.063941955566406
1044.5,False,False,33.62029266357422,36.32222366333008,False,34.37095642089844,20.063941955566406
1045.0,False,False,33.61513137817383,36.315364837646484,False,34.37095642089844,20.063941955566406
1045.5,False,False,33.60997009277344,36.308509826660156,False,34.37095642089844,20.063941955566406
1046.0,False,False,33.60480499267578,36.301658630371094,False,34.37095642089844,20.063941955566406
1046.5,False,False,33.59964370727539,36.2948112487793,False,34.37095642089844,20.063941955566406
1047.0,False,True,33.594482421875,36.287967681884766,False,34.37095642089844,20.063941955566406
1047.5,False,False,33.58932113647461,36.281131744384766,False,34.37095642089844,20.063941955566406
1048.0,False,False,33.58415985107422,36.274295806884766,False,34.37095642089844,20.063941955566406
1048.5,False,False,33.579002380371094,36.2674674987793,False,34.37095642089844,20.063941955566406
1049.0,False,False,33.5738410949707,36.260643005371094,False,34.37095642089844,20.063941955566406
1049.5,False,False,33.56867980957031,36.25381851196289,False,34.37095642089844,20.063941955566406
1050.0,False,True,33.56352233886719,36.24700164794922,False,34.37095642089844,20.063941955566406
1050.5,False,False,33.5583610534668,36.24018859863281,False,34.37095642089844,20.063941955566406
1051.0,False,False,33.55320358276367,36.23338317871094,False,34.37095642089844,20.063941955566406
1051.5,False,False,33.54804611206055,36.22657775878906,False,34.37095642089844,20.063941955566406
1052.0,False,False,33.54288864135742,36.21977615356445,False,34.37095642089844,20.063941955566406
1052.5,False,False,33.5377311706543,36.212982177734375,False,34.37095642089844,20.063941955566406
1053.0,False,True,33.53257369995117,36.2061882019043,False,34.37095642089844,20.063941955566406
1053.5,False,False,33.52741622924805,36.19940185546875,False,34.37095642089844,20.063941955566406
1054.0,False,False,33.52225875854492,36.19261932373047,False,34.37095642089844,20.063941955566406
1054.5,False,False,33.51710510253906,36.18583679199219,False,34.37095642089844,20.063941955566406
1055.0,False,False,33.5119514465332,36.17906188964844,False,34.37095642089844,20.063941955566406
1055.5,False,False,33.50679397583008,36.17229080200195,False,34.37095642089844,20.063941955566406
1056.0,False,True,33.50164031982422,36.165523529052734,False,34.37095642089844,20.063941955566406
1056.5,False,False,33.49648666381836,36.15876388549805,False,34.37095642089844,20.063941955566406
1057.0,False,False,33.4913330078125,36.15200424194336,False,34.37095642089844,20.063941955566406
1057.5,False,False,33.486183166503906,36.14524841308594,False,34.37095642089844,20.063941955566406
1058.0,False,False,33.48102951049805,36.13849639892578,False,34.37095642089844,20.063941955566406
1058.5,False,False,33.47587966918945,36.131752014160156,False,34.37095642089844,20.063941955566406
1059.0,False,True,33.470726013183594,36.12500762939453,False,34.37095642089844,20.063941955566406
1059.5,False,False,33.465576171875,36.11827087402344,False,34.37095642089844,20.063941955566406
1060.0,False,False,33.460426330566406,36.111534118652344,False,34.37095642089844,20.063941955566406
1060.5,False,False,33.45528030395508,36.10480499267578,False,34.37095642089844,20.063941955566406
1061.0,False,False,33.450130462646484,36.098079681396484,False,34.37095642089844,20.063941955566406
1061.5,False,False,33.44498062133789,36.09135437011719,False,34.37095642089844,20.063941955566406
1062.0,False,True,33.43983459472656,36.08463668823242,False,34.37095642089844,20.063941955566406
1062.5,False,False,33.434688568115234,36.07792282104492,False,34.37095642089844,20.063941955566406
1063.0,False,False,33.429542541503906,36.07121276855469,False,34.37095642089844,20.063941955566406
1063.5,False,False,33.42439651489258,36.06450653076172,False,34.37095642089844,20.063941955566406
1064.0,False,False,33.41925048828125,36.057804107666016,False,34.37095642089844,20.063941955566406
1064.5,False,False,33.41410827636719,36.05110549926758,False,34.37095642089844,20.063941955566406
1065.0,False,True,33.408966064453125,36.044410705566406,False,34.37095642089844,20.063941955566406
1065.5,False,False,33.40382385253906,36.0377197265625,False,34.37095642089844,20.063941955566406
1066.0,False,False,33.398681640625,36.03103256225586,False,34.37095642089844,20.063941955566406
1066.5,False,False,33.39353942871094,36.024349212646484,False,34.37095642089844,20.063941955566406
1067.0,False,False,33.38840103149414,36.017669677734375,False,34.37095642089844,20.063941955566406
1067.5,False,False,33.38325881958008,36.01099395751953,False,34.37095642089844,20.063941955566406
1068.0,False,True,33.37812042236328,36.00432205200195,False,34.37095642089844,20.063941955566406
1068.5,False,False,33.372982025146484,35.99765396118164,False,34.37095642089844,20.063941955566406
1069.0,False,False,33.36784362792969,35.99099349975586,False,34.37095642089844,20.063941955566406
1069.5,False,False,33.362709045410156,35.98433303833008,False,34.37095642089844,20.063941955566406
1070.0,False,False,33.35757064819336,35.97767639160156,False,34.37095642089844,20.063941955566406
1070.5,False,False,33.35243606567383,35.97102355957031,False,34.37095642089844,20.063941955566406
1071.0,False,True,33.3473014831543,35.964378356933594,False,34.37095642089844,20.063941955566406
1071.5,False,False,33.34217071533203,35.957733154296875,False,34.37095642089844,20.063941955566406
1072.0,False,False,33.3370361328125,35.95109176635742,False,34.37095642089844,20.063941955566406
1072.5,False,False,33.331905364990234,35.9444580078125,False,34.37095642089844,20.063941955566406
1073.0,False,False,33.32677459716797,35.93782424926758,False,34.37095642089844,20.063941955566406
1073.5,False,False,33.3216438293457,35.93119430541992,False,34.37095642089844,20.063941955566406
1074.0,False,True,33.31651306152344,35.92456817626953,False,34.37095642089844,20.063941955566406
1074.5,False,False,33.31138610839844,35.91794967651367,False,34.37095642089844,20.063941955566406
1075.0,False,False,33.30625915527344,35.91133117675781,False,34.37095642089844,20.063941955566406
1075.5,False,False,33.30113220214844,35.90471649169922,False,34.37095642089844,20.063941955566406
1076.0,False,False,33.29600524902344,35.89810562133789,False,34.37095642089844,20.063941955566406
1076.5,False,False,33.2908821105957,35.891502380371094,False,34.37095642089844,20.063941955566406
1077.0,False,True,33.2857551574707,35.8848991394043,False,34.37095642089844,20.063941955566406
1077.5,False,False,33.28063201904297,35.878299713134766,False,34.37095642089844,20.063941955566406
1078.0,False,False,33.2755126953125,35.8717041015625,False,34.37095642089844,20.063941955566406
1078.5,False,False,33.270389556884766,35.8651123046875,False,34.37095642089844,20.063941955566406
1079.0,False,False,33.2652702331543,35.85852813720703,False,34.37095642089844,20.063941955566406
1079.5,False,False,33.26015090942383,35.85194396972656,False,34.37095642089844,20.063941955566406
1080.0,False,True,33.25503158569336,35.84536361694336,False,34.37095642089844,20.063941955566406
1080.5,False,False,33.24991226196289,35.83878707885742,False,34.37095642089844,20.063941955566406
1081.0,False,False,33.24479675292969,35.83221435546875,False,34.37095642089844,20.063941955566406
1081.5,False,False,33.239681243896484,35.825645446777344,False,34.37095642089844,20.063941955566406
1082.0,False,False,33.23456573486328,35.8190803527832,False,34.37095642089844,20.063941955566406
1082.5,False,False,33.229454040527344,35.81251907348633,False,34.37095642089844,20.063941955566406
1083.0,False,True,33.224342346191406,35.80596160888672,False,34.37095642089844,20.063941955566406
1083.5,False,False,33.21923065185547,35.799407958984375,False,34.37095642089844,20.063941955566406
1084.0,False,False,33.21411895751953,35.79285430908203,False,34.37095642089844,20.063941955566406
1084.5,False,False,33.209007263183594,35.78630828857422,False,34.37095642089844,20.063941955566406
1085.0,False,False,33.20389938354492,35.77976608276367,False,34.37095642089844,20.063941955566406
1085.5,False,False,33.19879150390625,35.77322769165039,False,34.37095642089844,20.063941955566406
1086.0,False,True,33.193687438964844,35.76668930053711,False,34.37095642089844,20.063941955566406
1086.5,False,False,33.18857955932617,35.76015853881836,False,34.37095642089844,20.063941955566406
1087.0,False,False,33.183475494384766,35.753631591796875,False,34.37095642089844,20.063941955566406
1087.5,False,False,33.17837142944336,35.74710464477539,False,34.37095642089844,20.063941955566406
1088.0,False,False,33.17327117919922,35.74058151245117,False,34.37095642089844,20.063941955566406
1088.5,False,False,33.16816711425781,35.734066009521484,False,34.37095642089844,20.063941955566406
1089.0,False,True,33.16306686401367,35.7275505065918,False,34.37095642089844,20.063941955566406
1089.5,False,False,33.1579704284668,35.721038818359375,False,34.37095642089844,20.063941955566406
1090.0,False,False,33.152870178222656,35.714534759521484,False,34.37095642089844,20.063941955566406
1090.5,False,False,33.14777374267578,35.708030700683594,False,34.37095642089844,20.063941955566406
1091.0,False,False,33.142677307128906,35.70153045654297,False,34.37095642089844,20.063941955566406
1091.5,False,False,33.1375846862793,35.69503402709961,False,34.37095642089844,20.063941955566406
1092.0,False,True,33.13248825073242,35.688541412353516,False,34.37095642089844,20.063941955566406
1092.5,False,False,33.12739562988281,35.68205261230469,False,34.37095642089844,20.063941955566406
1093.0,False,False,33.12230682373047,35.675567626953125,False,34.37095642089844,20.063941955566406
1093.5,False,False,33.11721420288086,35.66908264160156,False,34.37095642089844,20.063941955566406
1094.0,False,False,33.112125396728516,35.66260528564453,False,34.37095642089844,20.063941955566406
1094.5,False,False,33.10703659057617,35.656131744384766,False,34.37095642089844,20.063941955566406
1095.0,False,True,33.101951599121094,35.649658203125,False,34.37095642089844,20.063941955566406
1095.5,False,False,33.096866607666016,35.643192291259766,False,34.37095642089844,20.063941955566406
1096.0,False,False,33.09178161621094,35.63672637939453,False,34.37095642089844,20.063941955566406
1096.5,False,False,33.08669662475586,35.63026428222656,False,34.37095642089844,20.063941955566406
1097.0,False,False,33.08161544799805,35.62380599975586,False,34.37095642089844,20.063941955566406
1097.5,False,False,33.076534271240234,35.61735153198242,False,34.37095642089844,20.063941955566406
1098.0,False,True,33.07145309448242,35.61090087890625,False,34.37095642089844,20.063941955566406
1098.5,False,False,33.066375732421875,35.604454040527344,False,34.37095642089844,20.063941955566406
1099.0,False,False,33.06129837036133,35.5980110168457,False,34.37095642089844,20.063941955566406
1099.5,False,False,33.05622100830078,35.59157180786133,False,34.37095642089844,20.063941955566406
1100.0,False,False,33.0511474609375,35.58513641357422,False,34.37095642089844,20.063941955566406
1100.5,False,False,33.04607391357422,35.57870101928711,False,34.37095642089844,20.063941955566406
1101.0,False,True,33.04100036621094,35.57227325439453,False,34.37095642089844,20.063941955566406
1101.5,False,False,33.035926818847656,35.56584548950195,False,34.37095642089844,20.063941955566406
1102.0,False,False,33.03085708618164,35.55942153930664,False,34.37095642089844,20.063941955566406
1102.5,False,False,33.02579116821289,35.55300521850586,False,34.37095642089844,20.063941955566406
1103.0,False,False,33.020721435546875,35.54658889770508,False,34.37095642089844,20.063941955566406
1103.5,False,False,33.015655517578125,35.54017639160156,False,34.37095642089844,20.063941955566406
1104.0,False,True,33.010589599609375,35.53376388549805,False,34.37095642089844,20.063941955566406
1104.5,False,False,33.00552749633789,35.52735900878906,False,34.37095642089844,20.063941955566406
1105.0,False,False,33.000465393066406,35.520957946777344,False,34.37095642089844,20.063941955566406
1105.5,False,False,32.99540328979492,35.514556884765625,False,34.37095642089844,20.063941955566406
1106.0,False,False,32.99034118652344,35.50816345214844,False,34.37095642089844,20.063941955566406
1106.5,False,False,32.98528289794922,35.50177001953125,False,34.37095642089844,20.063941955566406
1107.0,False,True,32.980224609375,35.49538040161133,False,34.37095642089844,20.063941955566406
1107.5,False,False,32.97517013549805,35.48899841308594,False,34.37095642089844,20.063941955566406
1108.0,False,False,32.970115661621094,35.48261642456055,False,34.37095642089844,20.063941955566406
1108.5,False,False,32.96506118774414,35.476234436035156,False,34.37095642089844,20.063941955566406
1109.0,False,False,32.96001052856445,35.4698600769043,False,34.37095642089844,20.063941955566406
1109.5,False,False,32.9549560546875,35.4634895324707,False,34.37095642089844,20.063941955566406
1110.0,False,True,32.94990921020508,35.45711898803711,False,34.37095642089844,20.063941955566406
1110.5,False,False,32.94485855102539,35.45075607299805,False,34.37095642089844,20.063941955566406
1111.0,False,False,32.93981170654297,35.444393157958984,False,34.37095642089844,20.063941955566406
1111.5,False,False,32.93476867675781,35.43803405761719,False,34.37095642089844,20.063941955566406
1112.0,False,False,32.92972183227539,35.431678771972656,False,34.37095642089844,20.063941955566406
1112.5,False,False,32.924678802490234,35.42532730102539,False,34.37095642089844,20.063941955566406
1113.0,False,True,32.919639587402344,35.41897964477539,False,34.37095642089844,20.063941955566406
1113.5,False,False,32.91459655761719,35.41263198852539,False,34.37095642089844,20.063941955566406
1114.0,False,False,32.9095573425293,35.40629196166992,False,34.37095642089844,20.063941955566406
1114.5,False,False,32.90452194213867,35.39995193481445,False,34.37095642089844,20.063941955566406
1115.0,False,False,32.89948654174805,35.39361572265625,False,34.37095642089844,20.063941955566406
1115.5,False,False,32.89445114135742,35.38728713989258,False,34.37095642089844,20.063941955566406
1116.0,False,True,32.8894157409668,35.380958557128906,False,34.37095642089844,20.063941955566406
1116.5,False,False,32.88438415527344,35.374629974365234,False,34.37095642089844,20.063941955566406
1117.0,False,False,32.87935256958008,35.368309020996094,False,34.37095642089844,20.063941955566406
1117.5,False,False,32.874324798583984,35.36199188232422,False,34.37095642089844,20.063941955566406
1118.0,False,False,32.86929702758789,35.355674743652344,False,34.37095642089844,20.063941955566406
1118.5,False,False,32.8642692565918,35.349361419677734,False,34.37095642089844,20.063941955566406
1119.0,False,True,32.85924530029297,35.34305191040039,False,34.37095642089844,20.063941955566406
1119.5,False,False,32.85422134399414,35.33674621582031,False,34.37095642089844,20.063941955566406
1120.0,False,False,32.84919738769531,35.3304443359375,False,34.37095642089844,20.063941955566406
1120.5,False,False,32.84417724609375,35.32414627075195,False,34.37095642089844,20.063941955566406
1121.0,False,False,32.83915710449219,35.317848205566406,False,34.37095642089844,20.063941955566406
1121.5,False,False,32.83414077758789,35.31155776977539,False,34.37095642089844,20.063941955566406
1122.0,False,True,32.829124450683594,35.305267333984375,False,34.37095642089844,20.063941955566406
1122.5,False,False,32.8241081237793,35.298980712890625,False,34.37095642089844,20.063941955566406
1123.0,False,False,32.819095611572266,35.29269790649414,False,34.37095642089844,20.063941955566406
1123.5,False,False,32.814083099365234,35.28641891479492,False,34.37095642089844,20.063941955566406
1124.0,False,False,32.8090705871582,35.2801399230957,False,34.37095642089844,20.063941955566406
1124.5,False,False,32.80406188964844,35.273868560791016,False,34.37095642089844,20.063941955566406
1125.0,False,True,32.79905319213867,35.26759719848633,False,34.37095642089844,20.063941955566406
1125.5,False,False,32.79404830932617,35.261329650878906,False,34.37095642089844,20.063941955566406
1126.0,False,False,32.78904342651367,35.25506591796875,False,34.37095642089844,20.063941955566406
1126.5,False,False,32.78403854370117,35.24880599975586,False,34.37095642089844,20.063941955566406
1127.0,False,False,32.77903747558594,35.242549896240234,False,34.37095642089844,20.063941955566406
1127.5,False,False,32.7740364074707,35.23629379272461,False,34.37095642089844,20.063941955566406
1128.0,False,True,32.76903533935547,35.23004150390625,False,34.37095642089844,20.063941955566406
1128.5,False,False,32.7640380859375,35.223793029785156,False,34.37095642089844,20.063941955566406
1129.0,False,False,32.75904083251953,35.21754837036133,False,34.37095642089844,20.063941955566406
1129.5,False,False,32.75404739379883,35.211307525634766,False,34.37095642089844,20.063941955566406
1130.0,False,False,32.749053955078125,35.20507049560547,False,34.37095642089844,20.063941955566406
1130.5,False,False,32.74406051635742,35.19883346557617,False,34.37095642089844,20.063941955566406
1131.0,False,True,32.739070892333984,35.192604064941406,False,34.37095642089844,20.063941955566406
1131.5,False,False,32.73408508300781,35.18637466430664,False,34.37095642089844,20.063941955566406
1132.0,False,False,32.729095458984375,35.18014907836914,False,34.37095642089844,20.063941955566406
1132.5,False,False,32.7241096496582,35.17392349243164,False,34.37095642089844,20.063941955566406
1133.0,False,False,32.7191276550293,35.16770553588867,False,34.37095642089844,20.063941955566406
1133.5,False,False,32.714141845703125,35.1614875793457,False,34.37095642089844,20.063941955566406
1134.0,False,True,32.709163665771484,35.155277252197266,False,34.37095642089844,20.063941955566406
1134.5,False,False,32.70418167114258,35.14906692504883,False,34.37095642089844,20.063941955566406
1135.0,False,False,32.69920349121094,35.142860412597656,False,34.37095642089844,20.063941955566406
1135.5,False,False,32.6942253112793,35.136653900146484,False,34.37095642089844,20.063941955566406
1136.0,False,False,32.68925094604492,35.130455017089844,False,34.37095642089844,20.063941955566406
1136.5,False,False,32.68427658081055,35.1242561340332,False,34.37095642089844,20.063941955566406
1137.0,False,True,32.67930603027344,35.11806106567383,False,34.37095642089844,20.063941955566406
1137.5,False,False,32.67433547973633,35.11186981201172,False,34.37095642089844,20.063941955566406
1138.0,False,False,32.66936492919922,35.105682373046875,False,34.37095642089844,20.063941955566406
1138.5,False,False,32.664398193359375,35.0994987487793,False,34.37095642089844,20.063941955566406
1139.0,False,False,32.6594352722168,35.09331512451172,False,34.37095642089844,20.063941955566406
1139.5,False,False,32.65446853637695,35.087135314941406,False,34.37095642089844,20.063941955566406
1140.0,False,True,32.649505615234375,35.08095932006836,False,34.37095642089844,20.063941955566406
1140.5,False,False,32.64454650878906,35.07478713989258,False,34.37095642089844,20.063941955566406
1141.0,False,False,32.639583587646484,35.06861877441406,False,34.37095642089844,20.063941955566406
1141.5,False,False,32.63462829589844,35.06245040893555,False,34.37095642089844,20.063941955566406
1142.0,False,False,32.629669189453125,35.0562858581543,False,34.37095642089844,20.063941955566406
1142.5,False,False,32.62471389770508,35.05012512207031,False,34.37095642089844,20.063941955566406
1143.0,False,True,32.6197624206543,35.043968200683594,False,34.37095642089844,20.063941955566406
1143.5,False,False,32.614810943603516,35.03781509399414,False,34.37095642089844,20.063941955566406
1144.0,False,False,32.609859466552734,35.03166198730469,False,34.37095642089844,20.063941955566406
1144.5,False,False,32.60491180419922,35.0255126953125,False,34.37095642089844,20.063941955566406
1145.0,False,False,32.5999641418457,35.01936721801758,False,34.37095642089844,20.063941955566406
1145.5,False,False,32.59502029418945,35.01322555541992,False,34.37095642089844,20.063941955566406
1146.0,False,True,32.5900764465332,35.00708770751953,False,34.37095642089844,20.063941955566406
1146.5,False,False,32.58513259887695,35.00094985961914,False,34.37095642089844,20.063941955566406
1147.0,False,False,32.58019256591797,34.994815826416016,False,34.37095642089844,20.063941955566406
1147.5,False,False,32.575252532958984,34.988685607910156,False,34.37095642089844,20.063941955566406
1148.0,False,False,32.570316314697266,34.98255920410156,False,34.37095642089844,20.063941955566406
1148.5,False,False,32.56538009643555,34.976436614990234,False,34.37095642089844,20.063941955566406
1149.0,False,True,32.56044387817383,34.970314025878906,False,34.37095642089844,20.063941955566406
1149.5,False,False,32.555511474609375,34.964195251464844,False,34.37095642089844,20.063941955566406
1150.0,False,False,32.55058288574219,34.95808029174805,False,34.37095642089844,20.063941955566406
1150.5,False,False,32.545650482177734,34.951969146728516,False,34.37095642089844,20.063941955566406
1151.0,False,False,32.54072570800781,34.94586181640625,False,34.37095642089844,20.063941955566406
1151.5,False,False,32.535797119140625,34.939754486083984,False,34.37095642089844,20.063941955566406
1152.0,False,True,32.5308723449707,34.933650970458984,False,34.37095642089844,20.063941955566406
1152.5,False,False,32.52595138549805,34.92755126953125,False,34.37095642089844,20.063941955566406
1153.0,False,False,32.52103042602539,34.92145538330078,False,34.37095642089844,20.063941955566406
1153.5,False,False,32.516109466552734,34.91535949707031,False,34.37095642089844,20.063941955566406
1154.0,False,False,32.511192321777344,34.90926742553711,False,34.37095642089844,20.063941955566406
1154.5,False,False,32.50627517700195,34.90317916870117,False,34.37095642089844,20.063941955566406
1155.0,False,True,32.50136184692383,34.8970947265625,False,34.37095642089844,20.063941955566406
1155.5,False,False,32.4964485168457,34.891014099121094,False,34.37095642089844,20.063941955566406
1156.0,False,False,32.49153518676758,34.88493347167969,False,34.37095642089844,20.063941955566406
1156.5,False,False,32.48662567138672,34.87885665893555,False,34.37095642089844,20.063941955566406
1157.0,False,False,32.48171615600586,34.87278366088867,False,34.37095642089844,20.063941955566406
1157.5,False,False,32.476810455322266,34.86671447753906,False,34.37095642089844,20.063941955566406
1158.0,False,True,32.47190475463867,34.86064529418945,False,34.37095642089844,20.063941955566406
1158.5,False,False,32.467002868652344,34.854583740234375,False,34.37095642089844,20.063941955566406
1159.0,False,False,32.462100982666016,34.8485221862793,False,34.37095642089844,20.063941955566406
1159.5,False,False,32.45720291137695,34.84246063232422,False,34.37095642089844,20.063941955566406
1160.0,False,False,32.45230484008789,34.83640670776367,False,34.37095642089844,20.063941955566406
1160.5,False,False,32.44740676879883,34.830352783203125,False,34.37095642089844,20.063941955566406
1161.0,False,True,32.44251251220703,34.824302673339844,False,34.37095642089844,20.063941955566406
1161.5,False,False,32.437618255615234,34.81825637817383,False,34.37095642089844,20.063941955566406
1162.0,False,False,32.4327278137207,34.81221389770508,False,34.37095642089844,20.063941955566406
1162.5,False,False,32.42783737182617,34.80617141723633,False,34.37095642089844,20.063941955566406
1163.0,False,False,32.422950744628906,34.800132751464844,False,34.37095642089844,20.063941955566406
1163.5,False,False,32.41806411743164,34.794097900390625,False,34.37095642089844,20.063941955566406
1164.0,False,True,32.413177490234375,34.78806686401367,False,34.37095642089844,20.063941955566406
1164.5,False,False,32.408294677734375,34.78203582763672,False,34.37095642089844,20.063941955566406
1165.0,False,False,32.403411865234375,34.7760124206543,False,34.37095642089844,20.063941955566406
1165.5,False,False,32.39853286743164,34.769989013671875,False,34.37095642089844,20.063941955566406
1166.0,False,False,32.393653869628906,34.76396560668945,False,34.37095642089844,20.063941955566406
1166.5,False,False,32.38877868652344,34.75794982910156,False,34.37095642089844,20.063941955566406
1167.0,False,True,32.38390350341797,34.75193405151367,False,34.37095642089844,20.063941955566406
1167.5,False,False,32.379032135009766,34.74592208862305,False,34.37095642089844,20.063941955566406
1168.0,False,False,32.37416076660156,34.73991394042969,False,34.37095642089844,20.063941955566406
1168.5,False,False,32.36928939819336,34.73390579223633,False,34.37095642089844,20.063941955566406
1169.0,False,False,32.36442184448242,34.7279052734375,False,34.37095642089844,20.063941955566406
1169.5,False,False,32.359554290771484,34.72190475463867,False,34.37095642089844,20.063941955566406
1170.0,False,True,32.35469055175781,34.71590805053711,False,34.37095642089844,20.063941955566406
1170.5,False,False,32.34982681274414,34.70991134643555,False,34.37095642089844,20.063941955566406
1171.0,False,False,32.344966888427734,34.70391845703125,False,34.37095642089844,20.063941955566406
1171.5,False,False,32.34010696411133,34.69792938232422,False,34.37095642089844,20.063941955566406
1172.0,False,False,32.33525085449219,34.69194412231445,False,34.37095642089844,20.063941955566406
1172.5,False,False,32.33039474487305,34.68596267700195,False,34.37095642089844,20.063941955566406
1173.0,False,True,32.325538635253906,34.67998123168945,False,34.37095642089844,20.063941955566406
1173.5,False,False,32.32068634033203,34.67400360107422,False,34.37095642089844,20.063941955566406
1174.0,False,False,32.315834045410156,34.66802978515625,False,34.37095642089844,20.063941955566406
1174.5,False,False,32.31098556518555,34.66205978393555,False,34.37095642089844,20.063941955566406
1175.0,False,False,32.30613708496094,34.656089782714844,False,34.37095642089844,20.063941955566406
1175.5,False,False,32.301292419433594,34.650123596191406,False,34.37095642089844,20.063941955566406
1176.0,False,True,32.29644775390625,34.644161224365234,False,34.37095642089844,20.063941955566406
1176.5,False,False,32.29160690307617,34.63819885253906,False,34.37095642089844,20.063941955566406
1177.0,False,False,32.286766052246094,34.63224411010742,False,34.37095642089844,20.063941955566406
1177.5,False,False,32.28192901611328,34.62628936767578,False,34.37095642089844,20.063941955566406
1178.0,False,False,32.27709197998047,34.62033462524414,False,34.37095642089844,20.063941955566406
1178.5,False,False,32.272254943847656,34.61438751220703,False,34.37095642089844,20.063941955566406
1179.0,False,True,32.26742172241211,34.60844039916992,False,34.37095642089844,20.063941955566406
1179.5,False,False,32.26258850097656,34.60249710083008,False,34.37095642089844,20.063941955566406
1180.0,False,False,32.25775909423828,34.5965576171875,False,34.37095642089844,20.063941955566406
1180.5,False,False,32.2529296875,34.59061813354492,False,34.37095642089844,20.063941955566406
1181.0,False,False,32.248104095458984,34.584686279296875,False,34.37095642089844,20.063941955566406
1181.5,False,False,32.24327850341797,34.57875061035156,False,34.37095642089844,20.063941955566406
1182.0,False,True,32.23845672607422,34.57282257080078,False,34.37095642089844,20.063941955566406
1182.5,False,False,32.23363494873047,34.566898345947266,False,34.37095642089844,20.063941955566406
1183.0,False,False,32.22881317138672,34.56097412109375,False,34.37095642089844,20.063941955566406
1183.5,False,False,32.223995208740234,34.5550537109375,False,34.37095642089844,20.063941955566406
1184.0,False,False,32.219181060791016,34.54913330078125,False,34.37095642089844,20.063941955566406
1184.5,False,False,32.2143669128418,34.54322052001953,False,34.37095642089844,20.063941955566406
1185.0,False,True,32.20955276489258,34.53730773925781,False,34.37095642089844,20.063941955566406
1185.5,False,False,32.204742431640625,34.53139877319336,False,34.37095642089844,20.063941955566406
1186.0,False,False,32.19993209838867,34.525489807128906,False,34.37095642089844,20.063941955566406
1186.5,False,False,32.195125579833984,34.51958465576172,False,34.37095642089844,20.063941955566406
1187.0,False,False,32.1903190612793,34.5136833190918,False,34.37095642089844,20.063941955566406
1187.5,False,False,32.185516357421875,34.50778579711914,False,34.37095642089844,20.063941955566406
1188.0,False,True,32.18071365356445,34.50189208984375,False,34.37095642089844,20.063941955566406
1188.5,False,False,32.1759147644043,34.49599838256836,False,34.37095642089844,20.063941955566406
1189.0,False,False,32.17111587524414,34.490108489990234,False,34.37095642089844,20.063941955566406
1189.5,False,False,32.166316986083984,34.48421859741211,False,34.37095642089844,20.063941955566406
1190.0,False,False,32.161521911621094,34.478336334228516,False,34.37095642089844,20.063941955566406
1190.5,False,False,32.15673065185547,34.47245407104492,False,34.37095642089844,20.063941955566406
1191.0,False,True,32.151939392089844,34.466575622558594,False,34.37095642089844,20.063941955566406
1191.5,False,False,32.14714813232422,34.460697174072266,False,34.37095642089844,20.063941955566406
1192.0,False,False,32.14236068725586,34.45482635498047,False,34.37095642089844,20.063941955566406
1192.5,False,False,32.1375732421875,34.44895553588867,False,34.37095642089844,20.063941955566406
1193.0,False,False,32.132789611816406,34.443084716796875,False,34.37095642089844,20.063941955566406
1193.5,False,False,32.12800598144531,34.43722152709961,False,34.37095642089844,20.063941955566406
1194.0,False,True,32.123226165771484,34.431358337402344,False,34.37095642089844,20.063941955566406
1194.5,False,False,32.118446350097656,34.425498962402344,False,34.37095642089844,20.063941955566406
1195.0,False,False,32.11366653442383,34.419639587402344,False,34.37095642089844,20.063941955566406
1195.5,False,False,32.10889434814453,34.413787841796875,False,34.37095642089844,20.063941955566406
1196.0,False,False,32.10411834716797,34.407936096191406,False,34.37095642089844,20.063941955566406
1196.5,False,False,32.09934616088867,34.40208435058594,False,34.37095642089844,20.063941955566406
1197.0,False,True,32.09457778930664,34.396240234375,False,34.37095642089844,20.063941955566406
1197.5,False,False,32.08980941772461,34.39039611816406,False,34.37095642089844,20.063941955566406
1198.0,False,False,32.08504104614258,34.38455581665039,False,34.37095642089844,20.063941955566406
1198.5,False,False,32.08027648925781,34.378719329833984,False,34.37095642089844,20.063941955566406
1199.0,False,False,32.07551193237305,34.37288284301758,False,34.37095642089844,20.063941955566406
1199.5,False,False,32.07075119018555,34.36705017089844,False,34.37095642089844,20.063941955566406
1200.0,False,True,32.06599044799805,34.36122131347656,False,34.37095642089844,20.063941955566406
1200.5,False,False,32.06123352050781,34.35539245605469,False,34.37095642089844,20.063941955566406
1201.0,False,False,32.05647659301758,34.34956741333008,False,34.37095642089844,20.063941955566406
1201.5,False,False,32.05172348022461,34.343746185302734,False,34.37095642089844,20.063941955566406
1202.0,False,False,32.04697036743164,34.337928771972656,False,34.37095642089844,20.063941955566406
1202.5,False,False,32.04222106933594,34.33211135864258,False,34.37095642089844,20.063941955566406
1203.0,False,True,32.037471771240234,34.326297760009766,False,34.37095642089844,20.063941955566406
1203.5,False,False,32.0327262878418,34.32048797607422,False,34.37095642089844,20.063941955566406
1204.0,False,False,32.02798080444336,34.31467819213867,False,34.37095642089844,20.063941955566406
1204.5,False,False,32.02323532104492,34.308876037597656,False,34.37095642089844,20.063941955566406
1205.0,False,False,32.01849365234375,34.303070068359375,False,34.37095642089844,20.063941955566406
1205.5,False,False,32.013755798339844,34.297271728515625,False,34.37095642089844,20.063941955566406
1206.0,False,True,32.00901794433594,34.291473388671875,False,34.37095642089844,20.063941955566406
1206.5,False,False,32.00428009033203,34.28567886352539,False,34.37095642089844,20.063941955566406
1207.0,False,False,31.99954605102539,34.27988815307617,False,34.37095642089844,20.063941955566406
1207.5,False,False,31.99481201171875,34.27409744262695,False,34.37095642089844,20.063941955566406
1208.0,False,False,31.990081787109375,34.268310546875,False,34.37095642089844,20.063941955566406
1208.5,False,False,31.9853515625,34.26252746582031,False,34.37095642089844,20.063941955566406
1209.0,False,True,31.98062515258789,34.25674819946289,False,34.37095642089844,20.063941955566406
1209.5,False,False,31.97589874267578,34.25096893310547,False,34.37095642089844,20.063941955566406
1210.0,False,False,31.971176147460938,34.24519348144531,False,34.37095642089844,20.063941955566406
1210.5,False,False,31.966453552246094,34.239418029785156,False,34.37095642089844,20.063941955566406
1211.0,False,False,31.961734771728516,34.23365020751953,False,34.37095642089844,20.063941955566406
1211.5,False,False,31.957015991210938,34.227882385253906,False,34.37095642089844,20.063941955566406
1212.0,False,True,31.952299118041992,34.22211456298828,False,34.37095642089844,20.063941955566406
1212.5,False,False,31.94758415222168,34.21635437011719,False,34.37095642089844,20.063941955566406
1213.0,False,False,31.94287109375,34.210594177246094,False,34.37095642089844,20.063941955566406
1213.5,False,False,31.938159942626953,34.204833984375,False,34.37095642089844,20.063941955566406
1214.0,False,False,31.93345069885254,34.19908142089844,False,34.37095642089844,20.063941955566406
1214.5,False,False,31.928743362426758,34.193328857421875,False,34.37095642089844,20.063941955566406
1215.0,False,True,31.92403793334961,34.18758010864258,False,34.37095642089844,20.063941955566406
1215.5,False,False,31.919334411621094,34.18183517456055,False,34.37095642089844,20.063941955566406
1216.0,False,False,31.91463279724121,34.176090240478516,False,34.37095642089844,20.063941955566406
1216.5,False,False,31.90993309020996,34.17034912109375,False,34.37095642089844,20.063941955566406
1217.0,False,False,31.90523338317871,34.164608001708984,False,34.37095642089844,20.063941955566406
1217.5,False,False,31.900537490844727,34.15887451171875,False,34.37095642089844,20.063941955566406
1218.0,False,True,31.895843505859375,34.153141021728516,False,34.37095642089844,20.063941955566406
1218.5,False,False,31.891149520874023,34.14740753173828,False,34.37095642089844,20.063941955566406
1219.0,False,False,31.886459350585938,34.14168167114258,False,34.37095642089844,20.063941955566406
1219.5,False,False,31.88176918029785,34.135955810546875,False,34.37095642089844,20.063941955566406
1220.0,False,False,31.8770809173584,34.13023376464844,False,34.37095642089844,20.063941955566406
1220.5,False,False,31.87239646911621,34.12451171875,False,34.37095642089844,20.063941955566406
1221.0,False,True,31.867712020874023,34.11879348754883,False,34.37095642089844,20.063941955566406
1221.5,False,False,31.86302947998047,34.11307907104492,False,34.37095642089844,20.063941955566406
1222.0,False,False,31.85835075378418,34.10736846923828,False,34.37095642089844,20.063941955566406
1222.5,False,False,31.85367202758789,34.10165786743164,False,34.37095642089844,20.063941955566406
1223.0,False,False,31.848995208740234,34.095951080322266,False,34.37095642089844,20.063941955566406
1223.5,False,False,31.84432029724121,34.09024429321289,False,34.37095642089844,20.063941955566406
1224.0,False,True,31.83964729309082,34.08454513549805,False,34.37095642089844,20.063941955566406
1224.5,False,False,31.834976196289062,34.0788459777832,False,34.37095642089844,20.063941955566406
1225.0,False,False,31.830307006835938,34.07314682006836,False,34.37095642089844,20.063941955566406
1225.5,False,False,31.825639724731445,34.06745529174805,False,34.37095642089844,20.063941955566406
1226.0,False,False,31.820974349975586,34.061763763427734,False,34.37095642089844,20.063941955566406
1226.5,False,False,31.81631088256836,34.05607223510742,False,34.37095642089844,20.063941955566406
1227.0,False,True,31.811647415161133,34.05038833618164,False,34.37095642089844,20.063941955566406
1227.5,False,False,31.806987762451172,34.04470443725586,False,34.37095642089844,20.063941955566406
1228.0,False,False,31.802330017089844,34.039024353027344,False,34.37095642089844,20.063941955566406
1228.5,False,False,31.79767417907715,34.03334426879883,False,34.37095642089844,20.063941955566406
1229.0,False,False,31.793018341064453,34.02766799926758,False,34.37095642089844,20.063941955566406
1229.5,False,False,31.788366317749023,34.021995544433594,False,34.37095642089844,20.063941955566406
1230.0,False,True,31.783714294433594,34.01632308959961,False,34.37095642089844,20.063941955566406
1230.5,False,False,31.77906608581543,34.010658264160156,False,34.37095642089844,20.063941955566406
1231.0,False,False,31.774417877197266,34.00498962402344,False,34.37095642089844,20.063941955566406
1231.5,False,False,31.769773483276367,33.99932861328125,False,34.37095642089844,20.063941955566406
1232.0,False,False,31.76512908935547,33.99366760253906,False,34.37095642089844,20.063941955566406
1232.5,False,False,31.760486602783203,33.98801040649414,False,34.37095642089844,20.063941955566406
1233.0,False,True,31.755847930908203,33.98235321044922,False,34.37095642089844,20.063941955566406
1233.5,False,False,31.751209259033203,33.97670364379883,False,34.37095642089844,20.063941955566406
1234.0,False,False,31.746572494506836,33.97105407714844,False,34.37095642089844,20.063941955566406
1234.5,False,False,31.7419376373291,33.96540451049805,False,34.37095642089844,20.063941955566406
1235.0,False,False,31.7373046875,33.95975875854492,False,34.37095642089844,20.063941955566406
1235.5,False,False,31.73267364501953,33.95411682128906,False,34.37095642089844,20.063941955566406
1236.0,False,True,31.728044509887695,33.94847869873047,False,34.37095642089844,20.063941955566406
1236.5,False,False,31.723417282104492,33.942840576171875,False,34.37095642089844,20.063941955566406
1237.0,False,False,31.718791961669922,33.93720626831055,False,34.37095642089844,20.063941955566406
1237.5,False,False,31.714168548583984,33.931575775146484,False,34.37095642089844,20.063941955566406
1238.0,False,False,31.70954704284668,33.92594528198242,False,34.37095642089844,20.063941955566406
1238.5,False,False,31.704927444458008,33.920318603515625,False,34.37095642089844,20.063941955566406
1239.0,False,True,31.70030975341797,33.91469192504883,False,34.37095642089844,20.063941955566406
1239.5,False,False,31.695693969726562,33.90907287597656,False,34.37095642089844,20.063941955566406
1240.0,False,False,31.691078186035156,33.9034538269043,False,34.37095642089844,20.063941955566406
1240.5,False,False,31.686466217041016,33.89783477783203,False,34.37095642089844,20.063941955566406
1241.0,False,False,31.681856155395508,33.89221954345703,False,34.37095642089844,20.063941955566406
1241.5,False,False,31.67724609375,33.8866081237793,False,34.37095642089844,20.063941955566406
1242.0,False,True,31.672639846801758,33.88100051879883,False,34.37095642089844,20.063941955566406
1242.5,False,False,31.668033599853516,33.87539291381836,False,34.37095642089844,20.063941955566406
1243.0,False,False,31.66343116760254,33.869789123535156,False,34.37095642089844,20.063941955566406
1243.5,False,False,31.658828735351562,33.86418914794922,False,34.37095642089844,20.063941955566406
1244.0,False,False,31.65423011779785,33.85858917236328,False,34.37095642089844,20.063941955566406
1244.5,False,False,31.64963150024414,33.85299301147461,False,34.37095642089844,20.063941955566406
1245.0,False,True,31.645034790039062,33.8474006652832,False,34.37095642089844,20.063941955566406
1245.5,False,False,31.64044189453125,33.8418083190918,False,34.37095642089844,20.063941955566406
1246.0,False,False,31.635848999023438,33.836219787597656,False,34.37095642089844,20.063941955566406
1246.5,False,False,31.631258010864258,33.83063507080078,False,34.37095642089844,20.063941955566406
1247.0,False,False,31.626670837402344,33.825050354003906,False,34.37095642089844,20.063941955566406
1247.5,False,False,31.62208366394043,33.8194694519043,False,34.37095642089844,20.063941955566406
1248.0,False,True,31.61749839782715,33.81388854980469,False,34.37095642089844,20.063941955566406
1248.5,False,False,31.6129150390625,33.80831527709961,False,34.37095642089844,20.063941955566406
1249.0,False,False,31.608333587646484,33.802738189697266,False,34.37095642089844,20.063941955566406
1249.5,False,False,31.6037540435791,33.79716873168945,False,34.37095642089844,20.063941955566406
1250.0,False,False,31.59917640686035,33.79159927368164,False,34.37095642089844,20.063941955566406
1250.5,False,False,31.594600677490234,33.786033630371094,False,34.37095642089844,20.063941955566406
1251.0,False,True,31.59002685546875,33.78047180175781,False,34.37095642089844,20.063941955566406
1251.5,False,False,31.5854549407959,33.77490997314453,False,34.37095642089844,20.063941955566406
1252.0,False,False,31.58088493347168,33.769351959228516,False,34.37095642089844,20.063941955566406
1252.5,False,False,31.57631492614746,33.7637939453125,False,34.37095642089844,20.063941955566406
1253.0,False,False,31.571748733520508,33.75823974609375,False,34.37095642089844,20.063941955566406
1253.5,False,False,31.567184448242188,33.752689361572266,False,34.37095642089844,20.063941955566406
1254.0,False,True,31.5626220703125,33.74714279174805,False,34.37095642089844,20.063941955566406
1254.5,False,False,31.558059692382812,33.74159622192383,False,34.37095642089844,20.063941955566406
1255.0,False,False,31.55350112915039,33.736053466796875,False,34.37095642089844,20.063941955566406
1255.5,False,False,31.5489444732666,33.73051071166992,False,34.37095642089844,20.063941955566406
1256.0,False,False,31.544387817382812,33.724971771240234,False,34.37095642089844,20.063941955566406
1256.5,False,False,31.53983497619629,33.71943664550781,False,34.37095642089844,20.063941955566406
1257.0,False,True,31.535282135009766,33.71390151977539,False,34.37095642089844,20.063941955566406
1257.5,False,False,31.530733108520508,33.7083740234375,False,34.37095642089844,20.063941955566406
1258.0,False,False,31.52618408203125,33.702842712402344,False,34.37095642089844,20.063941955566406
1258.5,False,False,31.521636962890625,33.69731903076172,False,34.37095642089844,20.063941955566406
1259.0,False,False,31.517093658447266,33.691795349121094,False,34.37095642089844,20.063941955566406
1259.5,False,False,31.512550354003906,33.68627166748047,False,34.37095642089844,20.063941955566406
1260.0,False,True,31.50800895690918,33.680755615234375,False,34.37095642089844,20.063941955566406
1260.5,False,False,31.50347137451172,33.67523956298828,False,34.37095642089844,20.063941955566406
1261.0,False,False,31.498933792114258,33.66972351074219,False,34.37095642089844,20.063941955566406
1261.5,False,False,31.49439811706543,33.664215087890625,False,34.37095642089844,20.063941955566406
1262.0,False,False,31.489864349365234,33.65870666503906,False,34.37095642089844,20.063941955566406
1262.5,False,False,31.485332489013672,33.6531982421875,False,34.37095642089844,20.063941955566406
1263.0,False,True,31.480802536010742,33.6476936340332,False,34.37095642089844,20.063941955566406
1263.5,False,False,31.476274490356445,33.64219284057617,False,34.37095642089844,20.063941955566406
1264.0,False,False,31.47174835205078,33.636695861816406,False,34.37095642089844,20.063941955566406
1264.5,False,False,31.46722412109375,33.63119888305664,False,34.37095642089844,20.063941955566406
1265.0,False,False,31.46270179748535,33.62570571899414,False,34.37095642089844,20.063941955566406
1265.5,False,False,31.458181381225586,33.62021255493164,False,34.37095642089844,20.063941955566406
1266.0,False,True,31.453662872314453,33.614723205566406,False,34.37095642089844,20.063941955566406
1266.5,False,False,31.449146270751953,33.60923767089844,False,34.37095642089844,20.063941955566406
1267.0,False,False,31.444631576538086,33.603755950927734,False,34.37095642089844,20.063941955566406
1267.5,False,False,31.44011688232422,33.59827423095703,False,34.37095642089844,20.063941955566406
1268.0,False,False,31.435606002807617,33.59279251098633,False,34.37095642089844,20.063941955566406
1268.5,False,False,31.43109703063965,33.587318420410156,False,34.37095642089844,20.063941955566406
1269.0,False,True,31.42658805847168,33.581844329833984,False,34.37095642089844,20.063941955566406
1269.5,False,False,31.422082901000977,33.57637023925781,False,34.37095642089844,20.063941955566406
1270.0,False,False,31.417577743530273,33.57090377807617,False,34.37095642089844,20.063941955566406
1270.5,False,False,31.413076400756836,33.565433502197266,False,34.37095642089844,20.063941955566406
1271.0,False,False,31.40857696533203,33.55997085571289,False,34.37095642089844,20.063941955566406
1271.5,False,False,31.404077529907227,33.554508209228516,False,34.37095642089844,20.063941955566406
1272.0,False,True,31.399580001831055,33.549049377441406,False,34.37095642089844,20.063941955566406
1272.5,False,False,31.39508628845215,33.5435905456543,False,34.37095642089844,20.063941955566406
1273.0,False,False,31.390592575073242,33.53813934326172,False,34.37095642089844,20.063941955566406
1273.5,False,False,31.38610076904297,33.532684326171875,False,34.37095642089844,20.063941955566406
1274.0,False,False,31.38161277770996,33.52723693847656,False,34.37095642089844,20.063941955566406
1274.5,False,False,31.377124786376953,33.52178955078125,False,34.37095642089844,20.063941955566406
1275.0,False,True,31.372638702392578,33.51634216308594,False,34.37095642089844,20.063941955566406
1275.5,False,False,31.368154525756836,33.510902404785156,False,34.37095642089844,20.063941955566406
1276.0,False,False,31.36367416381836,33.505462646484375,False,34.37095642089844,20.063941955566406
1276.5,False,False,31.359193801879883,33.500022888183594,False,34.37095642089844,20.063941955566406
1277.0,False,False,31.35471534729004,33.494590759277344,False,34.37095642089844,20.063941955566406
1277.5,False,False,31.350238800048828,33.48915481567383,False,34.37095642089844,20.063941955566406
1278.0,False,True,31.34576416015625,33.483726501464844,False,34.37095642089844,20.063941955566406
1278.5,False,False,31.341291427612305,33.47829818725586,False,34.37095642089844,20.063941955566406
1279.0,False,False,31.336820602416992,33.47287368774414,False,34.37095642089844,20.063941955566406
1279.5,False,False,31.332351684570312,33.46744918823242,False,34.37095642089844,20.063941955566406
1280.0,False,False,31.327882766723633,33.46202850341797,False,34.37095642089844,20.063941955566406
1280.5,False,False,31.32341766357422,33.45661163330078,False,34.37095642089844,20.063941955566406
1281.0,False,True,31.318954467773438,33.451194763183594,False,34.37095642089844,20.063941955566406
1281.5,False,False,31.31449317932129,33.44578170776367,False,34.37095642089844,20.063941955566406
1282.0,False,False,31.31003189086914,33.440372467041016,False,34.37095642089844,20.063941955566406
1282.5,False,False,31.305574417114258,33.43496322631836,False,34.37095642089844,20.063941955566406
1283.0,False,False,31.301118850708008,33.42955780029297,False,34.37095642089844,20.063941955566406
1283.5,False,False,31.296663284301758,33.42415237426758,False,34.37095642089844,20.063941955566406
1284.0,False,True,31.292211532592773,33.41875076293945,False,34.37095642089844,20.063941955566406
1284.5,False,False,31.28775978088379,33.413352966308594,False,34.37095642089844,20.063941955566406
1285.0,False,False,31.28331184387207,33.407955169677734,False,34.37095642089844,20.063941955566406
1285.5,False,False,31.27886390686035,33.40256118774414,False,34.37095642089844,20.063941955566406
1286.0,False,False,31.2744197845459,33.39717102050781,False,34.37095642089844,20.063941955566406
1286.5,False,False,31.269975662231445,33.391780853271484,False,34.37095642089844,20.063941955566406
1287.0,False,True,31.265535354614258,33.38639450073242,False,34.37095642089844,20.063941955566406
1287.5,False,False,31.26109504699707,33.381011962890625,False,34.37095642089844,20.063941955566406
1288.0,False,False,31.256656646728516,33.37562942504883,False,34.37095642089844,20.063941955566406
1288.5,False,False,31.252220153808594,33.3702507019043,False,34.37095642089844,20.063941955566406
1289.0,False,False,31.247785568237305,33.364871978759766,False,34.37095642089844,20.063941955566406
1289.5,False,False,31.24335479736328,33.3594970703125,False,34.37095642089844,20.063941955566406
1290.0,False,True,31.238924026489258,33.3541259765625,False,34.37095642089844,20.063941955566406
1290.5,False,False,31.234495162963867,33.3487548828125,False,34.37095642089844,20.063941955566406
1291.0,False,False,31.23006820678711,33.343387603759766,False,34.37095642089844,20.063941955566406
1291.5,False,False,31.225643157958984,33.33802032470703,False,34.37095642089844,20.063941955566406
1292.0,False,False,31.221220016479492,33.33266067504883,False,34.37095642089844,20.063941955566406
1292.5,False,False,31.216798782348633,33.32729721069336,False,34.37095642089844,20.063941955566406
1293.0,False,True,31.212377548217773,33.32194137573242,False,34.37095642089844,20.063941955566406
1293.5,False,False,31.20796012878418,33.316585540771484,False,34.37095642089844,20.063941955566406
1294.0,False,False,31.20354461669922,33.31123352050781,False,34.37095642089844,20.063941955566406
1294.5,False,False,31.19913101196289,33.30588150024414,False,34.37095642089844,20.063941955566406
1295.0,False,False,31.194719314575195,33.300533294677734,False,34.37095642089844,20.063941955566406
1295.5,False,False,31.1903076171875,33.29518508911133,False,34.37095642089844,20.063941955566406
1296.0,False,True,31.18589973449707,33.28984069824219,False,34.37095642089844,20.063941955566406
1296.5,False,False,31.18149185180664,33.28450012207031,False,34.37095642089844,20.063941955566406
1297.0,False,False,31.177087783813477,33.2791633605957,False,34.37095642089844,20.063941955566406
1297.5,False,False,31.172685623168945,33.273826599121094,False,34.37095642089844,20.063941955566406
1298.0,False,False,31.168283462524414,33.268489837646484,False,34.37095642089844,20.063941955566406
1298.5,False,False,31.163883209228516,33.26315689086914,False,34.37095642089844,20.063941955566406
1299.0,False,True,31.159486770629883,33.25782775878906,False,34.37095642089844,20.063941955566406
1299.5,False,False,31.15509033203125,33.25250244140625,False,34.37095642089844,20.063941955566406
1300.0,False,False,31.15069580078125,33.24717712402344,False,34.37095642089844,20.063941955566406
1300.5,False,False,31.146305084228516,33.24185562133789,False,34.37095642089844,20.063941955566406
1301.0,False,False,31.14191436767578,33.236534118652344,False,34.37095642089844,20.063941955566406
1301.5,False,False,31.13752555847168,33.23121643066406,False,34.37095642089844,20.063941955566406
1302.0,False,True,31.13313865661621,33.22590255737305,False,34.37095642089844,20.063941955566406
1302.5,False,False,31.128753662109375,33.22058868408203,False,34.37095642089844,20.063941955566406
1303.0,False,False,31.124370574951172,33.21527862548828,False,34.37095642089844,20.063941955566406
1303.5,False,False,31.1199893951416,33.20996856689453,False,34.37095642089844,20.063941955566406
1304.0,False,False,31.115610122680664,33.20466232299805,False,34.37095642089844,20.063941955566406
1304.5,False,False,31.11123275756836,33.19935989379883,False,34.37095642089844,20.063941955566406
1305.0,False,True,31.106857299804688,33.19405746459961,False,34.37095642089844,20.063941955566406
1305.5,False,False,31.10248374938965,33.188758850097656,False,34.37095642089844,20.063941955566406
1306.0,False,False,31.098112106323242,33.18346405029297,False,34.37095642089844,20.063941955566406
1306.5,False,False,31.09374237060547,33.17816925048828,False,34.37095642089844,20.063941955566406
1307.0,False,False,31.089372634887695,33.17287826538086,False,34.37095642089844,20.063941955566406
1307.5,False,False,31.085006713867188,33.16758728027344,False,34.37095642089844,20.063941955566406
1308.0,False,True,31.080642700195312,33.16230010986328,False,34.37095642089844,20.063941955566406
1308.5,False,False,31.076278686523438,33.15701675415039,False,34.37095642089844,20.063941955566406
1309.0,False,False,31.071918487548828,33.1517333984375,False,34.37095642089844,20.063941955566406
1309.5,False,False,31.06755828857422,33.146453857421875,False,34.37095642089844,20.063941955566406
1310.0,False,False,31.063201904296875,33.14117431640625,False,34.37095642089844,20.063941955566406
1310.5,False,False,31.05884552001953,33.13589859008789,False,34.37095642089844,20.063941955566406
1311.0,False,True,31.05449104309082,33.1306266784668,False,34.37095642089844,20.063941955566406
1311.5,False,False,31.050140380859375,33.1253547668457,False,34.37095642089844,20.063941955566406
1312.0,False,False,31.04578971862793,33.120086669921875,False,34.37095642089844,20.063941955566406
1312.5,False,False,31.041440963745117,33.11481857299805,False,34.37095642089844,20.063941955566406
1313.0,False,False,31.037094116210938,33.10955810546875,False,34.37095642089844,20.063941955566406
1313.5,False,False,31.03274917602539,33.10429382324219,False,34.37095642089844,20.063941955566406
1314.0,False,True,31.028406143188477,33.099037170410156,False,34.37095642089844,20.063941955566406
1314.5,False,False,31.024065017700195,33.093780517578125,False,34.37095642089844,20.063941955566406
1315.0,False,False,31.019725799560547,33.088523864746094,False,34.37095642089844,20.063941955566406
1315.5,False,False,31.01538848876953,33.08327102661133,False,34.37095642089844,20.063941955566406
1316.0,False,False,31.01105308532715,33.07802200317383,False,34.37095642089844,20.063941955566406
1316.5,False,False,31.0067195892334,33.07277297973633,False,34.37095642089844,20.063941955566406
1317.0,False,True,31.00238800048828,33.067527770996094,False,34.37095642089844,20.063941955566406
1317.5,False,False,30.998058319091797,33.062286376953125,False,34.37095642089844,20.063941955566406
1318.0,False,False,30.993728637695312,33.057044982910156,False,34.37095642089844,20.063941955566406
1318.5,False,False,30.989402770996094,33.05180740356445,False,34.37095642089844,20.063941955566406
1319.0,False,False,30.985078811645508,33.046573638916016,False,34.37095642089844,20.063941955566406
1319.5,False,False,30.980754852294922,33.04133987426758,False,34.37095642089844,20.063941955566406
1320.0,False,True,30.9764347076416,33.03610610961914,False,34.37095642089844,20.063941955566406
1320.5,False,False,30.97211456298828,33.03087615966797,False,34.37095642089844,20.063941955566406
1321.0,False,False,30.967798233032227,33.02565002441406,False,34.37095642089844,20.063941955566406
1321.5,False,False,30.963481903076172,33.02042770385742,False,34.37095642089844,20.063941955566406
1322.0,False,False,30.95916748046875,33.01520538330078,False,34.37095642089844,20.063941955566406
1322.5,False,False,30.95485496520996,33.00998306274414,False,34.37095642089844,20.063941955566406
1323.0,False,True,30.950546264648438,33.00476837158203,False,34.37095642089844,20.063941955566406
1323.5,False,False,30.946237564086914,32.99955368041992,False,34.37095642089844,20.063941955566406
1324.0,False,False,30.941930770874023,32.99433898925781,False,34.37095642089844,20.063941955566406
1324.5,False,False,30.937625885009766,32.98912811279297,False,34.37095642089844,20.063941955566406
1325.0,False,False,30.93332290649414,32.98392105102539,False,34.37095642089844,20.063941955566406
1325.5,False,False,30.92902183532715,32.97871398925781,False,34.37095642089844,20.063941955566406
1326.0,False,True,30.92472267150879,32.9735107421875,False,34.37095642089844,20.063941955566406
1326.5,False,False,30.920425415039062,32.96830749511719,False,34.37095642089844,20.063941955566406
1327.0,False,False,30.916128158569336,32.96310806274414,False,34.37095642089844,20.063941955566406
1327.5,False,False,30.911834716796875,32.95791244506836,False,34.37095642089844,20.063941955566406
1328.0,False,False,30.907543182373047,32.95271682739258,False,34.37095642089844,20.063941955566406
1328.5,False,False,30.90325355529785,32.94752502441406,False,34.37095642089844,20.063941955566406
1329.0,False,True,30.898963928222656,32.94233703613281,False,34.37095642089844,20.063941955566406
1329.5,False,False,30.894678115844727,32.93714904785156,False,34.37095642089844,20.063941955566406
1330.0,False,False,30.890392303466797,32.93196487426758,False,34.37095642089844,20.063941955566406
1330.5,False,False,30.886110305786133,32.926780700683594,False,34.37095642089844,20.063941955566406
1331.0,False,False,30.88182830810547,32.921600341796875,False,34.37095642089844,20.063941955566406
1331.5,False,False,30.877548217773438,32.916419982910156,False,34.37095642089844,20.063941955566406
1332.0,False,True,30.873271942138672,32.9112434387207,False,34.37095642089844,20.063941955566406
1332.5,False,False,30.868995666503906,32.906070709228516,False,34.37095642089844,20.063941955566406
1333.0,False,False,30.864721298217773,32.90089797973633,False,34.37095642089844,20.063941955566406
1333.5,False,False,30.860448837280273,32.895729064941406,False,34.37095642089844,20.063941955566406
1334.0,False,False,30.856178283691406,32.89056396484375,False,34.37095642089844,20.063941955566406
1334.5,False,False,30.851909637451172,32.885398864746094,False,34.37095642089844,20.063941955566406
1335.0,False,True,30.84764289855957,32.88023376464844,False,34.37095642089844,20.063941955566406
1335.5,False,False,30.8433780670166,32.87507629394531,False,34.37095642089844,20.063941955566406
1336.0,False,False,30.839115142822266,32.86991500854492,False,34.37095642089844,20.063941955566406
1336.5,False,False,30.834854125976562,32.86476135253906,False,34.37095642089844,20.063941955566406
1337.0,False,False,30.83059310913086,32.8596076965332,False,34.37095642089844,20.063941955566406
1337.5,False,False,30.826335906982422,32.85445785522461,False,34.37095642089844,20.063941955566406
1338.0,False,True,30.822080612182617,32.849308013916016,False,34.37095642089844,20.063941955566406
1338.5,False,False,30.817825317382812,32.84416198730469,False,34.37095642089844,20.063941955566406
1339.0,False,False,30.813573837280273,32.83901596069336,False,34.37095642089844,20.063941955566406
1339.5,False,False,30.809322357177734,32.8338737487793,False,34.37095642089844,20.063941955566406
1340.0,False,False,30.805072784423828,32.8287353515625,False,34.37095642089844,20.063941955566406
1340.5,False,False,30.800827026367188,32.8235969543457,False,34.37095642089844,20.063941955566406
1341.0,False,True,30.796581268310547,32.81846237182617,False,34.37095642089844,20.063941955566406
1341.5,False,False,30.79233741760254,32.81332778930664,False,34.37095642089844,20.063941955566406
1342.0,False,False,30.788095474243164,32.808197021484375,False,34.37095642089844,20.063941955566406
1342.5,False,False,30.783855438232422,32.803070068359375,False,34.37095642089844,20.063941955566406
1343.0,False,False,30.779617309570312,32.797943115234375,False,34.37095642089844,20.063941955566406
1343.5,False,False,30.775381088256836,32.79281997680664,False,34.37095642089844,20.063941955566406
1344.0,False,True,30.771146774291992,32.787696838378906,False,34.37095642089844,20.063941955566406
1344.5,False,False,30.76691436767578,32.78257751464844,False,34.37095642089844,20.063941955566406
1345.0,False,False,30.762683868408203,32.77745819091797,False,34.37095642089844,20.063941955566406
1345.5,False,False,30.758455276489258,32.77234649658203,False,34.37095642089844,20.063941955566406
1346.0,False,False,30.754226684570312,32.76723098754883,False,34.37095642089844,20.063941955566406
1346.5,False,False,30.750001907348633,32.762123107910156,False,34.37095642089844,20.063941955566406
1347.0,False,True,30.745777130126953,32.75701141357422,False,34.37095642089844,20.063941955566406
1347.5,False,False,30.74155616760254,32.75190734863281,False,34.37095642089844,20.063941955566406
1348.0,False,False,30.737335205078125,32.746803283691406,False,34.37095642089844,20.063941955566406
1348.5,False,False,30.733118057250977,32.741703033447266,False,34.37095642089844,20.063941955566406
1349.0,False,False,30.728900909423828,32.736602783203125,False,34.37095642089844,20.063941955566406
1349.5,False,False,30.724685668945312,32.73150634765625,False,34.37095642089844,20.063941955566406
1350.0,False,True,30.72047233581543,32.726409912109375,False,34.37095642089844,20.063941955566406
1350.5,False,False,30.71626091003418,32.721317291259766,False,34.37095642089844,20.063941955566406
1351.0,False,False,30.712051391601562,32.71622848510742,False,34.37095642089844,20.063941955566406
1351.5,False,False,30.707843780517578,32.71113967895508,False,34.37095642089844,20.063941955566406
1352.0,False,False,30.703638076782227,32.7060546875,False,34.37095642089844,20.063941955566406
1352.5,False,False,30.699434280395508,32.70096969604492,False,34.37095642089844,20.063941955566406
1353.0,False,True,30.695232391357422,32.69588851928711,False,34.37095642089844,20.063941955566406
1353.5,False,False,30.69103240966797,32.6908073425293,False,34.37095642089844,20.063941955566406
1354.0,False,False,30.686832427978516,32.685733795166016,False,34.37095642089844,20.063941955566406
1354.5,False,False,30.682636260986328,32.68065643310547,False,34.37095642089844,20.063941955566406
1355.0,False,False,30.67844009399414,32.67558288574219,False,34.37095642089844,20.063941955566406
1355.5,False,False,30.67424774169922,32.67051315307617,False,34.37095642089844,20.063941955566406
1356.0,False,True,30.670055389404297,32.66544723510742,False,34.37095642089844,20.063941955566406
1356.5,False,False,30.665864944458008,32.66038131713867,False,34.37095642089844,20.063941955566406
1357.0,False,False,30.661678314208984,32.65531539916992,False,34.37095642089844,20.063941955566406
1357.5,False,False,30.65749168395996,32.6502571105957,False,34.37095642089844,20.063941955566406
1358.0,False,False,30.65330696105957,32.64519500732422,False,34.37095642089844,20.063941955566406
1358.5,False,False,30.649124145507812,32.640140533447266,False,34.37095642089844,20.063941955566406
1359.0,False,True,30.644943237304688,32.63508605957031,False,34.37095642089844,20.063941955566406
1359.5,False,False,30.640764236450195,32.63003158569336,False,34.37095642089844,20.063941955566406
1360.0,False,False,30.636587142944336,32.62498092651367,False,34.37095642089844,20.063941955566406
1360.5,False,False,30.63241195678711,32.61993408203125,False,34.37095642089844,20.063941955566406
1361.0,False,False,30.628236770629883,32.61488723754883,False,34.37095642089844,20.063941955566406
1361.5,False,False,30.624065399169922,32.60984420776367,False,34.37095642089844,20.063941955566406
1362.0,False,True,30.61989402770996,32.604801177978516,False,34.37095642089844,20.063941955566406
1362.5,False,False,30.615726470947266,32.599761962890625,False,34.37095642089844,20.063941955566406
1363.0,False,False,30.61155891418457,32.5947265625,False,34.37095642089844,20.063941955566406
1363.5,False,False,30.60739517211914,32.589691162109375,False,34.37095642089844,20.063941955566406
1364.0,False,False,30.60323143005371,32.584659576416016,False,34.37095642089844,20.063941955566406
1364.5,False,False,30.599069595336914,32.579627990722656,False,34.37095642089844,20.063941955566406
1365.0,False,True,30.59490966796875,32.57460021972656,False,34.37095642089844,20.063941955566406
1365.5,False,False,30.59075164794922,32.569576263427734,False,34.37095642089844,20.063941955566406
1366.0,False,False,30.58659553527832,32.564552307128906,False,34.37095642089844,20.063941955566406
1366.5,False,False,30.582441329956055,32.55952835083008,False,34.37095642089844,20.063941955566406
1367.0,False,False,30.578289031982422,32.554508209228516,False,34.37095642089844,20.063941955566406
1367.5,False,False,30.574138641357422,32.54949188232422,False,34.37095642089844,20.063941955566406
1368.0,False,True,30.569990158081055,32.54447937011719,False,34.37095642089844,20.063941955566406
1368.5,False,False,30.565841674804688,32.53946304321289,False,34.37095642089844,20.063941955566406
1369.0,False,False,30.561697006225586,32.534454345703125,False,34.37095642089844,20.063941955566406
1369.5,False,False,30.557552337646484,32.52944564819336,False,34.37095642089844,20.063941955566406
1370.0,False,False,30.55341148376465,32.52444076538086,False,34.37095642089844,20.063941955566406
1370.5,False,False,30.549270629882812,32.51943588256836,False,34.37095642089844,20.063941955566406
1371.0,False,True,30.54513168334961,32.514434814453125,False,34.37095642089844,20.063941955566406
1371.5,False,False,30.54099464416504,32.50943374633789,False,34.37095642089844,20.063941955566406
1372.0,False,False,30.536861419677734,32.50443649291992,False,34.37095642089844,20.063941955566406
1372.5,False,False,30.53272819519043,32.49944305419922,False,34.37095642089844,20.063941955566406
1373.0,False,False,30.528596878051758,32.494449615478516,False,34.37095642089844,20.063941955566406
1373.5,False,False,30.524465560913086,32.48945617675781,False,34.37095642089844,20.063941955566406
1374.0,False,True,30.52033805847168,32.48447036743164,False,34.37095642089844,20.063941955566406
1374.5,False,False,30.516212463378906,32.4794807434082,False,34.37095642089844,20.063941955566406
1375.0,False,False,30.512088775634766,32.4744987487793,False,34.37095642089844,20.063941955566406
1375.5,False,False,30.507965087890625,32.46951675415039,False,34.37095642089844,20.063941955566406
1376.0,False,False,30.50384521484375,32.464534759521484,False,34.37095642089844,20.063941955566406
1376.5,False,False,30.499725341796875,32.459556579589844,False,34.37095642089844,20.063941955566406
1377.0,False,True,30.495607376098633,32.45458221435547,False,34.37095642089844,20.063941955566406
1377.5,False,False,30.491493225097656,32.449607849121094,False,34.37095642089844,20.063941955566406
1378.0,False,False,30.48737907409668,32.444637298583984,False,34.37095642089844,20.063941955566406
1378.5,False,False,30.483266830444336,32.43967056274414,False,34.37095642089844,20.063941955566406
1379.0,False,False,30.479156494140625,32.4347038269043,False,34.37095642089844,20.063941955566406
1379.5,False,False,30.475048065185547,32.42973709106445,False,34.37095642089844,20.063941955566406
1380.0,False,True,30.4709415435791,32.424774169921875,False,34.37095642089844,20.063941955566406
1380.5,False,False,30.46683692932129,32.41981506347656,False,34.37095642089844,20.063941955566406
1381.0,False,False,30.462732315063477,32.41485595703125,False,34.37095642089844,20.063941955566406
1381.5,False,False,30.45863151550293,32.4099006652832,False,34.37095642089844,20.063941955566406
1382.0,False,False,30.454530715942383,32.404945373535156,False,34.37095642089844,20.063941955566406
1382.5,False,False,30.4504337310791,32.399993896484375,False,34.37095642089844,20.063941955566406
1383.0,False,True,30.44633674621582,32.39504623413086,False,34.37095642089844,20.063941955566406
1383.5,False,False,30.442241668701172,32.390098571777344,False,34.37095642089844,20.063941955566406
1384.0,False,False,30.43815040588379,32.385154724121094,False,34.37095642089844,20.063941955566406
1384.5,False,False,30.434059143066406,32.380210876464844,False,34.37095642089844,20.063941955566406
1385.0,False,False,30.429969787597656,32.37527084350586,False,34.37095642089844,20.063941955566406
1385.5,False,False,30.42588233947754,32.370330810546875,False,34.37095642089844,20.063941955566406
1386.0,False,True,30.421796798706055,32.365394592285156,False,34.37095642089844,20.063941955566406
1386.5,False,False,30.41771125793457,32.36045837402344,False,34.37095642089844,20.063941955566406
1387.0,False,False,30.41362953186035,32.355525970458984,False,34.37095642089844,20.063941955566406
1387.5,False,False,30.409549713134766,32.3505973815918,False,34.37095642089844,20.063941955566406
1388.0,False,False,30.40546989440918,32.34566879272461,False,34.37095642089844,20.063941955566406
1388.5,False,False,30.40139389038086,32.34074401855469,False,34.37095642089844,20.063941955566406
1389.0,False,True,30.39731788635254,32.335819244384766,False,34.37095642089844,20.063941955566406
1389.5,False,False,30.39324378967285,32.33089828491211,False,34.37095642089844,20.063941955566406
1390.0,False,False,30.38917350769043,32.32598114013672,False,34.37095642089844,20.063941955566406
1390.5,False,False,30.385103225708008,32.32106399536133,False,34.37095642089844,20.063941955566406
1391.0,False,False,30.38103485107422,32.31614685058594,False,34.37095642089844,20.063941955566406
1391.5,False,False,30.376968383789062,32.31123352050781,False,34.37095642089844,20.063941955566406
1392.0,False,True,30.372901916503906,32.30632400512695,False,34.37095642089844,20.063941955566406
1392.5,False,False,30.368839263916016,32.301414489746094,False,34.37095642089844,20.063941955566406
1393.0,False,False,30.364778518676758,32.2965087890625,False,34.37095642089844,20.063941955566406
1393.5,False,False,30.3607177734375,32.291603088378906,False,34.37095642089844,20.063941955566406
1394.0,False,False,30.356660842895508,32.28670120239258,False,34.37095642089844,20.063941955566406
1394.5,False,False,30.352603912353516,32.281803131103516,False,34.37095642089844,20.063941955566406
1395.0,False,True,30.34855079650879,32.27690505981445,False,34.37095642089844,20.063941955566406
1395.5,False,False,30.344497680664062,32.272010803222656,False,34.37095642089844,20.063941955566406
1396.0,False,False,30.34044647216797,32.26711654663086,False,34.37095642089844,20.063941955566406
1396.5,False,False,30.336397171020508,32.26222610473633,False,34.37095642089844,20.063941955566406
1397.0,False,False,30.33234977722168,32.2573356628418,False,34.37095642089844,20.063941955566406
1397.5,False,False,30.328304290771484,32.25244903564453,False,34.37095642089844,20.063941955566406
1398.0,False,True,30.32425880432129,32.247562408447266,False,34.37095642089844,20.063941955566406
1398.5,False,False,30.32021713256836,32.242679595947266,False,34.37095642089844,20.063941955566406
1399.0,False,False,30.316177368164062,32.23780059814453,False,34.37095642089844,20.063941955566406
1399.5,False,False,30.312137603759766,32.2329216003418,False,34.37095642089844,20.063941955566406
1400.0,False,False,30.308101654052734,32.22804641723633,False,34.37095642089844,20.063941955566406
1400.5,False,False,30.304065704345703,32.22317123413086,False,34.37095642089844,20.063941955566406
1401.0,False,True,30.300031661987305,32.218299865722656,False,34.37095642089844,20.063941955566406
1401.5,False,False,30.29599952697754,32.21342849731445,False,34.37095642089844,20.063941955566406
1402.0,False,False,30.291969299316406,32.208560943603516,False,34.37095642089844,20.063941955566406
1402.5,False,False,30.287940979003906,32.20369338989258,False,34.37095642089844,20.063941955566406
1403.0,False,False,30.28391456604004,32.198829650878906,False,34.37095642089844,20.063941955566406
1403.5,False,False,30.279890060424805,32.1939697265625,False,34.37095642089844,20.063941955566406
1404.0,False,True,30.27586555480957,32.189109802246094,False,34.37095642089844,20.063941955566406
1404.5,False,False,30.2718448638916,32.18425369262695,False,34.37095642089844,20.063941955566406
1405.0,False,False,30.267824172973633,32.17939758300781,False,34.37095642089844,20.063941955566406
1405.5,False,False,30.26380729675293,32.17454528808594,False,34.37095642089844,20.063941955566406
1406.0,False,False,30.259790420532227,32.16969299316406,False,34.37095642089844,20.063941955566406
1406.5,False,False,30.255775451660156,32.16484451293945,False,34.37095642089844,20.063941955566406
1407.0,False,True,30.25176239013672,32.15999984741211,False,34.37095642089844,20.063941955566406
1407.5,False,False,30.247751235961914,32.155155181884766,False,34.37095642089844,20.063941955566406
1408.0,False,False,30.243741989135742,32.15031051635742,False,34.37095642089844,20.063941955566406
1408.5,False,False,30.239734649658203,32.145469665527344,False,34.37095642089844,20.063941955566406
1409.0,False,False,30.235727310180664,32.14063262939453,False,34.37095642089844,20.063941955566406
1409.5,False,False,30.23172378540039,32.13579559326172,False,34.37095642089844,20.063941955566406
1410.0,False,True,30.227720260620117,32.13096237182617,False,34.37095642089844,20.063941955566406
1410.5,False,False,30.22372055053711,32.126129150390625,False,34.37095642089844,20.063941955566406
1411.0,False,False,30.2197208404541,32.121299743652344,False,34.37095642089844,20.063941955566406
1411.5,False,False,30.215723037719727,32.11647415161133,False,34.37095642089844,20.063941955566406
1412.0,False,False,30.211727142333984,32.11164855957031,False,34.37095642089844,20.063941955566406
1412.5,False,False,30.207733154296875,32.1068229675293,False,34.37095642089844,20.063941955566406
1413.0,False,True,30.2037410736084,32.10200119018555,False,34.37095642089844,20.063941955566406
1413.5,False,False,30.199750900268555,32.09718322753906,False,34.37095642089844,20.063941955566406
1414.0,False,False,30.19576072692871,32.09236526489258,False,34.37095642089844,20.063941955566406
1414.5,False,False,30.191774368286133,32.08755111694336,False,34.37095642089844,20.063941955566406
1415.0,False,False,30.187788009643555,32.08273696899414,False,34.37095642089844,20.063941955566406
1415.5,False,False,30.183805465698242,32.07792663574219,False,34.37095642089844,20.063941955566406
1416.0,False,True,30.17982292175293,32.0731201171875,False,34.37095642089844,20.063941955566406
1416.5,False,False,30.17584228515625,32.06831359863281,False,34.37095642089844,20.063941955566406
1417.0,False,False,30.171863555908203,32.063507080078125,False,34.37095642089844,20.063941955566406
1417.5,False,False,30.16788673400879,32.0587043762207,False,34.37095642089844,20.063941955566406
1418.0,False,False,30.163911819458008,32.05390548706055,False,34.37095642089844,20.063941955566406
1418.5,False,False,30.15993881225586,32.04910659790039,False,34.37095642089844,20.063941955566406
1419.0,False,True,30.15596580505371,32.0443115234375,False,34.37095642089844,20.063941955566406
1419.5,False,False,30.151996612548828,32.03951644897461,False,34.37095642089844,20.063941955566406
1420.0,False,False,30.148027420043945,32.034725189208984,False,34.37095642089844,20.063941955566406
1420.5,False,False,30.144062042236328,32.02993392944336,False,34.37095642089844,20.063941955566406
1421.0,False,False,30.14009666442871,32.025146484375,False,34.37095642089844,20.063941955566406
1421.5,False,False,30.136133193969727,32.02035903930664,False,34.37095642089844,20.063941955566406
1422.0,False,True,30.132171630859375,32.01557540893555,False,34.37095642089844,20.063941955566406
1422.5,False,False,30.128211975097656,32.01079559326172,False,34.37095642089844,20.063941955566406
1423.0,False,False,30.124252319335938,32.00601577758789,False,34.37095642089844,20.063941955566406
1423.5,False,False,30.120296478271484,32.00123977661133,False,34.37095642089844,20.063941955566406
1424.0,False,False,30.116342544555664,31.996463775634766,False,34.37095642089844,20.063941955566406
1424.5,False,False,30.112388610839844,31.991689682006836,False,34.37095642089844,20.063941955566406
1425.0,False,True,30.108436584472656,31.986919403076172,False,34.37095642089844,20.063941955566406
1425.5,False,False,30.104488372802734,31.982149124145508,False,34.37095642089844,20.063941955566406
1426.0,False,False,30.100540161132812,31.97738265991211,False,34.37095642089844,20.063941955566406
1426.5,False,False,30.096593856811523,31.972618103027344,False,34.37095642089844,20.063941955566406
1427.0,False,False,30.092649459838867,31.96785545349121,False,34.37095642089844,20.063941955566406
1427.5,False,False,30.08870506286621,31.96309471130371,False,34.37095642089844,20.063941955566406
1428.0,False,True,30.08476448059082,31.958335876464844,False,34.37095642089844,20.063941955566406
1428.5,False,False,30.080825805664062,31.95357894897461,False,34.37095642089844,20.063941955566406
1429.0,False,False,30.076887130737305,31.948823928833008,False,34.37095642089844,20.063941955566406
1429.5,False,False,30.07295036315918,31.944072723388672,False,34.37095642089844,20.063941955566406
1430.0,False,False,30.06901741027832,31.939321517944336,False,34.37095642089844,20.063941955566406
1430.5,False,False,30.06508445739746,31.934574127197266,False,34.37095642089844,20.063941955566406
1431.0,False,True,30.061153411865234,31.929826736450195,False,34.37095642089844,20.063941955566406
1431.5,False,False,30.05722427368164,31.92508316040039,False,34.37095642089844,20.063941955566406
1432.0,False,False,30.053295135498047,31.92034149169922,False,34.37095642089844,20.063941955566406
1432.5,False,False,30.04936981201172,31.91560173034668,False,34.37095642089844,20.063941955566406
1433.0,False,False,30.045446395874023,31.910863876342773,False,34.37095642089844,20.063941955566406
1433.5,False,False,30.041522979736328,31.9061279296875,False,34.37095642089844,20.063941955566406
1434.0,False,True,30.037601470947266,31.90139389038086,False,34.37095642089844,20.063941955566406
1434.5,False,False,30.03368377685547,31.89666175842285,False,34.37095642089844,20.063941955566406
1435.0,False,False,30.029766082763672,31.891931533813477,False,34.37095642089844,20.063941955566406
1435.5,False,False,30.025850296020508,31.887205123901367,False,34.37095642089844,20.063941955566406
1436.0,False,False,30.021934509277344,31.882478713989258,False,34.37095642089844,20.063941955566406
1436.5,False,False,30.018022537231445,31.877756118774414,False,34.37095642089844,20.063941955566406
1437.0,False,True,30.01411247253418,31.87303352355957,False,34.37095642089844,20.063941955566406
1437.5,False,False,30.010202407836914,31.868314743041992,False,34.37095642089844,20.063941955566406
1438.0,False,False,30.006296157836914,31.863597869873047,False,34.37095642089844,20.063941955566406
1438.5,False,False,30.002389907836914,31.858882904052734,False,34.37095642089844,20.063941955566406
1439.0,False,False,29.998485565185547,31.854169845581055,False,34.37095642089844,20.063941955566406
1439.5,False,False,29.994583129882812,31.849458694458008,False,34.37095642089844,20.063941955566406
1440.0,False,True,29.99068260192871,31.844749450683594,False,34.37095642089844,20.063941955566406
1440.5,False,False,29.986783981323242,31.840042114257812,False,34.37095642089844,20.063941955566406
1441.0,False,False,29.982885360717773,31.835336685180664,False,34.37095642089844,20.063941955566406
1441.5,False,False,29.97899055480957,31.83063316345215,False,34.37095642089844,20.063941955566406
1442.0,False,False,29.975095748901367,31.8259334564209,False,34.37095642089844,20.063941955566406
1442.5,False,False,29.97120475769043,31.82123374938965,False,34.37095642089844,20.063941955566406
1443.0,False,True,29.967313766479492,31.816537857055664,False,34.37095642089844,20.063941955566406
1443.5,False,False,29.963424682617188,31.81184196472168,False,34.37095642089844,20.063941955566406
1444.0,False,False,29.959537506103516,31.80714988708496,False,34.37095642089844,20.063941955566406
1444.5,False,False,29.955652236938477,31.802459716796875,False,34.37095642089844,20.063941955566406
1445.0,False,False,29.951766967773438,31.79776954650879,False,34.37095642089844,20.063941955566406
1445.5,False,False,29.947885513305664,31.79308319091797,False,34.37095642089844,20.063941955566406
1446.0,False,True,29.94400405883789,31.78839874267578,False,34.37095642089844,20.063941955566406
1446.5,False,False,29.940126419067383,31.783716201782227,False,34.37095642089844,20.063941955566406
1447.0,False,False,29.936248779296875,31.779035568237305,False,34.37095642089844,20.063941955566406
1447.5,False,False,29.932373046875,31.77435874938965,False,34.37095642089844,20.063941955566406
1448.0,False,False,29.928499221801758,31.769681930541992,False,34.37095642089844,20.063941955566406
1448.5,False,False,29.92462730407715,31.76500701904297,False,34.37095642089844,20.063941955566406
1449.0,False,True,29.92075538635254,31.760334014892578,False,34.37095642089844,20.063941955566406
1449.5,False,False,29.916887283325195,31.755664825439453,False,34.37095642089844,20.063941955566406
1450.0,False,False,29.91301918029785,31.750995635986328,False,34.37095642089844,20.063941955566406
1450.5,False,False,29.909154891967773,31.74633026123047,False,34.37095642089844,20.063941955566406
1451.0,False,False,29.905290603637695,31.741666793823242,False,34.37095642089844,20.063941955566406
1451.5,False,False,29.90142822265625,31.737003326416016,False,34.37095642089844,20.063941955566406
1452.0,False,True,29.897567749023438,31.732343673706055,False,34.37095642089844,20.063941955566406
1452.5,False,False,29.893709182739258,31.727685928344727,False,34.37095642089844,20.063941955566406
1453.0,False,False,29.889850616455078,31.72303009033203,False,34.37095642089844,20.063941955566406
1453.5,False,False,29.885995864868164,31.71837615966797,False,34.37095642089844,20.063941955566406
1454.0,False,False,29.88214111328125,31.71372413635254,False,34.37095642089844,20.063941955566406
1454.5,False,False,29.8782901763916,31.709074020385742,False,34.37095642089844,20.063941955566406
1455.0,False,True,29.874439239501953,31.704425811767578,False,34.37095642089844,20.063941955566406
1455.5,False,False,29.870590209960938,31.699779510498047,False,34.37095642089844,20.063941955566406
1456.0,False,False,29.866743087768555,31.69513511657715,False,34.37095642089844,20.063941955566406
1456.5,False,False,29.862895965576172,31.690494537353516,False,34.37095642089844,20.063941955566406
1457.0,False,False,29.859052658081055,31.685853958129883,False,34.37095642089844,20.063941955566406
1457.5,False,False,29.85521125793457,31.681215286254883,False,34.37095642089844,20.063941955566406
1458.0,False,True,29.851369857788086,31.67658042907715,False,34.37095642089844,20.063941955566406
1458.5,False,False,29.847530364990234,31.671947479248047,False,34.37095642089844,20.063941955566406
1459.0,False,False,29.843692779541016,31.667314529418945,False,34.37095642089844,20.063941955566406
1459.5,False,False,29.83985710144043,31.66268539428711,False,34.37095642089844,20.063941955566406
1460.0,False,False,29.836023330688477,31.658058166503906,False,34.37095642089844,20.063941955566406
1460.5,False,False,29.832191467285156,31.653430938720703,False,34.37095642089844,20.063941955566406
1461.0,False,True,29.82836151123047,31.648807525634766,False,34.37095642089844,20.063941955566406
1461.5,False,False,29.82453155517578,31.64418601989746,False,34.37095642089844,20.063941955566406
1462.0,False,False,29.820703506469727,31.63956642150879,False,34.37095642089844,20.063941955566406
1462.5,False,False,29.816877365112305,31.63494873046875,False,34.37095642089844,20.063941955566406
1463.0,False,False,29.81305503845215,31.630332946777344,False,34.37095642089844,20.063941955566406
1463.5,False,False,29.80923080444336,31.62571907043457,False,34.37095642089844,20.063941955566406
1464.0,False,True,29.805410385131836,31.62110710144043,False,34.37095642089844,20.063941955566406
1464.5,False,False,29.801591873168945,31.616498947143555,False,34.37095642089844,20.063941955566406
1465.0,False,False,29.797773361206055,31.61189079284668,False,34.37095642089844,20.063941955566406
1465.5,False,False,29.79395866394043,31.607284545898438,False,34.37095642089844,20.063941955566406
1466.0,False,False,29.790143966674805,31.60268211364746,False,34.37095642089844,20.063941955566406
1466.5,False,False,29.786331176757812,31.598079681396484,False,34.37095642089844,20.063941955566406
1467.0,False,True,29.782520294189453,31.59347915649414,False,34.37095642089844,20.063941955566406
1467.5,False,False,29.778711318969727,31.588882446289062,False,34.37095642089844,20.063941955566406
1468.0,False,False,29.77490234375,31.584287643432617,False,34.37095642089844,20.063941955566406
1468.5,False,False,29.77109718322754,31.579692840576172,False,34.37095642089844,20.063941955566406
1469.0,False,False,29.767292022705078,31.575101852416992,False,34.37095642089844,20.063941955566406
1469.5,False,False,29.763490676879883,31.570512771606445,False,34.37095642089844,20.063941955566406
1470.0,False,True,29.759689331054688,31.5659236907959,False,34.37095642089844,20.063941955566406
1470.5,False,False,29.755889892578125,31.561338424682617,False,34.37095642089844,20.063941955566406
1471.0,False,False,29.752092361450195,31.55675506591797,False,34.37095642089844,20.063941955566406
1471.5,False,False,29.748294830322266,31.552173614501953,False,34.37095642089844,20.063941955566406
1472.0,False,False,29.7445011138916,31.54759407043457,False,34.37095642089844,20.063941955566406
1472.5,False,False,29.740707397460938,31.54301643371582,False,34.37095642089844,20.063941955566406
1473.0,False,True,29.73691749572754,31.538440704345703,False,34.37095642089844,20.063941955566406
1473.5,False,False,29.73312759399414,31.53386688232422,False,34.37095642089844,20.063941955566406
1474.0,False,False,29.729339599609375,31.529294967651367,False,34.37095642089844,20.063941955566406
1474.5,False,False,29.725553512573242,31.52472496032715,False,34.37095642089844,20.063941955566406
1475.0,False,False,29.72176742553711,31.520158767700195,False,34.37095642089844,20.063941955566406
1475.5,False,False,29.717985153198242,31.515592575073242,False,34.37095642089844,20.063941955566406
1476.0,False,True,29.714202880859375,31.511028289794922,False,34.37095642089844,20.063941955566406
1476.5,False,False,29.71042251586914,31.506465911865234,False,34.37095642089844,20.063941955566406
1477.0,False,False,29.706645965576172,31.501907348632812,False,34.37095642089844,20.063941955566406
1477.5,False,False,29.702869415283203,31.49734878540039,False,34.37095642089844,20.063941955566406
1478.0,False,False,29.699092864990234,31.492794036865234,False,34.37095642089844,20.063941955566406
1478.5,False,False,29.69532012939453,31.488239288330078,False,34.37095642089844,20.063941955566406
1479.0,False,True,29.69154930114746,31.483688354492188,False,34.37095642089844,20.063941955566406
1479.5,False,False,29.68777847290039,31.479137420654297,False,34.37095642089844,20.063941955566406
1480.0,False,False,29.684009552001953,31.474590301513672,False,34.37095642089844,20.063941955566406
1480.5,False,False,29.68024253845215,31.47004508972168,False,34.37095642089844,20.063941955566406
1481.0,False,False,29.676477432250977,31.465499877929688,False,34.37095642089844,20.063941955566406
1481.5,False,False,29.672714233398438,31.46095848083496,False,34.37095642089844,20.063941955566406
1482.0,False,True,29.66895294189453,31.456418991088867,False,34.37095642089844,20.063941955566406
1482.5,False,False,29.665191650390625,31.451881408691406,False,34.37095642089844,20.063941955566406
1483.0,False,False,29.661434173583984,31.447343826293945,False,34.37095642089844,20.063941955566406
1483.5,False,False,29.657676696777344,31.44281005859375,False,34.37095642089844,20.063941955566406
1484.0,False,False,29.653921127319336,31.438278198242188,False,34.37095642089844,20.063941955566406
1484.5,False,False,29.65016746520996,31.433748245239258,False,34.37095642089844,20.063941955566406
1485.0,False,True,29.64641571044922,31.42922019958496,False,34.37095642089844,20.063941955566406
1485.5,False,False,29.642663955688477,31.424694061279297,False,34.37095642089844,20.063941955566406
1486.0,False,False,29.638916015625,31.420169830322266,False,34.37095642089844,20.063941955566406
1486.5,False,False,29.635168075561523,31.415647506713867,False,34.37095642089844,20.063941955566406
1487.0,False,False,29.63142204284668,31.4111270904541,False,34.37095642089844,20.063941955566406
1487.5,False,False,29.62767791748047,31.40660858154297,False,34.37095642089844,20.063941955566406
1488.0,False,True,29.62393569946289,31.40209197998047,False,34.37095642089844,20.063941955566406
1488.5,False,False,29.620195388793945,31.397579193115234,False,34.37095642089844,20.063941955566406
1489.0,False,False,29.616455078125,31.39306640625,False,34.37095642089844,20.063941955566406
1489.5,False,False,29.61271858215332,31.3885555267334,False,34.37095642089844,20.063941955566406
1490.0,False,False,29.60898208618164,31.38404655456543,False,34.37095642089844,20.063941955566406
1490.5,False,False,29.605247497558594,31.379541397094727,False,34.37095642089844,20.063941955566406
1491.0,False,True,29.60151481628418,31.375036239624023,False,34.37095642089844,20.063941955566406
1491.5,False,False,29.5977840423584,31.370532989501953,False,34.37095642089844,20.063941955566406
1492.0,False,False,29.59405517578125,31.36603355407715,False,34.37095642089844,20.063941955566406
1492.5,False,False,29.5903263092041,31.361534118652344,False,34.37095642089844,20.063941955566406
1493.0,False,False,29.586599349975586,31.357038497924805,False,34.37095642089844,20.063941955566406
1493.5,False,False,29.582876205444336,31.352542877197266,False,34.37095642089844,20.063941955566406
1494.0,False,True,29.579153060913086,31.348051071166992,False,34.37095642089844,20.063941955566406
1494.5,False,False,29.575429916381836,31.34355926513672,False,34.37095642089844,20.063941955566406
1495.0,False,False,29.57171058654785,31.33907127380371,False,34.37095642089844,20.063941955566406
1495.5,False,False,29.5679931640625,31.334583282470703,False,34.37095642089844,20.063941955566406
1496.0,False,False,29.56427574157715,31.33009910583496,False,34.37095642089844,20.063941955566406
1496.5,False,False,29.56056022644043,31.32561492919922,False,34.37095642089844,20.063941955566406
1497.0,False,True,29.556846618652344,31.321134567260742,False,34.37095642089844,20.063941955566406
1497.5,False,False,29.55313491821289,31.3166561126709,False,34.37095642089844,20.063941955566406
1498.0,False,False,29.54942512512207,31.312177658081055,False,34.37095642089844,20.063941955566406
1498.5,False,False,29.545717239379883,31.307703018188477,False,34.37095642089844,20.063941955566406
1499.0,False,False,29.542009353637695,31.30323028564453,False,34.37095642089844,20.063941955566406
1499.5,False,False,29.53830337524414,31.298757553100586,False,34.37095642089844,20.063941955566406
1500.0,False,True,29.53459930419922,31.294288635253906,False,34.37095642089844,20.063941955566406
1500.5,False,False,29.53089714050293,31.28982162475586,False,34.37095642089844,20.063941955566406
1501.0,False,False,29.527196884155273,31.285356521606445,False,34.37095642089844,20.063941955566406
1501.5,False,False,29.52349853515625,31.280893325805664,False,34.37095642089844,20.063941955566406
1502.0,False,False,29.519800186157227,31.276430130004883,False,34.37095642089844,20.063941955566406
1502.5,False,False,29.51610565185547,31.271970748901367,False,34.37095642089844,20.063941955566406
1503.0,False,True,29.51241111755371,31.267513275146484,False,34.37095642089844,20.063941955566406
1503.5,False,False,29.508718490600586,31.263057708740234,False,34.37095642089844,20.063941955566406
1504.0,False,False,29.50502586364746,31.258604049682617,False,34.37095642089844,20.063941955566406
1504.5,False,False,29.5013370513916,31.254152297973633,False,34.37095642089844,20.063941955566406
1505.0,False,False,29.497650146484375,31.24970245361328,False,34.37095642089844,20.063941955566406
1505.5,False,False,29.49396324157715,31.245254516601562,False,34.37095642089844,20.063941955566406
1506.0,False,True,29.490278244018555,31.240808486938477,False,34.37095642089844,20.063941955566406
1506.5,False,False,29.486595153808594,31.23636245727539,False,34.37095642089844,20.063941955566406
1507.0,False,False,29.482913970947266,31.23192024230957,False,34.37095642089844,20.063941955566406
1507.5,False,False,29.47923469543457,31.227479934692383,False,34.37095642089844,20.063941955566406
1508.0,False,False,29.475555419921875,31.223041534423828,False,34.37095642089844,20.063941955566406
1508.5,False,False,29.471878051757812,31.218605041503906,False,34.37095642089844,20.063941955566406
1509.0,False,True,29.468204498291016,31.214170455932617,False,34.37095642089844,20.063941955566406
1509.5,False,False,29.46453094482422,31.209739685058594,False,34.37095642089844,20.063941955566406
1510.0,False,False,29.460857391357422,31.20530891418457,False,34.37095642089844,20.063941955566406
1510.5,False,False,29.45718765258789,31.20088005065918,False,34.37095642089844,20.063941955566406
1511.0,False,False,29.453519821166992,31.196453094482422,False,34.37095642089844,20.063941955566406
1511.5,False,False,29.449851989746094,31.192028045654297,False,34.37095642089844,20.063941955566406
1512.0,False,True,29.446186065673828,31.187604904174805,False,34.37095642089844,20.063941955566406
1512.5,False,False,29.442522048950195,31.183183670043945,False,34.37095642089844,20.063941955566406
1513.0,False,False,29.438859939575195,31.17876434326172,False,34.37095642089844,20.063941955566406
1513.5,False,False,29.435199737548828,31.174346923828125,False,34.37095642089844,20.063941955566406
1514.0,False,False,29.43153953552246,31.169931411743164,False,34.37095642089844,20.063941955566406
1514.5,False,False,29.427881240844727,31.165517807006836,False,34.37095642089844,20.063941955566406
1515.0,False,True,29.424224853515625,31.16110610961914,False,34.37095642089844,20.063941955566406
1515.5,False,False,29.420570373535156,31.15669822692871,False,34.37095642089844,20.063941955566406
1516.0,False,False,29.41691780090332,31.15229034423828,False,34.37095642089844,20.063941955566406
1516.5,False,False,29.413267135620117,31.147884368896484,False,34.37095642089844,20.063941955566406
1517.0,False,False,29.409616470336914,31.14348030090332,False,34.37095642089844,20.063941955566406
1517.5,False,False,29.405969619750977,31.13907814025879,False,34.37095642089844,20.063941955566406
1518.0,False,True,29.40232276916504,31.13467788696289,False,34.37095642089844,20.063941955566406
1518.5,False,False,29.398677825927734,31.130279541015625,False,34.37095642089844,20.063941955566406
1519.0,False,False,29.39503288269043,31.125885009765625,False,34.37095642089844,20.063941955566406
1519.5,False,False,29.39139175415039,31.121490478515625,False,34.37095642089844,20.063941955566406
1520.0,False,False,29.38775062561035,31.117097854614258,False,34.37095642089844,20.063941955566406
1520.5,False,False,29.384113311767578,31.112707138061523,False,34.37095642089844,20.063941955566406
1521.0,False,True,29.380475997924805,31.108318328857422,False,34.37095642089844,20.063941955566406
1521.5,False,False,29.376840591430664,31.103931427001953,False,34.37095642089844,20.063941955566406
1522.0,False,False,29.373205184936523,31.09954833984375,False,34.37095642089844,20.063941955566406
1522.5,False,False,29.36957359313965,31.095165252685547,False,34.37095642089844,20.063941955566406
1523.0,True,False,29.365942001342773,31.090784072875977,True,34.37095642089844,20.075742721557617
1523.5,False,False,29.36231231689453,31.08640480041504,True,34.37095642089844,20.075742721557617
1524.0,False,True,29.358684539794922,31.082027435302734,True,34.37095642089844,20.075742721557617
1524.5,False,False,29.355058670043945,31.106019973754883,True,34.37095642089844,20.075742721557617
1525.0,False,False,29.35152244567871,31.129940032958984,True,34.37095642089844,20.075742721557617
1525.5,False,False,29.34807586669922,31.153791427612305,True,34.37095642089844,20.075742721557617
1526.0,False,False,29.34471893310547,31.177574157714844,True,34.37095642089844,20.075742721557617
1526.5,False,False,29.341449737548828,31.2012882232666,True,34.37095642089844,20.075742721557617
1527.0,False,True,29.33827018737793,31.224931716918945,True,34.37095642089844,20.075742721557617
1527.5,False,False,29.335176467895508,31.24850845336914,True,34.37095642089844,20.075742721557617
1528.0,False,False,29.332168579101562,31.272018432617188,True,34.37095642089844,20.075742721557617
1528.5,False,False,29.329246520996094,31.295459747314453,True,34.37095642089844,20.075742721557617
1529.0,False,False,29.326412200927734,31.31883430480957,True,34.37095642089844,20.075742721557617
1529.5,False,False,29.32366180419922,31.34214210510254,True,34.37095642089844,20.075742721557617
1530.0,False,True,29.320995330810547,31.365385055541992,True,34.37095642089844,20.075742721557617
1530.5,False,False,29.31841278076172,31.388561248779297,True,34.37095642089844,20.075742721557617
1531.0,False,False,29.315914154052734,31.411672592163086,True,34.37095642089844,20.075742721557617
1531.5,False,False,29.31349754333496,31.434717178344727,True,34.37095642089844,20.075742721557617
1532.0,False,False,29.3111629486084,31.457698822021484,True,34.37095642089844,20.075742721557617
1532.5,False,False,29.308910369873047,31.480615615844727,True,34.37095642089844,20.075742721557617
1533.0,False,True,29.306737899780273,31.503469467163086,True,34.37095642089844,20.075742721557617
1533.5,False,False,29.30464744567871,31.52625846862793,True,34.37095642089844,20.075742721557617
1534.0,False,False,29.302637100219727,31.54898452758789,True,34.37095642089844,20.075742721557617
1534.5,False,False,29.300704956054688,31.57164764404297,True,34.37095642089844,20.075742721557617
1535.0,False,False,29.298852920532227,31.594249725341797,True,34.37095642089844,20.075742721557617
1535.5,False,False,29.29707908630371,31.616788864135742,True,34.37095642089844,20.075742721557617
1536.0,False,True,29.295381546020508,31.639265060424805,True,34.37095642089844,20.075742721557617
1536.5,False,False,29.293764114379883,31.66168212890625,True,34.37095642089844,20.075742721557617
1537.0,False,False,29.292221069335938,31.684036254882812,True,34.37095642089844,20.075742721557617
1537.5,False,False,29.290756225585938,31.706331253051758,True,34.37095642089844,20.075742721557617
1538.0,False,False,29.289365768432617,31.728565216064453,True,34.37095642089844,20.075742721557617
1538.5,False,False,29.28805160522461,31.7507381439209,True,34.37095642089844,20.075742721557617
1539.0,False,True,29.28681182861328,31.772851943969727,True,34.37095642089844,20.075742721557617
1539.5,False,False,29.285646438598633,31.79490852355957,True,34.37095642089844,20.075742721557617
1540.0,False,False,29.28455352783203,31.816904067993164,True,34.37095642089844,20.075742721557617
1540.5,False,False,29.28353500366211,31.83884048461914,True,34.37095642089844,20.075742721557617
1541.0,False,False,29.282590866088867,31.860719680786133,True,34.37095642089844,20.075742721557617
1541.5,False,False,29.28171730041504,31.88254165649414,True,34.37095642089844,20.075742721557617
1542.0,False,True,29.280916213989258,31.90430450439453,True,34.37095642089844,20.075742721557617
1542.5,False,False,29.28018569946289,31.92601203918457,True,34.37095642089844,20.075742721557617
1543.0,False,False,29.279525756835938,31.947660446166992,True,34.37095642089844,20.075742721557617
1543.5,False,False,29.27893829345703,31.969253540039062,True,34.37095642089844,20.075742721557617
1544.0,False,False,29.278419494628906,31.99078941345215,True,34.37095642089844,20.075742721557617
1544.5,False,False,29.277969360351562,32.012271881103516,True,34.37095642089844,20.075742721557617
1545.0,False,True,29.277589797973633,32.033695220947266,True,34.37095642089844,20.075742721557617
1545.5,False,False,29.277278900146484,32.0550651550293,True,34.37095642089844,20.075742721557617
1546.0,False,False,29.277034759521484,32.076377868652344,True,34.37095642089844,20.075742721557617
1546.5,False,False,29.276859283447266,32.09763717651367,True,34.37095642089844,20.075742721557617
1547.0,False,False,29.276750564575195,32.11884307861328,True,34.37095642089844,20.075742721557617
1547.5,False,False,29.276708602905273,32.13999557495117,True,34.37095642089844,20.075742721557617
1548.0,False,True,29.276731491088867,32.16109085083008,True,34.37095642089844,20.075742721557617
1548.5,False,False,29.27682113647461,32.18213653564453,True,34.37095642089844,20.075742721557617
1549.0,False,False,29.2769775390625,32.203125,True,34.37095642089844,20.075742721557617
1549.5,False,False,29.277196884155273,32.224063873291016,True,34.37095642089844,20.075742721557617
1550.0,False,False,29.277482986450195,32.24494934082031,True,34.37095642089844,20.075742721557617
1550.5,False,False,29.27783203125,32.26578140258789,True,34.37095642089844,20.075742721557617
1551.0,False,True,29.278244018554688,32.286563873291016,True,34.37095642089844,20.075742721557617
1551.5,False,False,29.278718948364258,32.30729293823242,True,34.37095642089844,20.075742721557617
1552.0,False,False,29.279258728027344,32.32796859741211,True,34.37095642089844,20.075742721557617
1552.5,False,False,29.27985954284668,32.348594665527344,True,34.37095642089844,20.075742721557617
1553.0,False,False,29.280521392822266,32.369171142578125,True,34.37095642089844,20.075742721557617
1553.5,False,False,29.281246185302734,32.38969802856445,True,34.37095642089844,20.075742721557617
1554.0,False,True,29.282032012939453,32.41017150878906,True,34.37095642089844,20.075742721557617
1554.5,False,False,29.28287696838379,32.43059539794922,True,34.37095642089844,20.075742721557617
1555.0,False,False,29.283782958984375,32.45097351074219,True,34.37095642089844,20.075742721557617
1555.5,False,False,29.28474998474121,32.47129821777344,True,34.37095642089844,20.075742721557617
1556.0,False,False,29.285776138305664,32.491573333740234,True,34.37095642089844,20.075742721557617
1556.5,False,False,29.2868595123291,32.511802673339844,True,34.37095642089844,20.075742721557617
1557.0,False,True,29.28800392150879,32.531982421875,True,34.37095642089844,20.075742721557617
1557.5,False,False,29.28920555114746,32.5521125793457,True,34.37095642089844,20.075742721557617
1558.0,False,False,29.290464401245117,32.57219314575195,True,34.37095642089844,20.075742721557617
1558.5,False,False,29.29178237915039,32.592227935791016,True,34.37095642089844,20.075742721557617
1559.0,False,False,29.293155670166016,32.61221694946289,True,34.37095642089844,20.075742721557617
1559.5,False,False,29.294586181640625,32.63215637207031,True,34.37095642089844,20.075742721557617
1560.0,False,True,29.296072006225586,32.65205001831055,True,34.37095642089844,20.075742721557617
1560.5,False,False,29.29761505126953,32.671897888183594,True,34.37095642089844,20.075742721557617
1561.0,False,False,29.299213409423828,32.69169616699219,True,34.37095642089844,20.075742721557617
1561.5,False,False,29.300867080688477,32.71145248413086,True,34.37095642089844,20.075742721557617
1562.0,False,False,29.302576065063477,32.73115921020508,True,34.37095642089844,20.075742721557617
1562.5,False,False,29.304338455200195,32.75082015991211,True,34.37095642089844,20.075742721557617
1563.0,False,True,29.306156158447266,32.77043914794922,True,34.37095642089844,20.075742721557617
1563.5,False,False,29.308025360107422,32.790008544921875,True,34.37095642089844,20.075742721557617
1564.0,False,False,29.30994987487793,32.80953598022461,True,34.37095642089844,20.075742721557617
1564.5,False,False,29.311925888061523,32.829017639160156,True,34.37095642089844,20.075742721557617
1565.0,False,False,29.313955307006836,32.848453521728516,True,34.37095642089844,20.075742721557617
1565.5,False,False,29.316036224365234,32.86784744262695,True,34.37095642089844,20.075742721557617
1566.0,False,True,29.31817054748535,32.8871955871582,True,34.37095642089844,20.075742721557617
1566.5,False,False,29.320354461669922,32.90650177001953,True,34.37095642089844,20.075742721557617
1567.0,False,False,29.322589874267578,32.92576599121094,True,34.37095642089844,20.075742721557617
1567.5,False,False,29.32487678527832,32.944984436035156,True,34.37095642089844,20.075742721557617
1568.0,False,False,29.32721519470215,32.96416091918945,True,34.37095642089844,20.075742721557617
1568.5,False,False,29.329601287841797,32.98329162597656,True,34.37095642089844,20.075742721557617
1569.0,False,True,29.33203887939453,33.002384185791016,True,34.37095642089844,20.075742721557617
1569.5,False,False,29.334524154663086,33.02143096923828,True,34.37095642089844,20.075742721557617
1570.0,False,False,29.337060928344727,33.04043960571289,True,34.37095642089844,20.075742721557617
1570.5,False,False,29.339643478393555,33.05940246582031,True,34.37095642089844,20.075742721557617
1571.0,False,False,29.34227752685547,33.07832717895508,True,34.37095642089844,20.075742721557617
1571.5,False,False,29.34495735168457,33.097206115722656,True,34.37095642089844,20.075742721557617
1572.0,False,True,29.347686767578125,33.11604690551758,True,34.37095642089844,20.075742721557617
1572.5,False,False,29.350461959838867,33.13484573364258,True,34.37095642089844,20.075742721557617
1573.0,True,False,29.35328483581543,33.15360641479492,True,34.37095642089844,20.077478408813477
1573.5,False,False,29.35615348815918,33.172325134277344,True,34.37095642089844,20.077478408813477
1574.0,False,False,29.35906982421875,33.191001892089844,True,34.37095642089844,20.077478408813477
1574.5,False,False,29.362031936645508,33.20964050292969,True,34.37095642089844,20.077478408813477
1575.0,False,True,29.365039825439453,33.22823715209961,True,34.37095642089844,20.077478408813477
1575.5,False,False,29.368093490600586,33.246795654296875,True,34.37095642089844,20.077478408813477
1576.0,False,False,29.371192932128906,33.265316009521484,True,34.37095642089844,20.077478408813477
1576.5,False,False,29.37433624267578,33.28379821777344,True,34.37095642089844,20.077478408813477
1577.0,False,False,29.37752342224121,33.30223846435547,True,34.37095642089844,20.077478408813477
1577.5,False,False,29.380756378173828,33.320640563964844,True,34.37095642089844,20.077478408813477
1578.0,False,True,29.384031295776367,33.33900451660156,True,34.37095642089844,20.077478408813477
1578.5,False,False,29.387351989746094,33.357330322265625,True,34.37095642089844,20.077478408813477
1579.0,False,False,29.390714645385742,33.37561798095703,True,34.37095642089844,20.077478408813477
1579.5,False,False,29.394121170043945,33.39386749267578,True,34.37095642089844,20.077478408813477
1580.0,False,False,29.39756965637207,33.412078857421875,True,34.37095642089844,20.077478408813477
1580.5,False,False,29.401060104370117,33.43025588989258,True,34.37095642089844,20.077478408813477
1581.0,False,True,29.40459442138672,33.44839096069336,True,34.37095642089844,20.077478408813477
1581.5,False,False,29.40816879272461,33.46649169921875,True,34.37095642089844,20.077478408813477
1582.0,False,False,29.411785125732422,33.484554290771484,True,34.37095642089844,20.077478408813477
1582.5,False,False,29.415443420410156,33.50258255004883,True,34.37095642089844,20.077478408813477
1583.0,False,False,29.41914176940918,33.520572662353516,True,34.37095642089844,20.077478408813477
1583.5,False,False,29.422882080078125,33.53852462768555,True,34.37095642089844,20.077478408813477
1584.0,False,True,29.42666244506836,33.55644226074219,True,34.37095642089844,20.077478408813477
1584.5,False,False,29.43048095703125,33.57432556152344,True,34.37095642089844,20.077478408813477
1585.0,False,False,29.434341430664062,33.59217071533203,True,34.37095642089844,20.077478408813477
1585.5,False,False,29.43824005126953,33.609981536865234,True,34.37095642089844,20.077478408813477
1586.0,False,False,29.44217872619629,33.62775802612305,True,34.37095642089844,20.077478408813477
1586.5,False,False,29.446157455444336,33.64550018310547,True,34.37095642089844,20.077478408813477
1587.0,False,True,29.450172424316406,33.663204193115234,True,34.37095642089844,20.077478408813477
1587.5,False,False,29.454227447509766,33.68087387084961,True,34.37095642089844,20.077478408813477
1588.0,False,False,29.45832061767578,33.698509216308594,True,34.37095642089844,20.077478408813477
1588.5,False,False,29.462451934814453,33.71611022949219,True,34.37095642089844,20.077478408813477
1589.0,False,False,29.46661949157715,33.733680725097656,True,34.37095642089844,20.077478408813477
1589.5,False,False,29.4708251953125,33.75121307373047,True,34.37095642089844,20.077478408813477
1590.0,False,True,29.475069046020508,33.76871109008789,True,34.37095642089844,20.077478408813477
1590.5,False,False,29.47934913635254,33.78617858886719,True,34.37095642089844,20.077478408813477
1591.0,False,False,29.483665466308594,33.803611755371094,True,34.37095642089844,20.077478408813477
1591.5,False,False,29.488018035888672,33.82101058959961,True,34.37095642089844,20.077478408813477
1592.0,False,False,29.492406845092773,33.838375091552734,True,34.37095642089844,20.077478408813477
1592.5,False,False,29.4968318939209,33.855709075927734,True,34.37095642089844,20.077478408813477
1593.0,False,True,29.501291275024414,33.873008728027344,True,34.37095642089844,20.077478408813477
1593.5,False,False,29.505786895751953,33.89027786254883,True,34.37095642089844,20.077478408813477
1594.0,False,False,29.510316848754883,33.90751266479492,True,34.37095642089844,20.077478408813477
1594.5,False,False,29.514883041381836,33.92471694946289,True,34.37095642089844,20.077478408813477
1595.0,False,False,29.51948356628418,33.94188690185547,True,34.37095642089844,20.077478408813477
1595.5,False,False,29.52411651611328,33.95902633666992,True,34.37095642089844,20.077478408813477
1596.0,False,True,29.528785705566406,33.976131439208984,True,34.37095642089844,20.077478408813477
1596.5,False,False,29.53348731994629,33.99320983886719,True,34.37095642089844,20.077478408813477
1597.0,False,False,29.538223266601562,34.01025390625,True,34.37095642089844,20.077478408813477
1597.5,False,False,29.542993545532227,34.02726745605469,True,34.37095642089844,20.077478408813477
1598.0,False,False,29.547794342041016,34.044246673583984,True,34.37095642089844,20.077478408813477
1598.5,False,False,29.552629470825195,34.06119918823242,True,34.37095642089844,20.077478408813477
1599.0,False,True,29.557497024536133,34.07811737060547,True,34.37095642089844,20.077478408813477
1599.5,False,False,29.56239891052246,34.095008850097656,True,34.37095642089844,20.077478408813477
1600.0,False,False,29.56732940673828,34.11186981201172,True,34.37095642089844,20.077478408813477
1600.5,False,False,29.572294235229492,34.12869644165039,True,34.37095642089844,20.077478408813477
1601.0,False,False,29.57729148864746,34.1454963684082,True,34.37095642089844,20.077478408813477
1601.5,False,False,29.582317352294922,34.16226577758789,True,34.37095642089844,20.077478408813477
1602.0,False,True,29.587377548217773,34.17900466918945,True,34.37095642089844,20.077478408813477
1602.5,False,False,29.592466354370117,34.19571304321289,True,34.37095642089844,20.077478408813477
1603.0,False,False,29.59758758544922,34.21239471435547,True,34.37095642089844,20.077478408813477
1603.5,False,False,29.602739334106445,34.229042053222656,True,34.37095642089844,20.077478408813477
1604.0,False,False,29.607919692993164,34.24566650390625,True,34.37095642089844,20.077478408813477
1604.5,False,False,29.61313247680664,34.26225662231445,True,34.37095642089844,20.077478408813477
1605.0,False,True,29.61837387084961,34.2788200378418,True,34.37095642089844,20.077478408813477
1605.5,False,False,29.623645782470703,34.29535675048828,True,34.37095642089844,20.077478408813477
1606.0,False,False,29.62894630432129,34.31186294555664,True,34.37095642089844,20.077478408813477
1606.5,False,False,29.63427734375,34.328338623046875,True,34.37095642089844,20.077478408813477
1607.0,False,False,29.639636993408203,34.34478759765625,True,34.37095642089844,20.077478408813477
1607.5,False,False,29.6450252532959,34.361209869384766,True,34.37095642089844,20.077478408813477
1608.0,False,True,29.650442123413086,34.377601623535156,True,34.37095642089844,20.077478408813477
1608.5,False,False,29.655887603759766,34.39396667480469,True,34.37095642089844,20.077478408813477
1609.0,False,False,29.661359786987305,34.41030502319336,True,34.37095642089844,20.077478408813477
1609.5,False,False,29.66686248779297,34.42661666870117,True,34.37095642089844,20.077478408813477
1610.0,False,False,29.672391891479492,34.44289779663086,True,34.37095642089844,20.077478408813477
1610.5,False,False,29.677947998046875,34.45915222167969,True,34.37095642089844,20.077478408813477
1611.0,False,True,29.68353271484375,34.47538375854492,True,34.37095642089844,20.077478408813477
1611.5,False,False,29.689144134521484,34.49158477783203,True,34.37095642089844,20.077478408813477
1612.0,False,False,29.69478416442871,34.50775909423828,True,34.37095642089844,20.077478408813477
1612.5,False,False,29.700448989868164,34.523902893066406,True,34.37095642089844,20.077478408813477
1613.0,False,False,29.70614242553711,34.54002380371094,True,34.37095642089844,20.077478408813477
1613.5,False,False,29.71186065673828,34.556121826171875,True,34.37095642089844,20.077478408813477
1614.0,False,True,29.717605590820312,34.57218933105469,True,34.37095642089844,20.077478408813477
1614.5,False,False,29.723377227783203,34.58823013305664,True,34.37095642089844,20.077478408813477
1615.0,False,False,29.72917366027832,34.604244232177734,True,34.37095642089844,20.077478408813477
1615.5,False,False,29.734996795654297,34.620235443115234,True,34.37095642089844,20.077478408813477
1616.0,False,False,29.7408447265625,34.636199951171875,True,34.37095642089844,20.077478408813477
1616.5,False,False,29.74671745300293,34.652137756347656,True,34.37095642089844,20.077478408813477
1617.0,False,True,29.75261688232422,34.66804885864258,True,34.37095642089844,20.077478408813477
1617.5,False,False,29.758541107177734,34.683937072753906,True,34.37095642089844,20.077478408813477
1618.0,False,False,29.764488220214844,34.699798583984375,True,34.37095642089844,20.077478408813477
1618.5,False,False,29.770462036132812,34.71563720703125,True,34.37095642089844,20.077478408813477
1619.0,False,False,29.776458740234375,34.731449127197266,True,34.37095642089844,20.077478408813477
1619.5,False,False,29.782480239868164,34.74723434448242,True,34.37095642089844,20.077478408813477
1620.0,False,True,29.788524627685547,34.762996673583984,True,34.37095642089844,20.077478408813477
1620.5,False,False,29.794593811035156,34.77873611450195,True,34.37095642089844,20.077478408813477
1621.0,False,False,29.800687789916992,34.79444885253906,True,34.37095642089844,20.077478408813477
1621.5,False,False,29.806804656982422,34.81013488769531,True,34.37095642089844,20.077478408813477
1622.0,False,False,29.812944412231445,34.825801849365234,True,34.37095642089844,20.077478408813477
1622.5,False,False,29.819107055664062,34.8414421081543,True,34.37095642089844,20.077478408813477
1623.0,True,True,29.825292587280273,34.8570556640625,True,34.37095642089844,20.077478408813477
1623.5,False,False,29.831501007080078,34.872650146484375,True,34.37095642089844,20.077478408813477
1624.0,False,False,29.837732315063477,34.88821792602539,True,34.37095642089844,20.077478408813477
1624.5,False,False,29.84398651123047,34.90376281738281,True,34.37095642089844,20.077478408813477
1625.0,False,False,29.850261688232422,34.919281005859375,True,34.37095642089844,20.077478408813477
1625.5,False,False,29.85655975341797,34.93478012084961,True,34.37095642089844,20.077478408813477
1626.0,False,True,29.86288070678711,34.950252532958984,True,34.37095642089844,20.077478408813477
1626.5,False,False,29.86922264099121,34.96570587158203,True,34.37095642089844,20.077478408813477
1627.0,False,False,29.875585556030273,34.98113250732422,True,34.37095642089844,20.077478408813477
1627.5,False,False,29.88197135925293,34.99653625488281,True,34.37095642089844,20.077478408813477
1628.0,False,False,29.888378143310547,35.01191711425781,True,34.37095642089844,20.077478408813477
1628.5,False,False,29.894804000854492,35.027278900146484,True,34.37095642089844,20.077478408813477
1629.0,False,True,29.90125274658203,35.0426139831543,True,34.37095642089844,20.077478408813477
1629.5,False,False,29.90772247314453,35.057926177978516,True,34.37095642089844,20.077478408813477
1630.0,False,False,29.914213180541992,35.073219299316406,True,34.37095642089844,20.077478408813477
1630.5,False,False,29.92072296142578,35.0884895324707,True,34.37095642089844,20.077478408813477
1631.0,False,False,29.92725372314453,35.10373306274414,True,34.37095642089844,20.077478408813477
1631.5,False,False,29.93380355834961,35.118961334228516,True,34.37095642089844,20.077478408813477
1632.0,False,True,29.94037628173828,35.13416290283203,True,34.37095642089844,20.077478408813477
1632.5,False,False,29.94696617126465,35.14934158325195,True,34.37095642089844,20.077478408813477
1633.0,False,False,29.953577041625977,35.16450119018555,True,34.37095642089844,20.077478408813477
1633.5,False,False,29.960206985473633,35.17963790893555,True,34.37095642089844,20.077478408813477
1634.0,False,False,29.966856002807617,35.19475555419922,True,34.37095642089844,20.077478408813477
1634.5,False,False,29.973526000976562,35.2098503112793,True,34.37095642089844,20.077478408813477
1635.0,False,True,29.980213165283203,35.22492218017578,True,34.37095642089844,20.077478408813477
1635.5,False,False,29.986921310424805,35.23997116088867,True,34.37095642089844,20.077478408813477
1636.0,False,False,29.9936466217041,35.255001068115234,True,34.37095642089844,20.077478408813477
1636.5,False,False,30.000391006469727,35.27001190185547,True,34.37095642089844,20.077478408813477
1637.0,False,False,30.00715446472168,35.28499984741211,True,34.37095642089844,20.077478408813477
1637.5,False,False,30.013935089111328,35.29996871948242,True,34.37095642089844,20.077478408813477
1638.0,False,True,30.020734786987305,35.31491470336914,True,34.37095642089844,20.077478408813477
1638.5,False,False,30.02755355834961,35.329837799072266,True,34.37095642089844,20.077478408813477
1639.0,False,False,30.03438949584961,35.34474563598633,True,34.37095642089844,20.077478408813477
1639.5,False,False,30.041242599487305,35.3596305847168,True,34.37095642089844,20.077478408813477
1640.0,False,False,30.048114776611328,35.37449264526367,True,34.37095642089844,20.077478408813477
1640.5,False,False,30.055004119873047,35.389339447021484,True,34.37095642089844,20.077478408813477
1641.0,False,True,30.06191062927246,35.4041633605957,True,34.37095642089844,20.077478408813477
1641.5,False,False,30.06883430480957,35.41896438598633,True,34.37095642089844,20.077478408813477
1642.0,False,False,30.075775146484375,35.43375015258789,True,34.37095642089844,20.077478408813477
1642.5,False,False,30.082733154296875,35.44851303100586,True,34.37095642089844,20.077478408813477
1643.0,False,False,30.08970832824707,35.4632568359375,True,34.37095642089844,20.077478408813477
1643.5,False,False,30.096698760986328,35.47798156738281,True,34.37095642089844,20.077478408813477
1644.0,False,True,30.103708267211914,35.4926872253418,True,34.37095642089844,20.077478408813477
1644.5,False,False,30.110733032226562,35.50736999511719,True,34.37095642089844,20.077478408813477
1645.0,False,False,30.117773056030273,35.522037506103516,True,34.37095642089844,20.077478408813477
1645.5,False,False,30.12483024597168,35.53668212890625,True,34.37095642089844,20.077478408813477
1646.0,False,False,30.13190460205078,35.55131149291992,True,34.37095642089844,20.077478408813477
1646.5,False,False,30.138994216918945,35.56591796875,True,34.37095642089844,20.077478408813477
1647.0,False,True,30.146099090576172,35.58050537109375,True,34.37095642089844,20.077478408813477
1647.5,False,False,30.15321922302246,35.59507751464844,True,34.37095642089844,20.077478408813477
1648.0,False,False,30.160356521606445,35.60962677001953,True,34.37095642089844,20.077478408813477
1648.5,False,False,30.167509078979492,35.62416076660156,True,34.37095642089844,20.077478408813477
1649.0,False,False,30.17467498779297,35.638671875,True,34.37095642089844,20.077478408813477
1649.5,False,False,30.18185806274414,35.653167724609375,True,34.37095642089844,20.077478408813477
1650.0,False,True,30.189056396484375,35.66764450073242,True,34.37095642089844,20.077478408813477
1650.5,False,False,30.19626808166504,35.68210220336914,True,34.37095642089844,20.077478408813477
1651.0,False,False,30.2034969329834,35.69654083251953,True,34.37095642089844,20.077478408813477
1651.5,False,False,30.210739135742188,35.710960388183594,True,34.37095642089844,20.077478408813477
1652.0,False,False,30.217994689941406,35.725364685058594,True,34.37095642089844,20.077478408813477
1652.5,False,False,30.22526741027832,35.739749908447266,True,34.37095642089844,20.077478408813477
1653.0,False,True,30.232553482055664,35.75411605834961,True,34.37095642089844,20.077478408813477
1653.5,False,False,30.239852905273438,35.768463134765625,True,34.37095642089844,20.077478408813477
1654.0,False,False,30.247167587280273,35.78279495239258,True,34.37095642089844,20.077478408813477
1654.5,False,False,30.25449562072754,35.7971076965332,True,34.37095642089844,20.077478408813477
1655.0,False,False,30.261837005615234,35.8114013671875,True,34.37095642089844,20.077478408813477
1655.5,False,False,30.269193649291992,35.825679779052734,True,34.37095642089844,20.077478408813477
1656.0,False,True,30.27656364440918,35.83993911743164,True,34.37095642089844,20.077478408813477
1656.5,False,False,30.283946990966797,35.854183197021484,True,34.37095642089844,20.077478408813477
1657.0,False,False,30.291343688964844,35.868408203125,True,34.37095642089844,20.077478408813477
1657.5,False,False,30.29875373840332,35.88261413574219,True,34.37095642089844,20.077478408813477
1658.0,False,False,30.306177139282227,35.89680480957031,True,34.37095642089844,20.077478408813477
1658.5,False,False,30.313613891601562,35.91097640991211,True,34.37095642089844,20.077478408813477
1659.0,False,True,30.321063995361328,35.925132751464844,True,34.37095642089844,20.077478408813477
1659.5,False,False,30.32852554321289,35.939273834228516,True,34.37095642089844,20.077478408813477
1660.0,False,False,30.336000442504883,35.95339584350586,True,34.37095642089844,20.077478408813477
1660.5,False,False,30.343488693237305,35.967498779296875,True,34.37095642089844,20.077478408813477
1661.0,False,False,30.350990295410156,35.981590270996094,True,34.37095642089844,20.077478408813477
1661.5,False,False,30.358503341674805,35.99565887451172,True,34.37095642089844,20.077478408813477
1662.0,False,True,30.36602783203125,36.00971603393555,True,34.37095642089844,20.077478408813477
1662.5,False,False,30.373565673828125,36.02375411987305,True,34.37095642089844,20.077478408813477
1663.0,False,False,30.38111686706543,36.037776947021484,True,34.37095642089844,20.077478408813477
1663.5,False,False,30.3886775970459,36.051780700683594,True,34.37095642089844,20.077478408813477
1664.0,False,False,30.396251678466797,36.06576919555664,True,34.37095642089844,20.077478408813477
1664.5,False,False,30.403837203979492,36.079742431640625,True,34.37095642089844,20.077478408813477
1665.0,False,True,30.411436080932617,36.09370040893555,True,34.37095642089844,20.077478408813477
1665.5,False,False,30.419044494628906,36.10763931274414,True,34.37095642089844,20.077478408813477
1666.0,False,False,30.426666259765625,36.12156677246094,True,34.37095642089844,20.077478408813477
1666.5,False,False,30.43429946899414,36.135475158691406,True,34.37095642089844,20.077478408813477
1667.0,False,False,30.44194221496582,36.14936447143555,True,34.37095642089844,20.077478408813477
1667.5,False,False,30.44959831237793,36.16324234008789,True,34.37095642089844,20.077478408813477
1668.0,False,True,30.457263946533203,36.17710494995117,True,34.37095642089844,20.077478408813477
1668.5,False,False,30.464941024780273,36.190948486328125,True,34.37095642089844,20.077478408813477
1669.0,False,False,30.47262954711914,36.204776763916016,True,34.37095642089844,20.077478408813477
1669.5,False,False,30.480329513549805,36.21859359741211,True,34.37095642089844,20.077478408813477
1670.0,False,False,30.488039016723633,36.232391357421875,True,34.37095642089844,20.077478408813477
1670.5,False,False,30.495759963989258,36.24617385864258,True,34.37095642089844,20.077478408813477
1671.0,False,True,30.50349235534668,36.25994110107422,True,34.37095642089844,20.077478408813477
1671.5,False,False,30.511234283447266,36.2736930847168,True,34.37095642089844,20.077478408813477
1672.0,False,False,30.518985748291016,36.28742980957031,True,34.37095642089844,20.077478408813477
1672.5,False,False,30.526748657226562,36.301151275634766,True,34.37095642089844,20.077478408813477
1673.0,False,False,30.534521102905273,36.314857482910156,True,34.37095642089844,20.077478408813477
1673.5,False,False,30.54230499267578,36.328548431396484,True,34.37095642089844,20.077478408813477
1674.0,False,True,30.550098419189453,36.342227935791016,True,34.37095642089844,20.077478408813477
1674.5,False,False,30.55790138244629,36.35588836669922,True,34.37095642089844,20.077478408813477
1675.0,False,False,30.56571388244629,36.36953353881836,True,34.37095642089844,20.077478408813477
1675.5,False,False,30.573537826538086,36.3831672668457,True,34.37095642089844,20.077478408813477
1676.0,False,False,30.581369400024414,36.396785736083984,True,34.37095642089844,20.077478408813477
1676.5,False,False,30.58921241760254,36.41038513183594,True,34.37095642089844,20.077478408813477
1677.0,False,True,30.597063064575195,36.423973083496094,True,34.37095642089844,20.077478408813477
1677.5,False,False,30.60492515563965,36.43754959106445,True,34.37095642089844,20.077478408813477
1678.0,False,False,30.612794876098633,36.451107025146484,True,34.37095642089844,20.077478408813477
1678.5,False,False,30.620676040649414,36.46464920043945,True,34.37095642089844,20.077478408813477
1679.0,False,False,30.628564834594727,36.478179931640625,True,34.37095642089844,20.077478408813477
1679.5,False,False,30.636463165283203,36.491695404052734,True,34.37095642089844,20.077478408813477
1680.0,False,True,30.644371032714844,36.50519943237305,True,34.37095642089844,20.077478408813477
1680.5,False,False,30.652286529541016,36.51868438720703,True,34.37095642089844,20.077478408813477
1681.0,False,False,30.66021156311035,36.53215789794922,True,34.37095642089844,20.077478408813477
1681.5,False,False,30.66814613342285,36.545616149902344,True,34.37095642089844,20.077478408813477
1682.0,False,False,30.676088333129883,36.55906295776367,True,34.37095642089844,20.077478408813477
1682.5,False,False,30.684040069580078,36.57249450683594,True,34.37095642089844,20.077478408813477
1683.0,False,True,30.691999435424805,36.58591079711914,True,34.37095642089844,20.077478408813477
1683.5,False,False,30.699968338012695,36.59931182861328,True,34.37095642089844,20.077478408813477
1684.0,False,False,30.707944869995117,36.612701416015625,True,34.37095642089844,20.077478408813477
1684.5,False,False,30.71592903137207,36.62607955932617,True,34.37095642089844,20.077478408813477
1685.0,False,False,30.723922729492188,36.639442443847656,True,34.37095642089844,20.077478408813477
1685.5,False,False,30.731924057006836,36.65279006958008,True,34.37095642089844,20.077478408813477
1686.0,False,True,30.739933013916016,36.66612243652344,True,34.37095642089844,20.077478408813477
1686.5,False,False,30.74795150756836,36.679443359375,True,34.37095642089844,20.077478408813477
1687.0,False,False,30.7559757232666,36.692752838134766,True,34.37095642089844,20.077478408813477
1687.5,False,False,30.764009475708008,36.70604705810547,True,34.37095642089844,20.077478408813477
1688.0,False,False,30.772050857543945,36.719329833984375,True,34.37095642089844,20.077478408813477
1688.5,False,False,30.780099868774414,36.73259735107422,True,34.37095642089844,20.077478408813477
1689.0,False,True,30.78815460205078,36.745849609375,True,34.37095642089844,20.077478408813477
1689.5,False,False,30.796218872070312,36.759090423583984,True,34.37095642089844,20.077478408813477
1690.0,False,False,30.804290771484375,36.77231979370117,True,34.37095642089844,20.077478408813477
1690.5,False,False,30.81237030029297,36.7855339050293,True,34.37095642089844,20.077478408813477
1691.0,False,False,30.82045555114746,36.798736572265625,True,34.37095642089844,20.077478408813477
1691.5,False,False,30.828548431396484,36.811927795410156,True,34.37095642089844,20.077478408813477
1692.0,False,True,30.83664894104004,36.825103759765625,True,34.37095642089844,20.077478408813477
1692.5,False,False,30.844757080078125,36.83826446533203,True,34.37095642089844,20.077478408813477
1693.0,False,False,30.852872848510742,36.85141372680664,True,34.37095642089844,20.077478408813477
1693.5,False,False,30.860994338989258,36.86455154418945,True,34.37095642089844,20.077478408813477
1694.0,False,False,30.869123458862305,36.87767791748047,True,34.37095642089844,20.077478408813477
1694.5,False,False,30.87725830078125,36.89078903198242,True,34.37095642089844,20.077478408813477
1695.0,False,True,30.885400772094727,36.90388870239258,True,34.37095642089844,20.077478408813477
1695.5,False,False,30.8935489654541,36.91697692871094,True,34.37095642089844,20.077478408813477
1696.0,False,False,30.901704788208008,36.930049896240234,True,34.37095642089844,20.077478408813477
1696.5,False,False,30.909868240356445,36.943111419677734,True,34.37095642089844,20.077478408813477
1697.0,False,False,30.91803550720215,36.95616149902344,True,34.37095642089844,20.077478408813477
1697.5,False,False,30.926212310791016,36.969200134277344,True,34.37095642089844,20.077478408813477
1698.0,False,True,30.93439292907715,36.98222351074219,True,34.37095642089844,20.077478408813477
1698.5,False,False,30.942581176757812,36.995235443115234,True,34.37095642089844,20.077478408813477
1699.0,False,False,30.950775146484375,37.008235931396484,True,34.37095642089844,20.077478408813477
1699.5,False,False,30.958974838256836,37.02122497558594,True,34.37095642089844,20.077478408813477
1700.0,False,False,30.967182159423828,37.03419876098633,True,34.37095642089844,20.077478408813477
1700.5,False,False,30.97539520263672,37.04716491699219,True,34.37095642089844,20.077478408813477
1701.0,False,True,30.983613967895508,37.060115814208984,True,34.37095642089844,20.077478408813477
1701.5,False,False,30.991838455200195,37.073055267333984,True,34.37095642089844,20.077478408813477
1702.0,False,False,31.00006866455078,37.08598327636719,True,34.37095642089844,20.077478408813477
1702.5,False,False,31.008304595947266,37.098899841308594,True,34.37095642089844,20.077478408813477
1703.0,False,False,31.01654624938965,37.11180114746094,True,34.37095642089844,20.077478408813477
1703.5,False,False,31.02479362487793,37.12469482421875,True,34.37095642089844,20.077478408813477
1704.0,False,True,31.03304672241211,37.137577056884766,True,34.37095642089844,20.077478408813477
1704.5,False,False,31.041305541992188,37.15044403076172,True,34.37095642089844,20.077478408813477
1705.0,False,False,31.049570083618164,37.163299560546875,True,34.37095642089844,20.077478408813477
1705.5,False,False,31.057838439941406,37.1761474609375,True,34.37095642089844,20.077478408813477
1706.0,False,False,31.06611442565918,37.18898010253906,True,34.37095642089844,20.077478408813477
1706.5,False,False,31.07439422607422,37.20180130004883,True,34.37095642089844,20.077478408813477
1707.0,False,True,31.082679748535156,37.2146110534668,True,34.37095642089844,20.077478408813477
1707.5,False,False,31.090970993041992,37.22740936279297,True,34.37095642089844,20.077478408813477
1708.0,False,False,31.099267959594727,37.240196228027344,True,34.37095642089844,20.077478408813477
1708.5,False,False,31.107568740844727,37.25297546386719,True,34.37095642089844,20.077478408813477
1709.0,False,False,31.115875244140625,37.26573944091797,True,34.37095642089844,20.077478408813477
1709.5,False,False,31.12418556213379,37.27849197387695,True,34.37095642089844,20.077478408813477
1710.0,False,True,31.13250160217285,37.29123306274414,True,34.37095642089844,20.077478408813477
1710.5,False,False,31.14082145690918,37.3039665222168,True,34.37095642089844,20.077478408813477
1711.0,False,False,31.149147033691406,37.31668472290039,True,34.37095642089844,20.077478408813477
1711.5,False,False,31.15747833251953,37.32939529418945,True,34.37095642089844,20.077478408813477
1712.0,False,False,31.165813446044922,37.34209060668945,True,34.37095642089844,20.077478408813477
1712.5,False,False,31.17415428161621,37.35477828979492,True,34.37095642089844,20.077478408813477
1713.0,False,True,31.182497024536133,37.36745071411133,True,34.37095642089844,20.077478408813477
1713.5,False,False,31.190847396850586,37.3801155090332,True,34.37095642089844,20.077478408813477
1714.0,False,False,31.199199676513672,37.39276885986328,True,34.37095642089844,20.077478408813477
1714.5,False,False,31.207557678222656,37.40541458129883,True,34.37095642089844,20.077478408813477
1715.0,False,False,31.215919494628906,37.41804504394531,True,34.37095642089844,20.077478408813477
1715.5,False,False,31.224287033081055,37.4306640625,True,34.37095642089844,20.077478408813477
1716.0,False,True,31.232656478881836,37.443275451660156,True,34.37095642089844,20.077478408813477
1716.5,False,False,31.241031646728516,37.455875396728516,True,34.37095642089844,20.077478408813477
1717.0,False,False,31.249412536621094,37.46846389770508,True,34.37095642089844,20.077478408813477
1717.5,False,False,31.257795333862305,37.481040954589844,True,34.37095642089844,20.077478408813477
1718.0,False,False,31.26618194580078,37.49360656738281,True,34.37095642089844,20.077478408813477
1718.5,False,False,31.274574279785156,37.50616455078125,True,34.37095642089844,20.077478408813477
1719.0,False,True,31.282968521118164,37.51871109008789,True,34.37095642089844,20.077478408813477
1719.5,False,False,31.29136848449707,37.531246185302734,True,34.37095642089844,20.077478408813477
1720.0,False,False,31.299772262573242,37.54376983642578,True,34.37095642089844,20.077478408813477
1720.5,False,False,31.308177947998047,37.5562858581543,True,34.37095642089844,20.077478408813477
1721.0,False,False,31.31658935546875,37.56878662109375,True,34.37095642089844,20.077478408813477
1721.5,False,False,31.32500457763672,37.58128356933594,True,34.37095642089844,20.077478408813477
1722.0,False,True,31.33342170715332,37.59376525878906,True,34.37095642089844,20.077478408813477
1722.5,False,False,31.34184455871582,37.606239318847656,True,34.37095642089844,20.077478408813477
1723.0,False,False,31.350269317626953,37.61870193481445,True,34.37095642089844,20.077478408813477
1723.5,False,False,31.35869789123535,37.63115310668945,True,34.37095642089844,20.077478408813477
1724.0,False,False,31.367130279541016,37.64359664916992,True,34.37095642089844,20.077478408813477
1724.5,False,False,31.375566482543945,37.656028747558594,True,34.37095642089844,20.077478408813477
1725.0,False,True,31.384004592895508,37.66844940185547,True,34.37095642089844,20.077478408813477
1725.5,False,False,31.39244842529297,37.68086242675781,True,34.37095642089844,20.077478408813477
1726.0,False,False,31.400894165039062,37.69326400756836,True,34.37095642089844,20.077478408813477
1726.5,False,False,31.409343719482422,37.70565414428711,True,34.37095642089844,20.077478408813477
1727.0,False,False,31.417795181274414,37.71803665161133,True,34.37095642089844,20.077478408813477
1727.5,False,False,31.426250457763672,37.73040771484375,True,34.37095642089844,20.077478408813477
1728.0,False,True,31.434709548950195,37.74277114868164,True,34.37095642089844,20.077478408813477
1728.5,False,False,31.44317054748535,37.75511932373047,True,34.37095642089844,20.077478408813477
1729.0,False,False,31.451635360717773,37.76746368408203,True,34.37095642089844,20.077478408813477
1729.5,False,False,31.46010398864746,37.7797966003418,True,34.37095642089844,20.077478408813477
1730.0,False,False,31.46857452392578,37.792118072509766,True,34.37095642089844,20.077478408813477
1730.5,False,False,31.477046966552734,37.80442810058594,True,34.37095642089844,20.077478408813477
1731.0,False,True,31.485523223876953,37.816734313964844,True,34.37095642089844,20.077478408813477
1731.5,False,False,31.494003295898438,37.82902526855469,True,34.37095642089844,20.077478408813477
1732.0,False,False,31.502485275268555,37.84130859375,True,34.37095642089844,20.077478408813477
1732.5,False,False,31.510969161987305,37.85358428955078,True,34.37095642089844,20.077478408813477
1733.0,False,False,31.51945686340332,37.8658447265625,True,34.37095642089844,20.077478408813477
1733.5,False,False,31.5279483795166,37.87810134887695,True,34.37095642089844,20.077478408813477
1734.0,False,True,31.536439895629883,37.89034652709961,True,34.37095642089844,20.077478408813477
1734.5,False,False,31.54493522644043,37.90258026123047,True,34.37095642089844,20.077478408813477
1735.0,False,False,31.55343246459961,37.9148063659668,True,34.37095642089844,20.077478408813477
1735.5,False,False,31.561933517456055,37.927024841308594,True,34.37095642089844,20.077478408813477
1736.0,False,False,31.570436477661133,37.939231872558594,True,34.37095642089844,20.077478408813477
1736.5,False,False,31.578941345214844,37.9514274597168,True,34.37095642089844,20.077478408813477
1737.0,False,True,31.587448120117188,37.96361541748047,True,34.37095642089844,20.077478408813477
1737.5,False,False,31.595958709716797,37.97579574584961,True,34.37095642089844,20.077478408813477
1738.0,False,False,31.60447120666504,37.98796463012695,True,34.37095642089844,20.077478408813477
1738.5,False,False,31.612985610961914,38.000125885009766,True,34.37095642089844,20.077478408813477
1739.0,False,False,31.621501922607422,38.01227569580078,True,34.37095642089844,20.077478408813477
1739.5,False,False,31.630020141601562,38.024417877197266,True,34.37095642089844,20.077478408813477
1740.0,False,True,31.63854217529297,38.03655242919922,True,34.37095642089844,20.077478408813477
1740.5,False,False,31.647064208984375,38.048675537109375,True,34.37095642089844,20.077478408813477
1741.0,False,False,31.655590057373047,38.060787200927734,True,34.37095642089844,20.077478408813477
1741.5,False,False,31.66411590576172,38.07289505004883,True,34.37095642089844,20.077478408813477
1742.0,False,False,31.672645568847656,38.08498764038086,True,34.37095642089844,20.077478408813477
1742.5,False,False,31.681177139282227,38.097076416015625,True,34.37095642089844,20.077478408813477
1743.0,False,True,31.68971061706543,38.109153747558594,True,34.37095642089844,20.077478408813477
1743.5,False,False,31.698244094848633,38.12122344970703,True,34.37095642089844,20.077478408813477
1744.0,False,False,31.7067813873291,38.13328170776367,True,34.37095642089844,20.077478408813477
1744.5,False,False,31.715320587158203,38.14533615112305,True,34.37095642089844,20.077478408813477
1745.0,False,False,31.723859786987305,38.15737533569336,True,34.37095642089844,20.077478408813477
1745.5,False,False,31.732402801513672,38.169410705566406,True,34.37095642089844,20.077478408813477
1746.0,False,True,31.74094581604004,38.181434631347656,True,34.37095642089844,20.077478408813477
1746.5,False,False,31.74949073791504,38.193450927734375,True,34.37095642089844,20.077478408813477
1747.0,False,False,31.758037567138672,38.2054557800293,True,34.37095642089844,20.077478408813477
1747.5,False,False,31.766586303710938,38.21745300292969,True,34.37095642089844,20.077478408813477
1748.0,False,False,31.775136947631836,38.22944259643555,True,34.37095642089844,20.077478408813477
1748.5,False,False,31.783687591552734,38.241424560546875,True,34.37095642089844,20.077478408813477
1749.0,False,True,31.7922420501709,38.253395080566406,True,34.37095642089844,20.077478408813477
1749.5,False,False,31.800796508789062,38.265357971191406,True,34.37095642089844,20.077478408813477
1750.0,False,False,31.80935287475586,38.277313232421875,True,34.37095642089844,20.077478408813477
1750.5,False,False,31.817909240722656,38.28926086425781,True,34.37095642089844,20.077478408813477
1751.0,False,False,31.82646942138672,38.30119705200195,True,34.37095642089844,20.077478408813477
1751.5,False,False,31.83502960205078,38.31312561035156,True,34.37095642089844,20.077478408813477
1752.0,False,True,31.843589782714844,38.32504653930664,True,34.37095642089844,20.077478408813477
1752.5,False,False,31.852153778076172,38.33695602416992,True,34.37095642089844,20.077478408813477
1753.0,False,False,31.860715866088867,38.34886169433594,True,34.37095642089844,20.077478408813477
1753.5,False,False,31.869281768798828,38.360755920410156,True,34.37095642089844,20.077478408813477
1754.0,False,False,31.87784767150879,38.372642517089844,True,34.37095642089844,20.077478408813477
1754.5,False,False,31.886415481567383,38.384517669677734,True,34.37095642089844,20.077478408813477
1755.0,False,True,31.894983291625977,38.39638900756836,True,34.37095642089844,20.077478408813477
1755.5,False,False,31.903553009033203,38.40824890136719,True,34.37095642089844,20.077478408813477
1756.0,False,False,31.912124633789062,38.420101165771484,True,34.37095642089844,20.077478408813477
1756.5,False,False,31.920696258544922,38.43194580078125,True,34.37095642089844,20.077478408813477
1757.0,False,False,31.929269790649414,38.443782806396484,True,34.37095642089844,20.077478408813477
1757.5,False,False,31.937843322753906,38.45560836791992,True,34.37095642089844,20.077478408813477
1758.0,False,True,31.9464168548584,38.467430114746094,True,34.37095642089844,20.077478408813477
1758.5,False,False,31.954992294311523,38.47924041748047,True,34.37095642089844,20.077478408813477
1759.0,False,False,31.96356964111328,38.49104309082031,True,34.37095642089844,20.077478408813477
1759.5,False,False,31.972145080566406,38.502838134765625,True,34.37095642089844,20.077478408813477
1760.0,False,False,31.980724334716797,38.514625549316406,True,34.37095642089844,20.077478408813477
1760.5,False,False,31.989303588867188,38.52640151977539,True,34.37095642089844,20.077478408813477
1761.0,False,True,31.997882843017578,38.53817367553711,True,34.37095642089844,20.077478408813477
1761.5,False,False,32.00646209716797,38.54993438720703,True,34.37095642089844,20.077478408813477
1762.0,False,False,32.01504135131836,38.56168746948242,True,34.37095642089844,20.077478408813477
1762.5,False,False,32.023624420166016,38.57343673706055,True,34.37095642089844,20.077478408813477
1763.0,False,False,32.03220748901367,38.585174560546875,True,34.37095642089844,20.077478408813477
1763.5,False,False,32.04079055786133,38.59690475463867,True,34.37095642089844,20.077478408813477
1764.0,False,True,32.049373626708984,38.60862350463867,True,34.37095642089844,20.077478408813477
1764.5,False,False,32.05795669555664,38.620338439941406,True,34.37095642089844,20.077478408813477
1765.0,False,False,32.0665397644043,38.63204574584961,True,34.37095642089844,20.077478408813477
1765.5,False,False,32.07512664794922,38.64374542236328,True,34.37095642089844,20.077478408813477
1766.0,False,False,32.08371353149414,38.655433654785156,True,34.37095642089844,20.077478408813477
1766.5,False,False,32.0922966003418,38.667118072509766,True,34.37095642089844,20.077478408813477
1767.0,False,True,32.10088348388672,38.67879104614258,True,34.37095642089844,20.077478408813477
1767.5,False,False,32.10947036743164,38.69045639038086,True,34.37095642089844,20.077478408813477
1768.0,False,False,32.11805725097656,38.702117919921875,True,34.37095642089844,20.077478408813477
1768.5,False,False,32.126644134521484,38.713768005371094,True,34.37095642089844,20.077478408813477
1769.0,False,False,32.13523483276367,38.72541046142578,True,34.37095642089844,20.077478408813477
1769.5,False,False,32.143821716308594,38.73704528808594,True,34.37095642089844,20.077478408813477
1770.0,False,True,32.152408599853516,38.74867248535156,True,34.37095642089844,20.077478408813477
1770.5,False,False,32.1609992980957,38.76029586791992,True,34.37095642089844,20.077478408813477
1771.0,False,False,32.169586181640625,38.771907806396484,True,34.37095642089844,20.077478408813477
1771.5,False,False,32.17817687988281,38.783512115478516,True,34.37095642089844,20.077478408813477
1772.0,False,False,32.186763763427734,38.795108795166016,True,34.37095642089844,20.077478408813477
1772.5,False,False,32.19535446166992,38.806697845458984,True,34.37095642089844,20.077478408813477
1773.0,False,True,32.20394515991211,38.81827926635742,True,34.37095642089844,20.077478408813477
1773.5,False,False,32.21253204345703,38.82985305786133,True,34.37095642089844,20.077478408813477
1774.0,False,False,32.22112274169922,38.8414192199707,True,34.37095642089844,20.077478408813477
1774.5,False,False,32.229713439941406,38.85298156738281,True,34.37095642089844,20.077478408813477
1775.0,False,False,32.23830032348633,38.864532470703125,True,34.37095642089844,20.077478408813477
1775.5,False,False,32.246891021728516,38.876075744628906,True,34.37095642089844,20.077478408813477
1776.0,False,True,32.2554817199707,38.887611389160156,True,34.37095642089844,20.077478408813477
1776.5,False,False,32.264068603515625,38.899139404296875,True,34.37095642089844,20.077478408813477
1777.0,False,False,32.27265930175781,38.91066360473633,True,34.37095642089844,20.077478408813477
1777.5,False,False,32.28125,38.922176361083984,True,34.37095642089844,20.077478408813477
1778.0,False,False,32.28983688354492,38.93368148803711,True,34.37095642089844,20.077478408813477
1778.5,False,False,32.29842758178711,38.94518280029297,True,34.37095642089844,20.077478408813477
1779.0,False,True,32.30701446533203,38.95667266845703,True,34.37095642089844,20.077478408813477
1779.5,False,False,32.31560516357422,38.96815872192383,True,34.37095642089844,20.077478408813477
1780.0,False,False,32.32419204711914,38.979637145996094,True,34.37095642089844,20.077478408813477
1780.5,False,False,32.33278274536133,38.99110412597656,True,34.37095642089844,20.077478408813477
1781.0,False,False,32.34136962890625,39.002567291259766,True,34.37095642089844,20.077478408813477
1781.5,False,False,32.34995651245117,39.01402282714844,True,34.37095642089844,20.077478408813477
1782.0,False,True,32.358543395996094,39.02547073364258,True,34.37095642089844,20.077478408813477
1782.5,False,False,32.367130279541016,39.03691101074219,True,34.37095642089844,20.077478408813477
1783.0,False,False,32.37571716308594,39.04834747314453,True,34.37095642089844,20.077478408813477
1783.5,False,False,32.38430404663086,39.05977249145508,True,34.37095642089844,20.077478408813477
1784.0,False,False,32.39289093017578,39.071189880371094,True,34.37095642089844,20.077478408813477
1784.5,False,False,32.4014778137207,39.082603454589844,True,34.37095642089844,20.077478408813477
1785.0,False,True,32.41006088256836,39.09400939941406,True,34.37095642089844,20.077478408813477
1785.5,False,False,32.41864776611328,39.105403900146484,True,34.37095642089844,20.077478408813477
1786.0,False,False,32.42723083496094,39.11679458618164,True,34.37095642089844,20.077478408813477
1786.5,False,False,32.435813903808594,39.128177642822266,True,34.37095642089844,20.077478408813477
1787.0,False,False,32.44439697265625,39.13955307006836,True,34.37095642089844,20.077478408813477
1787.5,False,False,32.452980041503906,39.15092468261719,True,34.37095642089844,20.077478408813477
1788.0,False,True,32.46156311035156,39.16228485107422,True,34.37095642089844,20.077478408813477
1788.5,False,False,32.47014236450195,39.173641204833984,True,34.37095642089844,20.077478408813477
1789.0,False,False,32.47872543334961,39.18498992919922,True,34.37095642089844,20.077478408813477
1789.5,False,False,32.4873046875,39.19633102416992,True,34.37095642089844,20.077478408813477
1790.0,False,False,32.49588394165039,39.207664489746094,True,34.37095642089844,20.077478408813477
1790.5,False,False,32.50446319580078,39.218990325927734,True,34.37095642089844,20.077478408813477
1791.0,False,True,32.51304244995117,39.230308532714844,True,34.37095642089844,20.077478408813477
1791.5,False,False,32.52162170410156,39.24162292480469,True,34.37095642089844,20.077478408813477
1792.0,False,False,32.53019714355469,39.2529296875,True,34.37095642089844,20.077478408813477
1792.5,False,False,32.53877258300781,39.26422882080078,True,34.37095642089844,20.077478408813477
1793.0,False,False,32.5473518371582,39.27552032470703,True,34.37095642089844,20.077478408813477
1793.5,False,False,32.55592346191406,39.28680419921875,True,34.37095642089844,20.077478408813477
1794.0,False,True,32.56449890136719,39.2980842590332,True,34.37095642089844,20.077478408813477
1794.5,False,False,32.57307434082031,39.309356689453125,True,34.37095642089844,20.077478408813477
1795.0,False,False,32.58164596557617,39.32061767578125,True,34.37095642089844,20.077478408813477
1795.5,False,False,32.59021759033203,39.331878662109375,True,34.37095642089844,20.077478408813477
1796.0,False,False,32.59878921508789,39.3431282043457,True,34.37095642089844,20.077478408813477
1796.5,False,False,32.607357025146484,39.354373931884766,True,34.37095642089844,20.077478408813477
1797.0,False,True,32.615928649902344,39.36560821533203,True,34.37095642089844,20.077478408813477
1797.5,False,False,32.62449645996094,39.37683868408203,True,34.37095642089844,20.077478408813477
1798.0,False,False,32.633060455322266,39.388065338134766,True,34.37095642089844,20.077478408813477
1798.5,False,False,32.64162826538086,39.3992805480957,True,34.37095642089844,20.077478408813477
1799.0,False,False,32.65019226074219,39.410491943359375,True,34.37095642089844,20.077478408813477
1799.5,False,False,32.65876007080078,39.421695709228516,True,34.37095642089844,20.077478408813477
1800.0,False,True,32.667320251464844,39.432891845703125,True,34.37095642089844,20.077478408813477
1800.5,False,False,32.67588424682617,39.44408416748047,True,34.37095642089844,20.077478408813477
1801.0,False,False,32.684444427490234,39.455265045166016,True,34.37095642089844,20.077478408813477
1801.5,False,False,32.6930046081543,39.4664421081543,True,34.37095642089844,20.077478408813477
1802.0,False,False,32.70156478881836,39.47761535644531,True,34.37095642089844,20.077478408813477
1802.5,False,False,32.71012496948242,39.48877716064453,True,34.37095642089844,20.077478408813477
1803.0,False,True,32.71868133544922,39.499935150146484,True,34.37095642089844,20.077478408813477
1803.5,False,False,32.727237701416016,39.511085510253906,True,34.37095642089844,20.077478408813477
1804.0,False,False,32.73579025268555,39.5222282409668,True,34.37095642089844,20.077478408813477
1804.5,False,False,32.744346618652344,39.53336715698242,True,34.37095642089844,20.077478408813477
1805.0,False,False,32.752899169921875,39.54449462890625,True,34.37095642089844,20.077478408813477
1805.5,False,False,32.761451721191406,39.55562210083008,True,34.37095642089844,20.077478408813477
1806.0,False,True,32.77000045776367,39.56673812866211,True,34.37095642089844,20.077478408813477
1806.5,False,False,32.77854919433594,39.577850341796875,True,34.37095642089844,20.077478408813477
1807.0,False,False,32.7870979309082,39.58895492553711,True,34.37095642089844,20.077478408813477
1807.5,False,False,32.7956428527832,39.60005187988281,True,34.37095642089844,20.077478408813477
1808.0,False,False,32.8041877746582,39.61114501953125,True,34.37095642089844,20.077478408813477
1808.5,False,False,32.8127326965332,39.622230529785156,True,34.37095642089844,20.077478408813477
1809.0,False,True,32.8212776184082,39.63330841064453,True,34.37095642089844,20.077478408813477
1809.5,False,False,32.82981872558594,39.644378662109375,True,34.37095642089844,20.077478408813477
1810.0,False,False,32.83835983276367,39.65544509887695,True,34.37095642089844,20.077478408813477
1810.5,False,False,32.84689712524414,39.66650390625,True,34.37095642089844,20.077478408813477
1811.0,False,False,32.85543441772461,39.67755889892578,True,34.37095642089844,20.077478408813477
1811.5,False,False,32.86397171020508,39.68860626220703,True,34.37095642089844,20.077478408813477
1812.0,False,True,32.87250518798828,39.69964599609375,True,34.37095642089844,20.077478408813477
1812.5,False,False,32.881038665771484,39.71067810058594,True,34.37095642089844,20.077478408813477
1813.0,False,False,32.88957214355469,39.72170639038086,True,34.37095642089844,20.077478408813477
1813.5,False,False,32.898101806640625,39.73272705078125,True,34.37095642089844,20.077478408813477
1814.0,False,False,32.90663146972656,39.743743896484375,True,34.37095642089844,20.077478408813477
1814.5,False,False,32.9151611328125,39.75475311279297,True,34.37095642089844,20.077478408813477
1815.0,False,True,32.92368698120117,39.76575469970703,True,34.37095642089844,20.077478408813477
1815.5,False,False,32.932212829589844,39.77674865722656,True,34.37095642089844,20.077478408813477
1816.0,False,False,32.94073486328125,39.78773880004883,True,34.37095642089844,20.077478408813477
1816.5,False,False,32.949256896972656,39.79872512817383,True,34.37095642089844,20.077478408813477
1817.0,False,False,32.95777893066406,39.80970001220703,True,34.37095642089844,20.077478408813477
1817.5,False,False,32.9662971496582,39.82067108154297,True,34.37095642089844,20.077478408813477
1818.0,False,True,32.974815368652344,39.83163833618164,True,34.37095642089844,20.077478408813477
1818.5,False,False,32.983333587646484,39.842594146728516,True,34.37095642089844,20.077478408813477
1819.0,False,False,32.99184799194336,39.853546142578125,True,34.37095642089844,20.077478408813477
1819.5,False,False,33.00035858154297,39.86449432373047,True,34.37095642089844,20.077478408813477
1820.0,False,False,33.00886917114258,39.87543487548828,True,34.37095642089844,20.077478408813477
1820.5,False,False,33.01737976074219,39.88636779785156,True,34.37095642089844,20.077478408813477
1821.0,False,True,33.0258903503418,39.89729690551758,True,34.37095642089844,20.077478408813477
1821.5,False,False,33.03439712524414,39.90821838378906,True,34.37095642089844,20.077478408813477
1822.0,False,False,33.04290008544922,39.919132232666016,True,34.37095642089844,20.077478408813477
1822.5,False,False,33.0514030456543,39.9300422668457,True,34.37095642089844,20.077478408813477
1823.0,False,False,33.059906005859375,39.94094467163086,True,34.37095642089844,20.077478408813477
1823.5,False,False,33.06840515136719,39.95184326171875,True,34.37095642089844,20.077478408813477
1824.0,False,True,33.076904296875,39.96273422241211,True,34.37095642089844,20.077478408813477
1824.5,False,False,33.08539962768555,39.97361755371094,True,34.37095642089844,20.077478408813477
1825.0,False,False,33.093894958496094,39.9844970703125,True,34.37095642089844,20.077478408813477
1825.5,False,False,33.10239028930664,39.99536895751953,True,34.37095642089844,20.077478408813477
1826.0,False,False,33.11088180541992,40.0062370300293,True,34.37095642089844,20.077478408813477
1826.5,False,False,33.11936950683594,40.01709747314453,True,34.37095642089844,20.077478408813477
1827.0,False,True,33.12785720825195,40.0279541015625,True,34.37095642089844,20.077478408813477
1827.5,False,False,33.13634490966797,40.03880310058594,True,34.37095642089844,20.077478408813477
1828.0,False,False,33.14482879638672,40.049644470214844,True,34.37095642089844,20.077478408813477
1828.5,False,False,33.15331268310547,40.060482025146484,True,34.37095642089844,20.077478408813477
1829.0,False,False,33.16179275512695,40.071311950683594,True,34.37095642089844,20.077478408813477
1829.5,False,False,33.17027282714844,40.08213806152344,True,34.37095642089844,20.077478408813477
1830.0,False,True,33.178749084472656,40.09295654296875,True,34.37095642089844,20.077478408813477
1830.5,False,False,33.187225341796875,40.10376739501953,True,34.37095642089844,20.077478408813477
1831.0,False,False,33.19569778442383,40.11457443237305,True,34.37095642089844,20.077478408813477
1831.5,False,False,33.20417022705078,40.1253776550293,True,34.37095642089844,20.077478408813477
1832.0,False,False,33.21263885498047,40.13616943359375,True,34.37095642089844,20.077478408813477
1832.5,False,False,33.221107482910156,40.1469612121582,True,34.37095642089844,20.077478408813477
1833.0,False,True,33.229576110839844,40.157745361328125,True,34.37095642089844,20.077478408813477
1833.5,False,False,33.238040924072266,40.168521881103516,True,34.37095642089844,20.077478408813477
1834.0,False,False,33.24650192260742,40.17929458618164,True,34.37095642089844,20.077478408813477
1834.5,False,False,33.25496292114258,40.190059661865234,True,34.37095642089844,20.077478408813477
1835.0,False,False,33.26342010498047,40.2008171081543,True,34.37095642089844,20.077478408813477
1835.5,False,False,33.27187728881836,40.211570739746094,True,34.37095642089844,20.077478408813477
1836.0,False,True,33.28033447265625,40.222320556640625,True,34.37095642089844,20.077478408813477
1836.5,False,False,33.28878402709961,40.233062744140625,True,34.37095642089844,20.077478408813477
1837.0,False,False,33.297237396240234,40.24380111694336,True,34.37095642089844,20.077478408813477
1837.5,False,False,33.305686950683594,40.25453186035156,True,34.37095642089844,20.077478408813477
1838.0,False,False,33.31413269042969,40.265254974365234,True,34.37095642089844,20.077478408813477
1838.5,False,False,33.32257843017578,40.27597427368164,True,34.37095642089844,20.077478408813477
1839.0,False,True,33.33102035522461,40.28668975830078,True,34.37095642089844,20.077478408813477
1839.5,False,False,33.33946228027344,40.297393798828125,True,34.37095642089844,20.077478408813477
1840.0,False,False,33.347900390625,40.30809783935547,True,34.37095642089844,20.077478408813477
1840.5,False,False,33.35633850097656,40.31879425048828,True,34.37095642089844,20.077478408813477
1841.0,False,False,33.36477279663086,40.32948303222656,True,34.37095642089844,20.077478408813477
1841.5,False,False,33.37320327758789,40.34016799926758,True,34.37095642089844,20.077478408813477
1842.0,False,True,33.38163375854492,40.35084915161133,True,34.37095642089844,20.077478408813477
1842.5,False,False,33.39006423950195,40.36152267456055,True,34.37095642089844,20.077478408813477
1843.0,False,False,33.39849090576172,40.372188568115234,True,34.37095642089844,20.077478408813477
1843.5,False,False,33.40691375732422,40.382850646972656,True,34.37095642089844,20.077478408813477
1844.0,False,False,33.41533660888672,40.39350509643555,True,34.37095642089844,20.077478408813477
1844.5,False,False,33.42375946044922,40.40415573120117,True,34.37095642089844,20.077478408813477
1845.0,False,True,33.43217468261719,40.41480255126953,True,34.37095642089844,20.077478408813477
1845.5,False,False,33.44059371948242,40.42544174194336,True,34.37095642089844,20.077478408813477
1846.0,False,False,33.449005126953125,40.436073303222656,True,34.37095642089844,20.077478408813477
1846.5,False,False,33.45741653442383,40.44670104980469,True,34.37095642089844,20.077478408813477
1847.0,False,False,33.46582794189453,40.45732498168945,True,34.37095642089844,20.077478408813477
1847.5,False,False,33.47423553466797,40.46794128417969,True,34.37095642089844,20.077478408813477
1848.0,False,True,33.48263931274414,40.478553771972656,True,34.37095642089844,20.077478408813477
1848.5,False,False,33.49104309082031,40.489158630371094,True,34.37095642089844,20.077478408813477
1849.0,False,False,33.499446868896484,40.499759674072266,True,34.37095642089844,20.077478408813477
1849.5,False,False,33.507843017578125,40.510353088378906,True,34.37095642089844,20.077478408813477
1850.0,False,False,33.516239166259766,40.52094268798828,True,34.37095642089844,20.077478408813477
1850.5,False,False,33.524635314941406,40.531524658203125,True,34.37095642089844,20.077478408813477
1851.0,False,True,33.53302764892578,40.5421028137207,True,34.37095642089844,20.077478408813477
1851.5,False,False,33.54141616821289,40.55267333984375,True,34.37095642089844,20.077478408813477
1852.0,False,False,33.5498046875,40.56324005126953,True,34.37095642089844,20.077478408813477
1852.5,False,False,33.558189392089844,40.57380294799805,True,34.37095642089844,20.077478408813477
1853.0,False,False,33.56657409667969,40.58435821533203,True,34.37095642089844,20.077478408813477
1853.5,False,False,33.574954986572266,40.594905853271484,True,34.37095642089844,20.077478408813477
1854.0,False,True,33.583335876464844,40.60544967651367,True,34.37095642089844,20.077478408813477
1854.5,False,False,33.59170913696289,40.615989685058594,True,34.37095642089844,20.077478408813477
1855.0,False,False,33.6000862121582,40.62652587890625,True,34.37095642089844,20.077478408813477
1855.5,False,False,33.608455657958984,40.63705062866211,True,34.37095642089844,20.077478408813477
1856.0,False,False,33.616825103759766,40.64757537841797,True,34.37095642089844,20.077478408813477
1856.5,False,False,33.62519454956055,40.6580924987793,True,34.37095642089844,20.077478408813477
1857.0,False,True,33.63356018066406,40.668601989746094,True,34.37095642089844,20.077478408813477
1857.5,False,False,33.64192199707031,40.679107666015625,True,34.37095642089844,20.077478408813477
1858.0,False,False,33.65028381347656,40.68960952758789,True,34.37095642089844,20.077478408813477
1858.5,False,False,33.65864181518555,40.700103759765625,True,34.37095642089844,20.077478408813477
1859.0,False,False,33.666996002197266,40.710594177246094,True,34.37095642089844,20.077478408813477
1859.5,False,False,33.675350189208984,40.7210807800293,True,34.37095642089844,20.077478408813477
1860.0,False,True,33.68370056152344,40.73155975341797,True,34.37095642089844,20.077478408813477
1860.5,False,False,33.69205093383789,40.74203109741211,True,34.37095642089844,20.077478408813477
1861.0,False,False,33.70039749145508,40.752498626708984,True,34.37095642089844,20.077478408813477
1861.5,False,False,33.708740234375,40.762962341308594,True,34.37095642089844,20.077478408813477
1862.0,False,False,33.71708297729492,40.77342224121094,True,34.37095642089844,20.077478408813477
1862.5,False,False,33.72542190551758,40.783870697021484,True,34.37095642089844,20.077478408813477
1863.0,False,True,33.73375701904297,40.79431915283203,True,34.37095642089844,20.077478408813477
1863.5,False,False,33.74209213256836,40.80475997924805,True,34.37095642089844,20.077478408813477
1864.0,False,False,33.75042724609375,40.8151969909668,True,34.37095642089844,20.077478408813477
1864.5,False,False,33.75875473022461,40.825626373291016,True,34.37095642089844,20.077478408813477
1865.0,False,False,33.76708221435547,40.83605194091797,True,34.37095642089844,20.077478408813477
1865.5,False,False,33.77540588378906,40.846473693847656,True,34.37095642089844,20.077478408813477
1866.0,False,True,33.783729553222656,40.85688781738281,True,34.37095642089844,20.077478408813477
1866.5,False,False,33.792049407958984,40.8672981262207,True,34.37095642089844,20.077478408813477
1867.0,False,False,33.80036544799805,40.87770080566406,True,34.37095642089844,20.077478408813477
1867.5,False,False,33.80868148803711,40.888099670410156,True,34.37095642089844,20.077478408813477
1868.0,False,False,33.816993713378906,40.898494720458984,True,34.37095642089844,20.077478408813477
1868.5,False,False,33.8253059387207,40.90888214111328,True,34.37095642089844,20.077478408813477
1869.0,False,True,33.833614349365234,40.91926574707031,True,34.37095642089844,20.077478408813477
1869.5,False,False,33.8419189453125,40.92964172363281,True,34.37095642089844,20.077478408813477
1870.0,False,False,33.8502197265625,40.94001388549805,True,34.37095642089844,20.077478408813477
1870.5,False,False,33.8585205078125,40.950382232666016,True,34.37095642089844,20.077478408813477
1871.0,False,False,33.866817474365234,40.96074295043945,True,34.37095642089844,20.077478408813477
1871.5,False,False,33.87511444091797,40.971099853515625,True,34.37095642089844,20.077478408813477
1872.0,False,True,33.88340759277344,40.98145294189453,True,34.37095642089844,20.077478408813477
1872.5,False,False,33.89169692993164,40.991798400878906,True,34.37095642089844,20.077478408813477
1873.0,False,False,33.899986267089844,41.002140045166016,True,34.37095642089844,20.077478408813477
1873.5,False,False,33.90827178955078,41.012474060058594,True,34.37095642089844,20.077478408813477
1874.0,False,False,33.91655349731445,41.022804260253906,True,34.37095642089844,20.077478408813477
1874.5,False,False,33.924835205078125,41.03313064575195,True,34.37095642089844,20.077478408813477
1875.0,False,True,33.93311309814453,41.04344940185547,True,34.37095642089844,20.077478408813477
1875.5,False,False,33.94138717651367,41.05376434326172,True,34.37095642089844,20.077478408813477
1876.0,False,False,33.94966125488281,41.0640754699707,True,34.37095642089844,20.077478408813477
1876.5,False,False,33.95792770385742,41.074378967285156,True,34.37095642089844,20.077478408813477
1877.0,False,False,33.9661979675293,41.084678649902344,True,34.37095642089844,20.077478408813477
1877.5,False,False,33.97446060180664,41.094974517822266,True,34.37095642089844,20.077478408813477
1878.0,False,True,33.982723236083984,41.105262756347656,True,34.37095642089844,20.077478408813477
1878.5,False,False,33.99098587036133,41.11554718017578,True,34.37095642089844,20.077478408813477
1879.0,False,False,33.99924087524414,41.125823974609375,True,34.37095642089844,20.077478408813477
1879.5,False,False,34.00749588012695,41.13610076904297,True,34.37095642089844,20.077478408813477
1880.0,False,False,34.0157470703125,41.146366119384766,True,34.37095642089844,20.077478408813477
1880.5,False,False,34.02399826049805,41.15663146972656,True,34.37095642089844,20.077478408813477
1881.0,False,True,34.03224563598633,41.16688919067383,True,34.37095642089844,20.077478408813477
1881.5,False,False,34.040489196777344,41.17714309692383,True,34.37095642089844,20.077478408813477
1882.0,False,False,34.048728942871094,41.1873893737793,True,34.37095642089844,20.077478408813477
1882.5,False,False,34.056968688964844,41.197635650634766,True,34.37095642089844,20.077478408813477
1883.0,False,False,34.06520462036133,41.20787048339844,True,34.37095642089844,20.077478408813477
1883.5,False,False,34.07344055175781,41.21810531616211,True,34.37095642089844,20.077478408813477
1884.0,False,True,34.081668853759766,41.22833251953125,True,34.37095642089844,20.077478408813477
1884.5,False,False,34.08989715576172,41.238555908203125,True,34.37095642089844,20.077478408813477
1885.0,False,False,34.09812545776367,41.24877166748047,True,34.37095642089844,20.077478408813477
1885.5,False,False,34.106346130371094,41.25898742675781,True,34.37095642089844,20.077478408813477
1886.0,False,False,34.114566802978516,41.26919174194336,True,34.37095642089844,20.077478408813477
1886.5,False,False,34.12278747558594,41.279396057128906,True,34.37095642089844,20.077478408813477
1887.0,False,True,34.13100051879883,41.28959274291992,True,34.37095642089844,20.077478408813477
1887.5,False,False,34.13921356201172,41.29978561401367,True,34.37095642089844,20.077478408813477
1888.0,False,False,34.147422790527344,41.309974670410156,True,34.37095642089844,20.077478408813477
1888.5,False,False,34.15563201904297,41.32015609741211,True,34.37095642089844,20.077478408813477
1889.0,False,False,34.16383743286133,41.3303337097168,True,34.37095642089844,20.077478408813477
1889.5,False,False,34.17203903198242,41.34050750732422,True,34.37095642089844,20.077478408813477
1890.0,False,True,34.18023681640625,41.35067367553711,True,34.37095642089844,20.077478408813477
1890.5,False,False,34.18843460083008,41.360836029052734,True,34.37095642089844,20.077478408813477
1891.0,False,False,34.19662857055664,41.370994567871094,True,34.37095642089844,20.077478408813477
1891.5,False,False,34.20481872558594,41.38114547729492,True,34.37095642089844,20.077478408813477
1892.0,False,False,34.213008880615234,41.391292572021484,True,34.37095642089844,20.077478408813477
1892.5,False,False,34.22119140625,41.40143585205078,True,34.37095642089844,20.077478408813477
1893.0,False,True,34.22937774658203,41.41157150268555,True,34.37095642089844,20.077478408813477
1893.5,False,False,34.23755645751953,41.42170715332031,True,34.37095642089844,20.077478408813477
1894.0,False,False,34.24573516845703,41.43183135986328,True,34.37095642089844,20.077478408813477
1894.5,False,False,34.253910064697266,41.44195556640625,True,34.37095642089844,20.077478408813477
1895.0,False,False,34.262081146240234,41.45207214355469,True,34.37095642089844,20.077478408813477
1895.5,False,False,34.27024841308594,41.46218490600586,True,34.37095642089844,20.077478408813477
1896.0,False,True,34.27841567993164,41.472293853759766,True,34.37095642089844,20.077478408813477
1896.5,False,False,34.28657913208008,41.48239517211914,True,34.37095642089844,20.077478408813477
1897.0,False,False,34.294742584228516,41.492496490478516,True,34.37095642089844,20.077478408813477
1897.5,False,False,34.30290222167969,41.502586364746094,True,34.37095642089844,20.077478408813477
1898.0,False,False,34.311058044433594,41.51267623901367,True,34.37095642089844,20.077478408813477
1898.5,False,False,34.319210052490234,41.52275848388672,True,34.37095642089844,20.077478408813477
1899.0,False,True,34.32735824584961,41.5328369140625,True,34.37095642089844,20.077478408813477
1899.5,False,False,34.335506439208984,41.542911529541016,True,34.37095642089844,20.077478408813477
1900.0,False,False,34.343650817871094,41.552978515625,True,34.37095642089844,20.077478408813477
1900.5,False,False,34.35179138183594,41.56304168701172,True,34.37095642089844,20.077478408813477
1901.0,False,False,34.35993194580078,41.57310104370117,True,34.37095642089844,20.077478408813477
1901.5,False,False,34.36806869506836,41.58315658569336,True,34.37095642089844,20.077478408813477
1902.0,False,True,34.37620162963867,41.593204498291016,True,34.37095642089844,20.077478408813477
1902.5,True,False,34.384334564208984,41.603248596191406,False,35.280487060546875,20.077478408813477
1903.0,False,False,34.392459869384766,41.61328887939453,False,35.280487060546875,20.077478408813477
1903.5,False,False,34.40058517456055,41.623321533203125,False,35.280487060546875,20.077478408813477
1904.0,False,False,34.40871047973633,41.63335418701172,False,35.280487060546875,20.077478408813477
1904.5,False,False,34.41682815551758,41.64337921142578,False,35.280487060546875,20.077478408813477
1905.0,False,True,34.42494583129883,41.65339660644531,False,35.280487060546875,20.077478408813477
1905.5,False,False,34.43305969238281,41.63504409790039,False,35.280487060546875,20.077478408813477
1906.0,False,False,34.44108200073242,41.61676025390625,False,35.280487060546875,20.077478408813477
1906.5,False,False,34.449012756347656,41.59854507446289,False,35.280487060546875,20.077478408813477
1907.0,False,False,34.45685577392578,41.58039474487305,False,35.280487060546875,20.077478408813477
1907.5,False,False,34.46460723876953,41.56230926513672,False,35.280487060546875,20.077478408813477
1908.0,False,True,34.47227096557617,41.544288635253906,False,35.280487060546875,20.077478408813477
1908.5,False,False,34.47984313964844,41.52633285522461,False,35.280487060546875,20.077478408813477
1909.0,False,False,34.48733139038086,41.508445739746094,False,35.280487060546875,20.077478408813477
1909.5,False,False,34.494728088378906,41.49061965942383,False,35.280487060546875,20.077478408813477
1910.0,False,False,34.50204086303711,41.47285842895508,False,35.280487060546875,20.077478408813477
1910.5,False,False,34.5092658996582,41.455162048339844,False,35.280487060546875,20.077478408813477
1911.0,False,True,34.51640701293945,41.43752670288086,False,35.280487060546875,20.077478408813477
1911.5,False,False,34.523460388183594,41.41995620727539,False,35.280487060546875,20.077478408813477
1912.0,False,False,34.530433654785156,41.40244674682617,False,35.280487060546875,20.077478408813477
1912.5,False,False,34.53731918334961,41.38500213623047,False,35.280487060546875,20.077478408813477
1913.0,False,False,34.54412078857422,41.36761474609375,False,35.280487060546875,20.077478408813477
1913.5,False,False,34.55084228515625,41.35029220581055,False,35.280487060546875,20.077478408813477
1914.0,False,True,34.55747985839844,41.333030700683594,False,35.280487060546875,20.077478408813477
1914.5,False,False,34.56403732299805,41.31583023071289,False,35.280487060546875,20.077478408813477
1915.0,False,False,34.57051086425781,41.29868698120117,False,35.280487060546875,20.077478408813477
1915.5,False,False,34.576904296875,41.28160858154297,False,35.280487060546875,20.077478408813477
1916.0,False,False,34.58321762084961,41.264583587646484,False,35.280487060546875,20.077478408813477
1916.5,False,False,34.58945083618164,41.247623443603516,False,35.280487060546875,20.077478408813477
1917.0,False,True,34.59560775756836,41.23072052001953,False,35.280487060546875,20.077478408813477
1917.5,False,False,34.601680755615234,41.21387481689453,False,35.280487060546875,20.077478408813477
1918.0,False,False,34.60768127441406,41.197086334228516,False,35.280487060546875,20.077478408813477
1918.5,False,False,34.61360168457031,41.18035888671875,False,35.280487060546875,20.077478408813477
1919.0,False,False,34.619441986083984,41.1636848449707,False,35.280487060546875,20.077478408813477
1919.5,False,False,34.62520980834961,41.147071838378906,False,35.280487060546875,20.077478408813477
1920.0,False,True,34.63090133666992,41.130516052246094,False,35.280487060546875,20.077478408813477
1920.5,False,False,34.636512756347656,41.114013671875,False,35.280487060546875,20.077478408813477
1921.0,False,False,34.64205551147461,41.09756851196289,False,35.280487060546875,20.077478408813477
1921.5,False,False,34.647518157958984,41.081180572509766,False,35.280487060546875,20.077478408813477
1922.0,False,False,34.65290832519531,41.06484603881836,False,35.280487060546875,20.077478408813477
1922.5,False,False,34.658226013183594,41.04856872558594,False,35.280487060546875,20.077478408813477
1923.0,False,True,34.66347122192383,41.032344818115234,False,35.280487060546875,20.077478408813477
1923.5,False,False,34.66864013671875,41.01617431640625,False,35.280487060546875,20.077478408813477
1924.0,False,False,34.67374038696289,41.00006103515625,False,35.280487060546875,20.077478408813477
1924.5,False,False,34.678768157958984,40.9839973449707,False,35.280487060546875,20.077478408813477
1925.0,False,False,34.68372344970703,40.96799087524414,False,35.280487060546875,20.077478408813477
1925.5,False,False,34.68860626220703,40.9520378112793,False,35.280487060546875,20.077478408813477
1926.0,False,True,34.69342041015625,40.936134338378906,False,35.280487060546875,20.077478408813477
1926.5,False,False,34.69816589355469,40.9202880859375,False,35.280487060546875,20.077478408813477
1927.0,False,False,34.70283889770508,40.90449142456055,False,35.280487060546875,20.077478408813477
1927.5,False,False,34.70744705200195,40.88874435424805,False,35.280487060546875,20.077478408813477
1928.0,False,False,34.71198272705078,40.87305450439453,False,35.280487060546875,20.077478408813477
1928.5,False,False,34.716453552246094,40.8574104309082,False,35.280487060546875,20.077478408813477
1929.0,False,True,34.720855712890625,40.841819763183594,False,35.280487060546875,20.077478408813477
1929.5,False,False,34.725189208984375,40.8262825012207,False,35.280487060546875,20.077478408813477
1930.0,False,False,34.72945785522461,40.810791015625,False,35.280487060546875,20.077478408813477
1930.5,False,False,34.73365783691406,40.795352935791016,False,35.280487060546875,20.077478408813477
1931.0,False,False,34.73779296875,40.779964447021484,False,35.280487060546875,20.077478408813477
1931.5,False,False,34.74186325073242,40.76462173461914,False,35.280487060546875,20.077478408813477
1932.0,False,True,34.74586868286133,40.749332427978516,False,35.280487060546875,20.077478408813477
1932.5,False,False,34.74980926513672,40.734092712402344,False,35.280487060546875,20.077478408813477
1933.0,False,False,34.753684997558594,40.71889877319336,False,35.280487060546875,20.077478408813477
1933.5,False,False,34.75749588012695,40.70375442504883,False,35.280487060546875,20.077478408813477
1934.0,False,False,34.76124572753906,40.68865966796875,False,35.280487060546875,20.077478408813477
1934.5,False,False,34.764930725097656,40.67361068725586,False,35.280487060546875,20.077478408813477
1935.0,False,True,34.7685546875,40.658607482910156,False,35.280487060546875,20.077478408813477
1935.5,False,False,34.772117614746094,40.643653869628906,False,35.280487060546875,20.077478408813477
1936.0,False,False,34.77561569213867,40.62874984741211,False,35.280487060546875,20.077478408813477
1936.5,False,False,34.779056549072266,40.613887786865234,False,35.280487060546875,20.077478408813477
1937.0,False,False,34.782432556152344,40.59907531738281,False,35.280487060546875,20.077478408813477
1937.5,False,False,34.78575134277344,40.58430862426758,False,35.280487060546875,20.077478408813477
1938.0,False,True,34.789005279541016,40.56958770751953,False,35.280487060546875,20.077478408813477
1938.5,False,False,34.792205810546875,40.55491256713867,False,35.280487060546875,20.077478408813477
1939.0,False,False,34.79534149169922,40.540283203125,False,35.280487060546875,20.077478408813477
1939.5,False,False,34.79841995239258,40.52569580078125,False,35.280487060546875,20.077478408813477
1940.0,False,False,34.80144119262695,40.51115798950195,False,35.280487060546875,20.077478408813477
1940.5,False,False,34.804405212402344,40.49666213989258,False,35.280487060546875,20.077478408813477
1941.0,False,True,34.807308197021484,40.482208251953125,False,35.280487060546875,20.077478408813477
1941.5,False,False,34.810157775878906,40.467803955078125,False,35.280487060546875,20.077478408813477
1942.0,False,False,34.81294631958008,40.45343780517578,False,35.280487060546875,20.077478408813477
1942.5,False,False,34.81568145751953,40.439117431640625,False,35.280487060546875,20.077478408813477
1943.0,False,False,34.818359375,40.424842834472656,False,35.280487060546875,20.077478408813477
1943.5,False,False,34.820980072021484,40.41061019897461,False,35.280487060546875,20.077478408813477
1944.0,False,True,34.82354736328125,40.396419525146484,False,35.280487060546875,20.077478408813477
1944.5,False,False,34.82605743408203,40.38227081298828,False,35.280487060546875,20.077478408813477
1945.0,False,False,34.828514099121094,40.3681640625,False,35.280487060546875,20.077478408813477
1945.5,False,False,34.83091735839844,40.35409927368164,False,35.280487060546875,20.077478408813477
1946.0,False,False,34.8332633972168,40.3400764465332,False,35.280487060546875,20.077478408813477
1946.5,False,False,34.83555603027344,40.32609558105469,False,35.280487060546875,20.077478408813477
1947.0,False,True,34.837799072265625,40.312156677246094,False,35.280487060546875,20.077478408813477
1947.5,False,False,34.83998489379883,40.29825973510742,False,35.280487060546875,20.077478408813477
1948.0,False,False,34.84212112426758,40.284400939941406,False,35.280487060546875,20.077478408813477
1948.5,False,False,34.84420394897461,40.27058410644531,False,35.280487060546875,20.077478408813477
1949.0,False,False,34.84623718261719,40.25680923461914,False,35.280487060546875,20.077478408813477
1949.5,False,False,34.84821701049805,40.243072509765625,False,35.280487060546875,20.077478408813477
1950.0,False,True,34.85014343261719,40.22937774658203,False,35.280487060546875,20.077478408813477
1950.5,False,False,34.852020263671875,40.215721130371094,False,35.280487060546875,20.077478408813477
1951.0,False,False,34.85384750366211,40.20210266113281,False,35.280487060546875,20.077478408813477
1951.5,False,False,34.85562515258789,40.18852615356445,False,35.280487060546875,20.077478408813477
1952.0,False,False,34.85734939575195,40.174983978271484,False,35.280487060546875,20.077478408813477
1952.5,False,False,34.85902786254883,40.16148376464844,False,35.280487060546875,20.077478408813477
1953.0,False,True,34.86065673828125,40.14802551269531,False,35.280487060546875,20.077478408813477
1953.5,False,False,34.86223602294922,40.13460159301758,False,35.280487060546875,20.077478408813477
1954.0,False,False,34.863765716552734,40.1212158203125,False,35.280487060546875,20.077478408813477
1954.5,False,False,34.8652458190918,40.10786819458008,False,35.280487060546875,20.077478408813477
1955.0,False,False,34.86668014526367,40.09455871582031,False,35.280487060546875,20.077478408813477
1955.5,False,False,34.86806869506836,40.08128356933594,False,35.280487060546875,20.077478408813477
1956.0,False,True,34.869407653808594,40.068050384521484,False,35.280487060546875,20.077478408813477
1956.5,False,False,34.87070083618164,40.05485153198242,False,35.280487060546875,20.077478408813477
1957.0,False,False,34.871944427490234,40.041690826416016,False,35.280487060546875,20.077478408813477
1957.5,False,False,34.87314224243164,40.028564453125,False,35.280487060546875,20.077478408813477
1958.0,False,False,34.874298095703125,40.01547622680664,False,35.280487060546875,20.077478408813477
1958.5,False,False,34.875404357910156,40.00242614746094,False,35.280487060546875,20.077478408813477
1959.0,False,True,34.876468658447266,39.989410400390625,False,35.280487060546875,20.077478408813477
1959.5,False,False,34.87748336791992,39.9764289855957,False,35.280487060546875,20.077478408813477
1960.0,False,False,34.878456115722656,39.96348190307617,False,35.280487060546875,20.077478408813477
1960.5,False,False,34.8793830871582,39.9505729675293,False,35.280487060546875,20.077478408813477
1961.0,False,False,34.88026809692383,39.93769836425781,False,35.280487060546875,20.077478408813477
1961.5,False,False,34.881107330322266,39.92485809326172,False,35.280487060546875,20.077478408813477
1962.0,False,True,34.881900787353516,39.912052154541016,False,35.280487060546875,20.077478408813477
1962.5,False,False,34.882652282714844,39.89928436279297,False,35.280487060546875,20.077478408813477
1963.0,False,False,34.88336181640625,39.88654708862305,False,35.280487060546875,20.077478408813477
1963.5,False,False,34.884029388427734,39.873844146728516,False,35.280487060546875,20.077478408813477
1964.0,False,False,34.8846549987793,39.86117935180664,False,35.280487060546875,20.077478408813477
1964.5,False,False,34.88523483276367,39.84854507446289,False,35.280487060546875,20.077478408813477
1965.0,False,True,34.88577651977539,39.835941314697266,False,35.280487060546875,20.077478408813477
1965.5,False,False,34.88627243041992,39.8233757019043,False,35.280487060546875,20.077478408813477
1966.0,False,False,34.8867301940918,39.81084060668945,False,35.280487060546875,20.077478408813477
1966.5,False,False,34.88714599609375,39.79833984375,False,35.280487060546875,20.077478408813477
1967.0,False,False,34.88751983642578,39.78586959838867,False,35.280487060546875,20.077478408813477
1967.5,False,False,34.887855529785156,39.7734375,False,35.280487060546875,20.077478408813477
1968.0,False,True,34.88814926147461,39.76103210449219,False,35.280487060546875,20.077478408813477
1968.5,False,False,34.888404846191406,39.748661041259766,False,35.280487060546875,20.077478408813477
1969.0,False,False,34.88861846923828,39.73632049560547,False,35.280487060546875,20.077478408813477
1969.5,False,False,34.8887939453125,39.72401428222656,False,35.280487060546875,20.077478408813477
1970.0,False,False,34.8889274597168,39.71173858642578,False,35.280487060546875,20.077478408813477
1970.5,False,False,34.8890266418457,39.699493408203125,False,35.280487060546875,20.077478408813477
1971.0,False,True,34.88908386230469,39.68728256225586,False,35.280487060546875,20.077478408813477
1971.5,False,False,34.889102935791016,39.67510223388672,False,35.280487060546875,20.077478408813477
1972.0,False,False,34.88908386230469,39.66294860839844,False,35.280487060546875,20.077478408813477
1972.5,False,False,34.88903045654297,39.65082931518555,False,35.280487060546875,20.077478408813477
1973.0,True,False,34.88893508911133,39.63874053955078,False,35.280487060546875,20.077478408813477
1973.5,False,False,34.8888053894043,39.62668228149414,False,35.280487060546875,20.077478408813477
1974.0,False,True,34.888633728027344,39.614654541015625,False,35.280487060546875,20.077478408813477
1974.5,False,False,34.888431549072266,39.602657318115234,False,35.280487060546875,20.077478408813477
1975.0,False,False,34.888187408447266,39.5906867980957,False,35.280487060546875,20.077478408813477
1975.5,False,False,34.887908935546875,39.57875061035156,False,35.280487060546875,20.077478408813477
1976.0,False,False,34.887596130371094,39.56684112548828,False,35.280487060546875,20.077478408813477
1976.5,False,False,34.887245178222656,39.554962158203125,False,35.280487060546875,20.077478408813477
1977.0,False,True,34.88685989379883,39.54310989379883,False,35.280487060546875,20.077478408813477
1977.5,False,False,34.886436462402344,39.531288146972656,False,35.280487060546875,20.077478408813477
1978.0,False,False,34.885982513427734,39.51949691772461,False,35.280487060546875,20.077478408813477
1978.5,False,False,34.88549041748047,39.50773239135742,False,35.280487060546875,20.077478408813477
1979.0,False,False,34.88496398925781,39.49599838256836,False,35.280487060546875,20.077478408813477
1979.5,False,False,34.884403228759766,39.484291076660156,False,35.280487060546875,20.077478408813477
1980.0,False,True,34.88380813598633,39.47261428833008,False,35.280487060546875,20.077478408813477
1980.5,False,False,34.8831787109375,39.46096420288086,False,35.280487060546875,20.077478408813477
1981.0,False,False,34.88251495361328,39.4493408203125,False,35.280487060546875,20.077478408813477
1981.5,False,False,34.88182067871094,39.437747955322266,False,35.280487060546875,20.077478408813477
1982.0,False,False,34.8810920715332,39.42618179321289,False,35.280487060546875,20.077478408813477
1982.5,False,False,34.88032913208008,39.414642333984375,False,35.280487060546875,20.077478408813477
1983.0,False,True,34.87953186035156,39.40312957763672,False,35.280487060546875,20.077478408813477
1983.5,False,False,34.87870407104492,39.39164733886719,False,35.280487060546875,20.077478408813477
1984.0,False,False,34.877845764160156,39.38018798828125,False,35.280487060546875,20.077478408813477
1984.5,False,False,34.876953125,39.36875915527344,False,35.280487060546875,20.077478408813477
1985.0,False,False,34.87602615356445,39.357357025146484,False,35.280487060546875,20.077478408813477
1985.5,False,False,34.87507247924805,39.345977783203125,False,35.280487060546875,20.077478408813477
1986.0,False,True,34.87408447265625,39.33462905883789,False,35.280487060546875,20.077478408813477
1986.5,False,False,34.87306594848633,39.32330322265625,False,35.280487060546875,20.077478408813477
1987.0,False,False,34.872013092041016,39.31200408935547,False,35.280487060546875,20.077478408813477
1987.5,False,False,34.870933532714844,39.30073165893555,False,35.280487060546875,20.077478408813477
1988.0,False,False,34.86982345581055,39.289485931396484,False,35.280487060546875,20.077478408813477
1988.5,False,False,34.86867904663086,39.27826690673828,False,35.280487060546875,20.077478408813477
1989.0,False,True,34.86750793457031,39.26707077026367,False,35.280487060546875,20.077478408813477
1989.5,False,False,34.866302490234375,39.25590133666992,False,35.280487060546875,20.077478408813477
1990.0,False,False,34.86507034301758,39.24475860595703,False,35.280487060546875,20.077478408813477
1990.5,False,False,34.86381149291992,39.233638763427734,False,35.280487060546875,20.077478408813477
1991.0,False,False,34.862518310546875,39.2225456237793,False,35.280487060546875,20.077478408813477
1991.5,False,False,34.86119842529297,39.21147537231445,False,35.280487060546875,20.077478408813477
1992.0,False,True,34.85984802246094,39.20043182373047,False,35.280487060546875,20.077478408813477
1992.5,False,False,34.85847091674805,39.18941116333008,False,35.280487060546875,20.077478408813477
1993.0,False,False,34.85706329345703,39.17841720581055,False,35.280487060546875,20.077478408813477
1993.5,False,False,34.85562515258789,39.16744613647461,False,35.280487060546875,20.077478408813477
1994.0,False,False,34.854164123535156,39.156497955322266,False,35.280487060546875,20.077478408813477
1994.5,False,False,34.85266876220703,39.14557647705078,False,35.280487060546875,20.077478408813477
1995.0,False,True,34.85115051269531,39.13467788696289,False,35.280487060546875,20.077478408813477
1995.5,False,False,34.84960174560547,39.123802185058594,False,35.280487060546875,20.077478408813477
1996.0,False,False,34.848026275634766,39.11294937133789,False,35.280487060546875,20.077478408813477
1996.5,False,False,34.8464241027832,39.10212326049805,False,35.280487060546875,20.077478408813477
1997.0,False,False,34.84479522705078,39.0913200378418,False,35.280487060546875,20.077478408813477
1997.5,False,False,34.8431396484375,39.08053970336914,False,35.280487060546875,20.077478408813477
1998.0,False,True,34.84145736694336,39.06977844238281,False,35.280487060546875,20.077478408813477
1998.5,False,False,34.83974838256836,39.059043884277344,False,35.280487060546875,20.077478408813477
1999.0,False,False,34.8380126953125,39.04833221435547,False,35.280487060546875,20.077478408813477
1999.5,False,False,34.83625030517578,39.03764343261719,False,35.280487060546875,20.077478408813477
2000.0,False,False,34.8344612121582,39.0269775390625,False,35.280487060546875,20.077478408813477
2000.5,False,False,34.832645416259766,39.016334533691406,False,35.280487060546875,20.077478408813477
2001.0,False,True,34.830806732177734,39.005714416503906,False,35.280487060546875,20.077478408813477
2001.5,False,False,34.828941345214844,38.995113372802734,False,35.280487060546875,20.077478408813477
2002.0,False,False,34.82705307006836,38.984535217285156,False,35.280487060546875,20.077478408813477
2002.5,False,False,34.825138092041016,38.97398376464844,False,35.280487060546875,20.077478408813477
2003.0,False,False,34.82319641113281,38.96344757080078,False,35.280487060546875,20.077478408813477
2003.5,False,False,34.821231842041016,38.952938079833984,False,35.280487060546875,20.077478408813477
2004.0,False,True,34.81924057006836,38.942447662353516,False,35.280487060546875,20.077478408813477
2004.5,False,False,34.81722640991211,38.93198013305664,False,35.280487060546875,20.077478408813477
2005.0,False,False,34.815189361572266,38.92153549194336,False,35.280487060546875,20.077478408813477
2005.5,False,False,34.81312561035156,38.911109924316406,False,35.280487060546875,20.077478408813477
2006.0,False,False,34.811038970947266,38.90070343017578,False,35.280487060546875,20.077478408813477
2006.5,False,False,34.808929443359375,38.890323638916016,False,35.280487060546875,20.077478408813477
2007.0,False,True,34.80679702758789,38.87995910644531,False,35.280487060546875,20.077478408813477
2007.5,False,False,34.80464172363281,38.86962127685547,False,35.280487060546875,20.077478408813477
2008.0,False,False,34.802459716796875,38.85929870605469,False,35.280487060546875,20.077478408813477
2008.5,False,False,34.800254821777344,38.8489990234375,False,35.280487060546875,20.077478408813477
2009.0,False,False,34.798030853271484,38.838722229003906,False,35.280487060546875,20.077478408813477
2009.5,False,False,34.795780181884766,38.82846450805664,False,35.280487060546875,20.077478408813477
2010.0,False,True,34.79351043701172,38.8182258605957,False,35.280487060546875,20.077478408813477
2010.5,False,False,34.79121398925781,38.808006286621094,False,35.280487060546875,20.077478408813477
2011.0,False,False,34.78889846801758,38.79780960083008,False,35.280487060546875,20.077478408813477
2011.5,False,False,34.78656005859375,38.78763198852539,False,35.280487060546875,20.077478408813477
2012.0,False,False,34.78419876098633,38.77747344970703,False,35.280487060546875,20.077478408813477
2012.5,False,False,34.78181838989258,38.767337799072266,False,35.280487060546875,20.077478408813477
2013.0,False,True,34.779415130615234,38.75721740722656,False,35.280487060546875,20.077478408813477
2013.5,False,False,34.7769889831543,38.74711990356445,False,35.280487060546875,20.077478408813477
2014.0,False,False,34.774539947509766,38.73704147338867,False,35.280487060546875,20.077478408813477
2014.5,False,False,34.772071838378906,38.72697830200195,False,35.280487060546875,20.077478408813477
2015.0,False,False,34.76958465576172,38.71693801879883,False,35.280487060546875,20.077478408813477
2015.5,False,False,34.76707458496094,38.70691680908203,False,35.280487060546875,20.077478408813477
2016.0,False,True,34.76454162597656,38.69691467285156,False,35.280487060546875,20.077478408813477
2016.5,False,False,34.761993408203125,38.68693161010742,False,35.280487060546875,20.077478408813477
2017.0,False,False,34.75941848754883,38.67696762084961,False,35.280487060546875,20.077478408813477
2017.5,False,False,34.75682830810547,38.667022705078125,False,35.280487060546875,20.077478408813477
2018.0,False,False,34.754215240478516,38.6570930480957,False,35.280487060546875,20.077478408813477
2018.5,False,False,34.751583099365234,38.647186279296875,False,35.280487060546875,20.077478408813477
2019.0,False,True,34.748931884765625,38.63729476928711,False,35.280487060546875,20.077478408813477
2019.5,False,False,34.74625778198242,38.62742614746094,False,35.280487060546875,20.077478408813477
2020.0,False,False,34.743568420410156,38.61756896972656,False,35.280487060546875,20.077478408813477
2020.5,False,False,34.7408561706543,38.60773468017578,False,35.280487060546875,20.077478408813477
2021.0,False,False,34.73812484741211,38.59791946411133,False,35.280487060546875,20.077478408813477
2021.5,False,False,34.735374450683594,38.58811950683594,False,35.280487060546875,20.077478408813477
2022.0,False,True,34.73260498046875,38.578338623046875,False,35.280487060546875,20.077478408813477
2022.5,False,False,34.729820251464844,38.568572998046875,False,35.280487060546875,20.077478408813477
2023.0,False,False,34.727012634277344,38.55883026123047,False,35.280487060546875,20.077478408813477
2023.5,False,False,34.724185943603516,38.54909896850586,False,35.280487060546875,20.077478408813477
2024.0,False,False,34.721343994140625,38.539390563964844,False,35.280487060546875,20.077478408813477
2024.5,False,False,34.718482971191406,38.52969741821289,False,35.280487060546875,20.077478408813477
2025.0,False,True,34.71560287475586,38.52001953125,False,35.280487060546875,20.077478408813477
2025.5,False,False,34.712703704833984,38.5103645324707,False,35.280487060546875,20.077478408813477
2026.0,False,False,34.70978546142578,38.5007209777832,False,35.280487060546875,20.077478408813477
2026.5,False,False,34.706851959228516,38.49109649658203,False,35.280487060546875,20.077478408813477
2027.0,False,False,34.70389938354492,38.48149108886719,False,35.280487060546875,20.077478408813477
2027.5,False,False,34.700931549072266,38.471900939941406,False,35.280487060546875,20.077478408813477
2028.0,False,True,34.69794464111328,38.46232604980469,False,35.280487060546875,20.077478408813477
2028.5,False,False,34.69493865966797,38.4527702331543,False,35.280487060546875,20.077478408813477
2029.0,False,False,34.691917419433594,38.44322967529297,False,35.280487060546875,20.077478408813477
2029.5,False,False,34.68887710571289,38.4337043762207,False,35.280487060546875,20.077478408813477
2030.0,False,False,34.685821533203125,38.424198150634766,False,35.280487060546875,20.077478408813477
2030.5,False,False,34.6827507019043,38.41470718383789,False,35.280487060546875,20.077478408813477
2031.0,False,True,34.67966079711914,38.40523147583008,False,35.280487060546875,20.077478408813477
2031.5,False,False,34.676551818847656,38.395774841308594,False,35.280487060546875,20.077478408813477
2032.0,False,False,34.673431396484375,38.386329650878906,False,35.280487060546875,20.077478408813477
2032.5,False,False,34.670291900634766,38.37690353393555,False,35.280487060546875,20.077478408813477
2033.0,False,False,34.667137145996094,38.367496490478516,False,35.280487060546875,20.077478408813477
2033.5,False,False,34.663963317871094,38.35810089111328,False,35.280487060546875,20.077478408813477
2034.0,False,True,34.6607780456543,38.34872055053711,False,35.280487060546875,20.077478408813477
2034.5,False,False,34.65757369995117,38.339359283447266,False,35.280487060546875,20.077478408813477
2035.0,False,False,34.654354095458984,38.330013275146484,False,35.280487060546875,20.077478408813477
2035.5,False,False,34.651119232177734,38.3206787109375,False,35.280487060546875,20.077478408813477
2036.0,False,False,34.64786911010742,38.311363220214844,False,35.280487060546875,20.077478408813477
2036.5,False,False,34.64460372924805,38.30206298828125,False,35.280487060546875,20.077478408813477
2037.0,False,True,34.64132308959961,38.29277801513672,False,35.280487060546875,20.077478408813477
2037.5,False,False,34.63802719116211,38.28350830078125,False,35.280487060546875,20.077478408813477
2038.0,False,False,34.63471603393555,38.274253845214844,False,35.280487060546875,20.077478408813477
2038.5,False,False,34.63138961791992,38.265010833740234,False,35.280487060546875,20.077478408813477
2039.0,False,False,34.628047943115234,38.25578689575195,False,35.280487060546875,20.077478408813477
2039.5,False,False,34.624691009521484,38.246578216552734,False,35.280487060546875,20.077478408813477
2040.0,False,True,34.62131881713867,38.23738098144531,False,35.280487060546875,20.077478408813477
2040.5,False,False,34.61793518066406,38.22820281982422,False,35.280487060546875,20.077478408813477
2041.0,False,False,34.61453628540039,38.21903610229492,False,35.280487060546875,20.077478408813477
2041.5,False,False,34.611122131347656,38.20988464355469,False,35.280487060546875,20.077478408813477
2042.0,False,False,34.60769271850586,38.200748443603516,False,35.280487060546875,20.077478408813477
2042.5,False,False,34.604251861572266,38.191627502441406,False,35.280487060546875,20.077478408813477
2043.0,False,True,34.600791931152344,38.182518005371094,False,35.280487060546875,20.077478408813477
2043.5,False,False,34.59732437133789,38.17342758178711,False,35.280487060546875,20.077478408813477
2044.0,False,False,34.59383773803711,38.16434860229492,False,35.280487060546875,20.077478408813477
2044.5,False,False,34.59033966064453,38.15528106689453,False,35.280487060546875,20.077478408813477
2045.0,False,False,34.586830139160156,38.14623260498047,False,35.280487060546875,20.077478408813477
2045.5,False,False,34.58330154418945,38.1371955871582,False,35.280487060546875,20.077478408813477
2046.0,False,True,34.57976531982422,38.128173828125,False,35.280487060546875,20.077478408813477
2046.5,False,False,34.57621383666992,38.119163513183594,False,35.280487060546875,20.077478408813477
2047.0,False,False,34.57264709472656,38.11016845703125,False,35.280487060546875,20.077478408813477
2047.5,False,False,34.569068908691406,38.10118865966797,False,35.280487060546875,20.077478408813477
2048.0,False,False,34.56547927856445,38.092220306396484,False,35.280487060546875,20.077478408813477
2048.5,False,False,34.56187438964844,38.08326721191406,False,35.280487060546875,20.077478408813477
2049.0,False,True,34.558258056640625,38.0743293762207,False,35.280487060546875,20.077478408813477
2049.5,False,False,34.55462646484375,38.06540298461914,False,35.280487060546875,20.077478408813477
2050.0,False,False,34.55098342895508,38.056488037109375,False,35.280487060546875,20.077478408813477
2050.5,False,False,34.54732894897461,38.04758834838867,False,35.280487060546875,20.077478408813477
2051.0,False,False,34.543663024902344,38.03870391845703,False,35.280487060546875,20.077478408813477
2051.5,False,False,34.539981842041016,38.02982711791992,False,35.280487060546875,20.077478408813477
2052.0,False,True,34.53628921508789,38.02096939086914,False,35.280487060546875,20.077478408813477
2052.5,False,False,34.53258514404297,38.012123107910156,False,35.280487060546875,20.077478408813477
2053.0,False,False,34.52886962890625,38.00328826904297,False,35.280487060546875,20.077478408813477
2053.5,False,False,34.52513885498047,37.994468688964844,False,35.280487060546875,20.077478408813477
2054.0,False,False,34.521400451660156,37.985660552978516,False,35.280487060546875,20.077478408813477
2054.5,False,False,34.51764678955078,37.976863861083984,False,35.280487060546875,20.077478408813477
2055.0,False,True,34.513885498046875,37.968082427978516,False,35.280487060546875,20.077478408813477
2055.5,False,False,34.510108947753906,37.959312438964844,False,35.280487060546875,20.077478408813477
2056.0,False,False,34.50632095336914,37.950557708740234,False,35.280487060546875,20.077478408813477
2056.5,False,False,34.502525329589844,37.941810607910156,False,35.280487060546875,20.077478408813477
2057.0,False,False,34.498714447021484,37.933082580566406,False,35.280487060546875,20.077478408813477
2057.5,False,False,34.49489212036133,37.92436218261719,False,35.280487060546875,20.077478408813477
2058.0,False,True,34.49106216430664,37.91565704345703,False,35.280487060546875,20.077478408813477
2058.5,False,False,34.48721694946289,37.906959533691406,False,35.280487060546875,20.077478408813477
2059.0,False,False,34.48336410522461,37.898277282714844,False,35.280487060546875,20.077478408813477
2059.5,False,False,34.47949981689453,37.889610290527344,False,35.280487060546875,20.077478408813477
2060.0,False,False,34.475624084472656,37.880950927734375,False,35.280487060546875,20.077478408813477
2060.5,False,False,34.471736907958984,37.87230682373047,False,35.280487060546875,20.077478408813477
2061.0,False,True,34.467838287353516,37.86367416381836,False,35.280487060546875,20.077478408813477
2061.5,False,False,34.46392822265625,37.85505294799805,False,35.280487060546875,20.077478408813477
2062.0,False,False,34.46001052856445,37.84644317626953,False,35.280487060546875,20.077478408813477
2062.5,False,False,34.45608139038086,37.83784484863281,False,35.280487060546875,20.077478408813477
2063.0,False,False,34.452144622802734,37.82925796508789,False,35.280487060546875,20.077478408813477
2063.5,False,False,34.44819259643555,37.82068634033203,False,35.280487060546875,20.077478408813477
2064.0,False,True,34.44423294067383,37.8121223449707,False,35.280487060546875,20.077478408813477
2064.5,False,False,34.44026184082031,37.80357360839844,False,35.280487060546875,20.077478408813477
2065.0,False,False,34.436283111572266,37.79503631591797,False,35.280487060546875,20.077478408813477
2065.5,False,False,34.43229293823242,37.78650665283203,False,35.280487060546875,20.077478408813477
2066.0,False,False,34.42829513549805,37.777992248535156,False,35.280487060546875,20.077478408813477
2066.5,False,False,34.424285888671875,37.76948928833008,False,35.280487060546875,20.077478408813477
2067.0,False,True,34.420265197753906,37.76099395751953,False,35.280487060546875,20.077478408813477
2067.5,False,False,34.416236877441406,37.75251388549805,False,35.280487060546875,20.077478408813477
2068.0,False,False,34.41219711303711,37.74404525756836,False,35.280487060546875,20.077478408813477
2068.5,False,False,34.40814971923828,37.7355842590332,False,35.280487060546875,20.077478408813477
2069.0,False,False,34.404090881347656,37.72713851928711,False,35.280487060546875,20.077478408813477
2069.5,False,False,34.4000244140625,37.71870040893555,False,35.280487060546875,20.077478408813477
2070.0,False,True,34.39595031738281,37.71027755737305,False,35.280487060546875,20.077478408813477
2070.5,False,False,34.39186477661133,37.70186233520508,False,35.280487060546875,20.077478408813477
2071.0,False,False,34.38776779174805,37.693458557128906,False,35.280487060546875,20.077478408813477
2071.5,False,False,34.3836669921875,37.68506622314453,False,35.280487060546875,20.077478408813477
2072.0,False,False,34.379554748535156,37.67668533325195,False,35.280487060546875,20.077478408813477
2072.5,False,False,34.375431060791016,37.668312072753906,False,35.280487060546875,20.077478408813477
2073.0,False,True,34.37130355834961,37.65995407104492,False,35.280487060546875,20.077478408813477
2073.5,False,False,34.367164611816406,37.65160369873047,False,35.280487060546875,20.077478408813477
2074.0,False,False,34.363014221191406,37.64326477050781,False,35.280487060546875,20.077478408813477
2074.5,False,False,34.35886001586914,37.63493728637695,False,35.280487060546875,20.077478408813477
2075.0,False,False,34.35469436645508,37.62662124633789,False,35.280487060546875,20.077478408813477
2075.5,False,False,34.350521087646484,37.61831283569336,False,35.280487060546875,20.077478408813477
2076.0,False,True,34.34634017944336,37.61001968383789,False,35.280487060546875,20.077478408813477
2076.5,False,False,34.34214782714844,37.60173416137695,False,35.280487060546875,20.077478408813477
2077.0,False,False,34.33795166015625,37.59345626831055,False,35.280487060546875,20.077478408813477
2077.5,False,False,34.333744049072266,37.5851936340332,False,35.280487060546875,20.077478408813477
2078.0,False,False,34.32952880859375,37.57693862915039,False,35.280487060546875,20.077478408813477
2078.5,False,False,34.3253059387207,37.56869125366211,False,35.280487060546875,20.077478408813477
2079.0,False,True,34.321075439453125,37.56045913696289,False,35.280487060546875,20.077478408813477
2079.5,False,False,34.316837310791016,37.5522346496582,False,35.280487060546875,20.077478408813477
2080.0,False,False,34.312591552734375,37.54402160644531,False,35.280487060546875,20.077478408813477
2080.5,False,False,34.3083381652832,37.53581619262695,False,35.280487060546875,20.077478408813477
2081.0,False,False,34.304073333740234,37.52762222290039,False,35.280487060546875,20.077478408813477
2081.5,False,False,34.2998046875,37.519439697265625,False,35.280487060546875,20.077478408813477
2082.0,False,True,34.295528411865234,37.51126480102539,False,35.280487060546875,20.077478408813477
2082.5,False,False,34.29124069213867,37.50310134887695,False,35.280487060546875,20.077478408813477
2083.0,False,False,34.286949157714844,37.49494552612305,False,35.280487060546875,20.077478408813477
2083.5,False,False,34.282649993896484,37.48680114746094,False,35.280487060546875,20.077478408813477
2084.0,False,False,34.278343200683594,37.478668212890625,False,35.280487060546875,20.077478408813477
2084.5,False,False,34.27402877807617,37.470542907714844,False,35.280487060546875,20.077478408813477
2085.0,False,True,34.26970672607422,37.46242904663086,False,35.280487060546875,20.077478408813477
2085.5,False,False,34.265377044677734,37.454322814941406,False,35.280487060546875,20.077478408813477
2086.0,False,False,34.26103973388672,37.44622802734375,False,35.280487060546875,20.077478408813477
2086.5,False,False,34.25669479370117,37.438140869140625,False,35.280487060546875,20.077478408813477
2087.0,False,False,34.25234603881836,37.43006134033203,False,35.280487060546875,20.077478408813477
2087.5,False,False,34.247989654541016,37.4219970703125,False,35.280487060546875,20.077478408813477
2088.0,False,True,34.24362564086914,37.413936614990234,False,35.280487060546875,20.077478408813477
2088.5,False,False,34.239253997802734,37.405887603759766,False,35.280487060546875,20.077478408813477
2089.0,False,False,34.2348747253418,37.397850036621094,False,35.280487060546875,20.077478408813477
2089.5,False,False,34.230491638183594,37.38982009887695,False,35.280487060546875,20.077478408813477
2090.0,False,False,34.22610092163086,37.381797790527344,False,35.280487060546875,20.077478408813477
2090.5,False,False,34.221702575683594,37.37378692626953,False,35.280487060546875,20.077478408813477
2091.0,False,True,34.2172966003418,37.36578369140625,False,35.280487060546875,20.077478408813477
2091.5,False,False,34.212886810302734,37.357791900634766,False,35.280487060546875,20.077478408813477
2092.0,False,False,34.20846939086914,37.34980773925781,False,35.280487060546875,20.077478408813477
2092.5,False,False,34.204044342041016,37.34183120727539,False,35.280487060546875,20.077478408813477
2093.0,False,False,34.199615478515625,37.333866119384766,False,35.280487060546875,20.077478408813477
2093.5,False,False,34.1951789855957,37.32590866088867,False,35.280487060546875,20.077478408813477
2094.0,False,True,34.190738677978516,37.31795883178711,False,35.280487060546875,20.077478408813477
2094.5,False,False,34.18628692626953,37.310020446777344,False,35.280487060546875,20.077478408813477
2095.0,False,False,34.18183517456055,37.30208969116211,False,35.280487060546875,20.077478408813477
2095.5,False,False,34.177371978759766,37.29417037963867,False,35.280487060546875,20.077478408813477
2096.0,False,False,34.17290496826172,37.2862548828125,False,35.280487060546875,20.077478408813477
2096.5,False,False,34.168434143066406,37.278350830078125,False,35.280487060546875,20.077478408813477
2097.0,False,True,34.16395568847656,37.27045822143555,False,35.280487060546875,20.077478408813477
2097.5,False,False,34.15946960449219,37.262569427490234,False,35.280487060546875,20.077478408813477
2098.0,False,False,34.15497970581055,37.25469207763672,False,35.280487060546875,20.077478408813477
2098.5,False,False,34.150482177734375,37.246822357177734,False,35.280487060546875,20.077478408813477
2099.0,False,False,34.14598083496094,37.23896026611328,False,35.280487060546875,20.077478408813477
2099.5,False,False,34.141475677490234,37.231109619140625,False,35.280487060546875,20.077478408813477
2100.0,False,True,34.136959075927734,37.2232666015625,False,35.280487060546875,20.077478408813477
2100.5,False,False,34.132442474365234,37.215431213378906,False,35.280487060546875,20.077478408813477
2101.0,False,False,34.1279182434082,37.207603454589844,False,35.280487060546875,20.077478408813477
2101.5,False,False,34.123390197753906,37.19978332519531,False,35.280487060546875,20.077478408813477
2102.0,False,False,34.11885452270508,37.19197463989258,False,35.280487060546875,20.077478408813477
2102.5,False,False,34.114315032958984,37.184173583984375,False,35.280487060546875,20.077478408813477
2103.0,False,True,34.10976791381836,37.17637634277344,False,35.280487060546875,20.077478408813477
2103.5,False,False,34.10521697998047,37.16859436035156,False,35.280487060546875,20.077478408813477
2104.0,False,False,34.10066223144531,37.16081619262695,False,35.280487060546875,20.077478408813477
2104.5,False,False,34.096099853515625,37.153045654296875,False,35.280487060546875,20.077478408813477
2105.0,False,False,34.09153366088867,37.145286560058594,False,35.280487060546875,20.077478408813477
2105.5,False,False,34.08696365356445,37.13753128051758,False,35.280487060546875,20.077478408813477
2106.0,False,True,34.0823860168457,37.12978744506836,False,35.280487060546875,20.077478408813477
2106.5,False,False,34.07780456542969,37.12205123901367,False,35.280487060546875,20.077478408813477
2107.0,False,False,34.073219299316406,37.114322662353516,False,35.280487060546875,20.077478408813477
2107.5,False,False,34.068626403808594,37.10660171508789,False,35.280487060546875,20.077478408813477
2108.0,False,False,34.06403350830078,37.0988883972168,False,35.280487060546875,20.077478408813477
2108.5,False,False,34.05942916870117,37.091182708740234,False,35.280487060546875,20.077478408813477
2109.0,False,True,34.05482482910156,37.08348846435547,False,35.280487060546875,20.077478408813477
2109.5,False,False,34.05021667480469,37.07579803466797,False,35.280487060546875,20.077478408813477
2110.0,False,False,34.04560089111328,37.068119049072266,False,35.280487060546875,20.077478408813477
2110.5,False,False,34.04098129272461,37.06044387817383,False,35.280487060546875,20.077478408813477
2111.0,False,False,34.03635787963867,37.05277633666992,False,35.280487060546875,20.077478408813477
2111.5,False,False,34.0317268371582,37.04512023925781,False,35.280487060546875,20.077478408813477
2112.0,False,True,34.027095794677734,37.03746795654297,False,35.280487060546875,20.077478408813477
2112.5,False,False,34.022457122802734,37.02982711791992,False,35.280487060546875,20.077478408813477
2113.0,False,False,34.017818450927734,37.02219009399414,False,35.280487060546875,20.077478408813477
2113.5,False,False,34.0131721496582,37.014564514160156,False,35.280487060546875,20.077478408813477
2114.0,False,False,34.00851821899414,37.0069465637207,False,35.280487060546875,20.077478408813477
2114.5,False,False,34.00386428833008,36.999332427978516,False,35.280487060546875,20.077478408813477
2115.0,False,True,33.99920654296875,36.99172592163086,False,35.280487060546875,20.077478408813477
2115.5,False,False,33.994544982910156,36.984130859375,False,35.280487060546875,20.077478408813477
2116.0,False,False,33.98987579345703,36.976539611816406,False,35.280487060546875,20.077478408813477
2116.5,False,False,33.98520278930664,36.968955993652344,False,35.280487060546875,20.077478408813477
2117.0,False,False,33.98052978515625,36.96138381958008,False,35.280487060546875,20.077478408813477
2117.5,False,False,33.97584915161133,36.95381546020508,False,35.280487060546875,20.077478408813477
2118.0,False,True,33.97116470336914,36.94625473022461,False,35.280487060546875,20.077478408813477
2118.5,False,False,33.96648025512695,36.93870162963867,False,35.280487060546875,20.077478408813477
2119.0,False,False,33.961788177490234,36.931156158447266,False,35.280487060546875,20.077478408813477
2119.5,False,False,33.95709228515625,36.92361831665039,False,35.280487060546875,20.077478408813477
2120.0,False,False,33.952392578125,36.91608428955078,False,35.280487060546875,20.077478408813477
2120.5,False,False,33.94769287109375,36.90856170654297,False,35.280487060546875,20.077478408813477
2121.0,False,True,33.94298553466797,36.90104293823242,False,35.280487060546875,20.077478408813477
2121.5,False,False,33.93827438354492,36.89353561401367,False,35.280487060546875,20.077478408813477
2122.0,False,False,33.93355941772461,36.88603210449219,False,35.280487060546875,20.077478408813477
2122.5,False,False,33.9288444519043,36.878536224365234,False,35.280487060546875,20.077478408813477
2123.0,False,False,33.92412185668945,36.87104797363281,False,35.280487060546875,20.077478408813477
2123.5,False,False,33.919395446777344,36.86356735229492,False,35.280487060546875,20.077478408813477
2124.0,False,True,33.914669036865234,36.8560905456543,False,35.280487060546875,20.077478408813477
2124.5,False,False,33.90993881225586,36.84862518310547,False,35.280487060546875,20.077478408813477
2125.0,False,False,33.90520095825195,36.841163635253906,False,35.280487060546875,20.077478408813477
2125.5,False,False,33.90046310424805,36.833709716796875,False,35.280487060546875,20.077478408813477
2126.0,False,False,33.895721435546875,36.826263427734375,False,35.280487060546875,20.077478408813477
2126.5,False,False,33.89097595214844,36.818824768066406,False,35.280487060546875,20.077478408813477
2127.0,False,True,33.886226654052734,36.8113899230957,False,35.280487060546875,20.077478408813477
2127.5,False,False,33.88147735595703,36.80396270751953,False,35.280487060546875,20.077478408813477
2128.0,False,False,33.8767204284668,36.79654312133789,False,35.280487060546875,20.077478408813477
2128.5,False,False,33.87196350097656,36.78913116455078,False,35.280487060546875,20.077478408813477
2129.0,False,False,33.86720275878906,36.7817268371582,False,35.280487060546875,20.077478408813477
2129.5,False,False,33.8624382019043,36.77432632446289,False,35.280487060546875,20.077478408813477
2130.0,False,True,33.857669830322266,36.76693344116211,False,35.280487060546875,20.077478408813477
2130.5,False,False,33.85289764404297,36.75954818725586,False,35.280487060546875,20.077478408813477
2131.0,False,False,33.84812545776367,36.752166748046875,False,35.280487060546875,20.077478408813477
2131.5,False,False,33.84334945678711,36.74479675292969,False,35.280487060546875,20.077478408813477
2132.0,False,False,33.83856964111328,36.737430572509766,False,35.280487060546875,20.077478408813477
2132.5,False,False,33.83378601074219,36.73006820678711,False,35.280487060546875,20.077478408813477
2133.0,False,True,33.829002380371094,36.72271728515625,False,35.280487060546875,20.077478408813477
2133.5,False,False,33.82421112060547,36.715370178222656,False,35.280487060546875,20.077478408813477
2134.0,False,False,33.819419860839844,36.708030700683594,False,35.280487060546875,20.077478408813477
2134.5,False,False,33.81462860107422,36.7006950378418,False,35.280487060546875,20.077478408813477
2135.0,False,False,33.80982971191406,36.6933708190918,False,35.280487060546875,20.077478408813477
2135.5,False,False,33.805030822753906,36.68605041503906,False,35.280487060546875,20.077478408813477
2136.0,False,True,33.800228118896484,36.678733825683594,False,35.280487060546875,20.077478408813477
2136.5,False,False,33.79542541503906,36.671424865722656,False,35.280487060546875,20.077478408813477
2137.0,False,False,33.79061508178711,36.66412353515625,False,35.280487060546875,20.077478408813477
2137.5,False,False,33.785804748535156,36.656829833984375,False,35.280487060546875,20.077478408813477
2138.0,False,False,33.7809944152832,36.649539947509766,False,35.280487060546875,20.077478408813477
2138.5,False,False,33.776180267333984,36.64225769042969,False,35.280487060546875,20.077478408813477
2139.0,False,True,33.7713623046875,36.63498306274414,False,35.280487060546875,20.077478408813477
2139.5,False,False,33.76654052734375,36.62771224975586,False,35.280487060546875,20.077478408813477
2140.0,False,False,33.76171875,36.62044906616211,False,35.280487060546875,20.077478408813477
2140.5,False,False,33.756893157958984,36.613189697265625,False,35.280487060546875,20.077478408813477
2141.0,False,False,33.7520637512207,36.60593795776367,False,35.280487060546875,20.077478408813477
2141.5,False,False,33.74723434448242,36.59869384765625,False,35.280487060546875,20.077478408813477
2142.0,False,True,33.742401123046875,36.591453552246094,False,35.280487060546875,20.077478408813477
2142.5,False,False,33.73756790161133,36.58422088623047,False,35.280487060546875,20.077478408813477
2143.0,False,False,33.732730865478516,36.576995849609375,False,35.280487060546875,20.077478408813477
2143.5,False,False,33.7278938293457,36.56977462768555,False,35.280487060546875,20.077478408813477
2144.0,False,False,33.72304916381836,36.562557220458984,False,35.280487060546875,20.077478408813477
2144.5,False,False,33.71820831298828,36.55535125732422,False,35.280487060546875,20.077478408813477
2145.0,False,True,33.71336364746094,36.54814529418945,False,35.280487060546875,20.077478408813477
2145.5,False,False,33.70851516723633,36.540950775146484,False,35.280487060546875,20.077478408813477
2146.0,False,False,33.70366287231445,36.53376007080078,False,35.280487060546875,20.077478408813477
2146.5,False,False,33.69881057739258,36.526573181152344,False,35.280487060546875,20.077478408813477
2147.0,False,False,33.6939582824707,36.51939392089844,False,35.280487060546875,20.077478408813477
2147.5,False,False,33.68910217285156,36.51222229003906,False,35.280487060546875,20.077478408813477
2148.0,False,True,33.684242248535156,36.50505447387695,False,35.280487060546875,20.077478408813477
2148.5,False,False,33.67938232421875,36.497894287109375,False,35.280487060546875,20.077478408813477
2149.0,False,False,33.674522399902344,36.49073791503906,False,35.280487060546875,20.077478408813477
2149.5,False,False,33.66965866088867,36.48358917236328,False,35.280487060546875,20.077478408813477
2150.0,False,False,33.664791107177734,36.476444244384766,False,35.280487060546875,20.077478408813477
2150.5,False,False,33.6599235534668,36.46930694580078,False,35.280487060546875,20.077478408813477
2151.0,False,True,33.65505599975586,36.46217346191406,False,35.280487060546875,20.077478408813477
2151.5,False,False,33.650184631347656,36.455047607421875,False,35.280487060546875,20.077478408813477
2152.0,False,False,33.64530944824219,36.44792556762695,False,35.280487060546875,20.077478408813477
2152.5,False,False,33.64043426513672,36.44081115722656,False,35.280487060546875,20.077478408813477
2153.0,False,False,33.63555908203125,36.43370056152344,False,35.280487060546875,20.077478408813477
2153.5,False,False,33.630680084228516,36.426597595214844,False,35.280487060546875,20.077478408813477
2154.0,False,True,33.62580108642578,36.419498443603516,False,35.280487060546875,20.077478408813477
2154.5,False,False,33.62091827392578,36.41240692138672,False,35.280487060546875,20.077478408813477
2155.0,False,False,33.61603546142578,36.40531921386719,False,35.280487060546875,20.077478408813477
2155.5,False,False,33.611148834228516,36.39823913574219,False,35.280487060546875,20.077478408813477
2156.0,False,False,33.60626220703125,36.39116287231445,False,35.280487060546875,20.077478408813477
2156.5,False,False,33.601375579833984,36.384090423583984,False,35.280487060546875,20.077478408813477
2157.0,False,True,33.59648513793945,36.37702941894531,False,35.280487060546875,20.077478408813477
2157.5,False,False,33.59159469604492,36.36996841430664,False,35.280487060546875,20.077478408813477
2158.0,False,False,33.586700439453125,36.3629150390625,False,35.280487060546875,20.077478408813477
2158.5,False,False,33.58180618286133,36.355865478515625,False,35.280487060546875,20.077478408813477
2159.0,False,False,33.576908111572266,36.34882354736328,False,35.280487060546875,20.077478408813477
2159.5,False,False,33.57201385498047,36.3417854309082,False,35.280487060546875,20.077478408813477
2160.0,False,True,33.567115783691406,36.334754943847656,False,35.280487060546875,20.077478408813477
2160.5,False,False,33.56221389770508,36.327728271484375,False,35.280487060546875,20.077478408813477
2161.0,False,False,33.55731201171875,36.320709228515625,False,35.280487060546875,20.077478408813477
2161.5,False,False,33.55241012573242,36.313690185546875,False,35.280487060546875,20.077478408813477
2162.0,False,False,33.54750442504883,36.30668258666992,False,35.280487060546875,20.077478408813477
2162.5,False,False,33.5426025390625,36.29967498779297,False,35.280487060546875,20.077478408813477
2163.0,False,True,33.53769302368164,36.29267883300781,False,35.280487060546875,20.077478408813477
2163.5,False,False,33.53278732299805,36.285682678222656,False,35.280487060546875,20.077478408813477
2164.0,False,False,33.52787780761719,36.27869415283203,False,35.280487060546875,20.077478408813477
2164.5,False,False,33.52296829223633,36.27170944213867,False,35.280487060546875,20.077478408813477
2165.0,False,False,33.5180549621582,36.264732360839844,False,35.280487060546875,20.077478408813477
2165.5,False,False,33.51314163208008,36.25775909423828,False,35.280487060546875,20.077478408813477
2166.0,False,True,33.50822830200195,36.250789642333984,False,35.280487060546875,20.077478408813477
2166.5,False,False,33.50331497192383,36.24382781982422,False,35.280487060546875,20.077478408813477
2167.0,False,False,33.49839782714844,36.23686981201172,False,35.280487060546875,20.077478408813477
2167.5,False,False,33.49348068237305,36.22991943359375,False,35.280487060546875,20.077478408813477
2168.0,False,False,33.488563537597656,36.22296905517578,False,35.280487060546875,20.077478408813477
2168.5,False,False,33.483642578125,36.21603012084961,False,35.280487060546875,20.077478408813477
2169.0,False,True,33.47872543334961,36.20909118652344,False,35.280487060546875,20.077478408813477
2169.5,False,False,33.47380447387695,36.2021598815918,False,35.280487060546875,20.077478408813477
2170.0,False,False,33.46887969970703,36.19523239135742,False,35.280487060546875,20.077478408813477
2170.5,False,False,33.463958740234375,36.18831253051758,False,35.280487060546875,20.077478408813477
2171.0,False,False,33.45903396606445,36.181396484375,False,35.280487060546875,20.077478408813477
2171.5,False,False,33.45410919189453,36.17448425292969,False,35.280487060546875,20.077478408813477
2172.0,False,True,33.44918441772461,36.16757583618164,False,35.280487060546875,20.077478408813477
2172.5,False,False,33.44425582885742,36.160675048828125,False,35.280487060546875,20.077478408813477
2173.0,False,False,33.439327239990234,36.153778076171875,False,35.280487060546875,20.077478408813477
2173.5,False,False,33.43439865112305,36.146888732910156,False,35.280487060546875,20.077478408813477
2174.0,False,False,33.42947006225586,36.1400032043457,False,35.280487060546875,20.077478408813477
2174.5,False,False,33.42454147338867,36.133121490478516,False,35.280487060546875,20.077478408813477
2175.0,False,True,33.41960906982422,36.126243591308594,False,35.280487060546875,20.077478408813477
2175.5,False,False,33.414676666259766,36.1193733215332,False,35.280487060546875,20.077478408813477
2176.0,False,False,33.40974807739258,36.11250686645508,False,35.280487060546875,20.077478408813477
2176.5,False,False,33.40481185913086,36.10564422607422,False,35.280487060546875,20.077478408813477
2177.0,False,False,33.399879455566406,36.098785400390625,False,35.280487060546875,20.077478408813477
2177.5,False,False,33.39494323730469,36.09193420410156,False,35.280487060546875,20.077478408813477
2178.0,False,True,33.390010833740234,36.085086822509766,False,35.280487060546875,20.077478408813477
2178.5,False,False,33.385074615478516,36.0782470703125,False,35.280487060546875,20.077478408813477
2179.0,False,False,33.3801383972168,36.071407318115234,False,35.280487060546875,20.077478408813477
2179.5,False,False,33.37520217895508,36.0645751953125,False,35.280487060546875,20.077478408813477
2180.0,False,False,33.370262145996094,36.05774688720703,False,35.280487060546875,20.077478408813477
2180.5,False,False,33.365325927734375,36.050926208496094,False,35.280487060546875,20.077478408813477
2181.0,False,True,33.36038589477539,36.044105529785156,False,35.280487060546875,20.077478408813477
2181.5,False,False,33.355445861816406,36.03729248046875,False,35.280487060546875,20.077478408813477
2182.0,False,False,33.35050582885742,36.030487060546875,False,35.280487060546875,20.077478408813477
2182.5,False,False,33.34556579589844,36.023681640625,False,35.280487060546875,20.077478408813477
2183.0,False,False,33.34062576293945,36.016883850097656,False,35.280487060546875,20.077478408813477
2183.5,False,False,33.33568572998047,36.01008605957031,False,35.280487060546875,20.077478408813477
2184.0,False,True,33.33074188232422,36.003299713134766,False,35.280487060546875,20.077478408813477
2184.5,False,False,33.32579803466797,35.99651336669922,False,35.280487060546875,20.077478408813477
2185.0,False,False,33.320858001708984,35.9897346496582,False,35.280487060546875,20.077478408813477
2185.5,False,False,33.315914154052734,35.98295593261719,False,35.280487060546875,20.077478408813477
2186.0,False,False,33.310970306396484,35.9761848449707,False,35.280487060546875,20.077478408813477
2186.5,False,False,33.306026458740234,35.96942138671875,False,35.280487060546875,20.077478408813477
2187.0,False,True,33.301082611083984,35.9626579284668,False,35.280487060546875,20.077478408813477
2187.5,False,False,33.296138763427734,35.955902099609375,False,35.280487060546875,20.077478408813477
2188.0,False,False,33.29119110107422,35.94915008544922,False,35.280487060546875,20.077478408813477
2188.5,False,False,33.28624725341797,35.94240188598633,False,35.280487060546875,20.077478408813477
2189.0,False,False,33.28130340576172,35.9356575012207,False,35.280487060546875,20.077478408813477
2189.5,False,False,33.2763557434082,35.928916931152344,False,35.280487060546875,20.077478408813477
2190.0,False,True,33.27141189575195,35.922183990478516,False,35.280487060546875,20.077478408813477
2190.5,False,False,33.26646423339844,35.91545486450195,False,35.280487060546875,20.077478408813477
2191.0,False,False,33.26151657104492,35.908729553222656,False,35.280487060546875,20.077478408813477
2191.5,False,False,33.256568908691406,35.902008056640625,False,35.280487060546875,20.077478408813477
2192.0,False,False,33.251625061035156,35.895294189453125,False,35.280487060546875,20.077478408813477
2192.5,False,False,33.24667739868164,35.888580322265625,False,35.280487060546875,20.077478408813477
2193.0,False,True,33.241729736328125,35.881874084472656,False,35.280487060546875,20.077478408813477
2193.5,False,False,33.23678207397461,35.87517166137695,False,35.280487060546875,20.077478408813477
2194.0,False,False,33.231834411621094,35.868473052978516,False,35.280487060546875,20.077478408813477
2194.5,False,False,33.22688674926758,35.861778259277344,False,35.280487060546875,20.077478408813477
2195.0,False,False,33.22193908691406,35.8550910949707,False,35.280487060546875,20.077478408813477
2195.5,False,False,33.21698760986328,35.84840393066406,False,35.280487060546875,20.077478408813477
2196.0,False,True,33.212039947509766,35.84172439575195,False,35.280487060546875,20.077478408813477
2196.5,False,False,33.20709228515625,35.83504867553711,False,35.280487060546875,20.077478408813477
2197.0,False,False,33.202144622802734,35.82837677001953,False,35.280487060546875,20.077478408813477
2197.5,False,False,33.19719696044922,35.82170867919922,False,35.280487060546875,20.077478408813477
2198.0,False,False,33.1922492980957,35.81504440307617,False,35.280487060546875,20.077478408813477
2198.5,False,False,33.18729782104492,35.808387756347656,False,35.280487060546875,20.077478408813477
2199.0,False,True,33.182350158691406,35.80173110961914,False,35.280487060546875,20.077478408813477
2199.5,False,False,33.17740249633789,35.795082092285156,False,35.280487060546875,20.077478408813477
2200.0,False,False,33.172454833984375,35.78843688964844,False,35.280487060546875,20.077478408813477
2200.5,False,False,33.16750717163086,35.781795501708984,False,35.280487060546875,20.077478408813477
2201.0,False,False,33.16255569458008,35.7751579284668,False,35.280487060546875,20.077478408813477
2201.5,False,False,33.15760803222656,35.768524169921875,False,35.280487060546875,20.077478408813477
2202.0,False,True,33.15266036987305,35.761898040771484,False,35.280487060546875,20.077478408813477
2202.5,False,False,33.14771270751953,35.755271911621094,False,35.280487060546875,20.077478408813477
2203.0,False,False,33.142765045166016,35.748653411865234,False,35.280487060546875,20.077478408813477
2203.5,False,False,33.1378173828125,35.742034912109375,False,35.280487060546875,20.077478408813477
2204.0,False,False,33.132869720458984,35.73542404174805,False,35.280487060546875,20.077478408813477
2204.5,False,False,33.12792205810547,35.728816986083984,False,35.280487060546875,20.077478408813477
2205.0,False,True,33.12297439575195,35.72221374511719,False,35.280487060546875,20.077478408813477
2205.5,False,False,33.11802673339844,35.715614318847656,False,35.280487060546875,20.077478408813477
2206.0,False,False,33.11307907104492,35.709022521972656,False,35.280487060546875,20.077478408813477
2206.5,False,False,33.108131408691406,35.702430725097656,False,35.280487060546875,20.077478408813477
2207.0,False,False,33.10318374633789,35.69584274291992,False,35.280487060546875,20.077478408813477
2207.5,False,False,33.09823989868164,35.68926239013672,False,35.280487060546875,20.077478408813477
2208.0,False,True,33.093292236328125,35.68268585205078,False,35.280487060546875,20.077478408813477
2208.5,False,False,33.08834457397461,35.676109313964844,False,35.280487060546875,20.077478408813477
2209.0,False,False,33.08340072631836,35.66954040527344,False,35.280487060546875,20.077478408813477
2209.5,False,False,33.078453063964844,35.6629753112793,False,35.280487060546875,20.077478408813477
2210.0,False,False,33.073509216308594,35.65641403198242,False,35.280487060546875,20.077478408813477
2210.5,False,False,33.068565368652344,35.64985656738281,False,35.280487060546875,20.077478408813477
2211.0,False,True,33.06361770629883,35.64330291748047,False,35.280487060546875,20.077478408813477
2211.5,False,False,33.05867385864258,35.63675308227539,False,35.280487060546875,20.077478408813477
2212.0,False,False,33.05373001098633,35.63020706176758,False,35.280487060546875,20.077478408813477
2212.5,False,False,33.04878616333008,35.6236686706543,False,35.280487060546875,20.077478408813477
2213.0,False,False,33.04384231567383,35.617130279541016,False,35.280487060546875,20.077478408813477
2213.5,False,False,33.03889846801758,35.610595703125,False,35.280487060546875,20.077478408813477
2214.0,False,True,33.033958435058594,35.604068756103516,False,35.280487060546875,20.077478408813477
2214.5,False,False,33.029014587402344,35.59754180908203,False,35.280487060546875,20.077478408813477
2215.0,False,False,33.02407455444336,35.59102249145508,False,35.280487060546875,20.077478408813477
2215.5,False,False,33.01913070678711,35.58450698852539,False,35.280487060546875,20.077478408813477
2216.0,False,False,33.014190673828125,35.5779914855957,False,35.280487060546875,20.077478408813477
2216.5,False,False,33.00925064086914,35.57148361206055,False,35.280487060546875,20.077478408813477
2217.0,False,True,33.00430679321289,35.564979553222656,False,35.280487060546875,20.077478408813477
2217.5,False,False,32.999366760253906,35.55847930908203,False,35.280487060546875,20.077478408813477
2218.0,False,False,32.99443054199219,35.551979064941406,False,35.280487060546875,20.077478408813477
2218.5,False,False,32.9894905090332,35.54548645019531,False,35.280487060546875,20.077478408813477
2219.0,False,False,32.98455047607422,35.538997650146484,False,35.280487060546875,20.077478408813477
2219.5,False,False,32.9796142578125,35.53251266479492,False,35.280487060546875,20.077478408813477
2220.0,False,True,32.974674224853516,35.526031494140625,False,35.280487060546875,20.077478408813477
2220.5,False,False,32.9697380065918,35.519554138183594,False,35.280487060546875,20.077478408813477
2221.0,False,False,32.96480178833008,35.51308059692383,False,35.280487060546875,20.077478408813477
2221.5,False,False,32.95986557006836,35.50661087036133,False,35.280487060546875,20.077478408813477
2222.0,False,False,32.95492935180664,35.500144958496094,False,35.280487060546875,20.077478408813477
2222.5,False,False,32.94999694824219,35.493682861328125,False,35.280487060546875,20.077478408813477
2223.0,False,True,32.94506072998047,35.48722839355469,False,35.280487060546875,20.077478408813477
2223.5,False,False,32.940128326416016,35.48077392578125,False,35.280487060546875,20.077478408813477
2224.0,False,False,32.9351921081543,35.47432327270508,False,35.280487060546875,20.077478408813477
2224.5,False,False,32.930259704589844,35.46787643432617,False,35.280487060546875,20.077478408813477
2225.0,False,False,32.92532730102539,35.46143341064453,False,35.280487060546875,20.077478408813477
2225.5,False,False,32.9203987121582,35.454994201660156,False,35.280487060546875,20.077478408813477
2226.0,False,True,32.91546630859375,35.44855880737305,False,35.280487060546875,20.077478408813477
2226.5,False,False,32.9105339050293,35.44213104248047,False,35.280487060546875,20.077478408813477
2227.0,False,False,32.90560531616211,35.43570327758789,False,35.280487060546875,20.077478408813477
2227.5,False,False,32.90067672729492,35.42927932739258,False,35.280487060546875,20.077478408813477
2228.0,False,False,32.895748138427734,35.42285919189453,False,35.280487060546875,20.077478408813477
2228.5,False,False,32.89081954956055,35.41644287109375,False,35.280487060546875,20.077478408813477
2229.0,False,True,32.885894775390625,35.410030364990234,False,35.280487060546875,20.077478408813477
2229.5,False,False,32.88096618652344,35.40362548828125,False,35.280487060546875,20.077478408813477
2230.0,False,False,32.876041412353516,35.397220611572266,False,35.280487060546875,20.077478408813477
2230.5,False,False,32.871116638183594,35.39081954956055,False,35.280487060546875,20.077478408813477
2231.0,False,False,32.86619186401367,35.384422302246094,False,35.280487060546875,20.077478408813477
2231.5,False,False,32.86126708984375,35.378028869628906,False,35.280487060546875,20.077478408813477
2232.0,False,True,32.856346130371094,35.371639251708984,False,35.280487060546875,20.077478408813477
2232.5,False,False,32.85142135620117,35.36525344848633,False,35.280487060546875,20.077478408813477
2233.0,False,False,32.846500396728516,35.35887145996094,False,35.280487060546875,20.077478408813477
2233.5,False,False,32.84157943725586,35.35249328613281,False,35.280487060546875,20.077478408813477
2234.0,False,False,32.83666229248047,35.34611892700195,False,35.280487060546875,20.077478408813477
2234.5,False,False,32.83174133300781,35.33974838256836,False,35.280487060546875,20.077478408813477
2235.0,False,True,32.82682418823242,35.33338165283203,False,35.280487060546875,20.077478408813477
2235.5,False,False,32.82190704345703,35.3270149230957,False,35.280487060546875,20.077478408813477
2236.0,False,False,32.81698989868164,35.320655822753906,False,35.280487060546875,20.077478408813477
2236.5,False,False,32.81207275390625,35.314300537109375,False,35.280487060546875,20.077478408813477
2237.0,False,False,32.80715560913086,35.30794906616211,False,35.280487060546875,20.077478408813477
2237.5,False,False,32.802242279052734,35.301597595214844,False,35.280487060546875,20.077478408813477
2238.0,False,True,32.79732894897461,35.29525375366211,False,35.280487060546875,20.077478408813477
2238.5,False,False,32.792415618896484,35.288909912109375,False,35.280487060546875,20.077478408813477
2239.0,False,False,32.78750228881836,35.28257369995117,False,35.280487060546875,20.077478408813477
2239.5,False,False,32.7825927734375,35.27623748779297,False,35.280487060546875,20.077478408813477
2240.0,False,False,32.77768325805664,35.2699089050293,False,35.280487060546875,20.077478408813477
2240.5,False,False,32.77277374267578,35.263580322265625,False,35.280487060546875,20.077478408813477
2241.0,False,True,32.76786422729492,35.257259368896484,False,35.280487060546875,20.077478408813477
2241.5,False,False,32.76295471191406,35.250938415527344,False,35.280487060546875,20.077478408813477
2242.0,False,False,32.75804901123047,35.24462127685547,False,35.280487060546875,20.077478408813477
2242.5,False,False,32.753143310546875,35.23830795288086,False,35.280487060546875,20.077478408813477
2243.0,False,False,32.74823760986328,35.231998443603516,False,35.280487060546875,20.077478408813477
2243.5,False,False,32.74333190917969,35.22569274902344,False,35.280487060546875,20.077478408813477
2244.0,False,True,32.73843002319336,35.219390869140625,False,35.280487060546875,20.077478408813477
2244.5,False,False,32.73352813720703,35.21309280395508,False,35.280487060546875,20.077478408813477
2245.0,False,False,32.7286262512207,35.2067985534668,False,35.280487060546875,20.077478408813477
2245.5,False,False,32.723724365234375,35.200504302978516,False,35.280487060546875,20.077478408813477
2246.0,False,False,32.71882629394531,35.194217681884766,False,35.280487060546875,20.077478408813477
2246.5,False,False,32.71392822265625,35.18793487548828,False,35.280487060546875,20.077478408813477
2247.0,False,True,32.70903015136719,35.1816520690918,False,35.280487060546875,20.077478408813477
2247.5,False,False,32.704132080078125,35.175376892089844,False,35.280487060546875,20.077478408813477
2248.0,False,False,32.69923782348633,35.16910171508789,False,35.280487060546875,20.077478408813477
2248.5,False,False,32.69434356689453,35.1628303527832,False,35.280487060546875,20.077478408813477
2249.0,False,False,32.689449310302734,35.15656280517578,False,35.280487060546875,20.077478408813477
2249.5,False,False,32.68455505371094,35.150299072265625,False,35.280487060546875,20.077478408813477
2250.0,False,True,32.679664611816406,35.144039154052734,False,35.280487060546875,20.077478408813477
2250.5,False,False,32.674774169921875,35.13778305053711,False,35.280487060546875,20.077478408813477
2251.0,False,False,32.669883728027344,35.13153076171875,False,35.280487060546875,20.077478408813477
2251.5,False,False,32.66499328613281,35.125282287597656,False,35.280487060546875,20.077478408813477
2252.0,False,False,32.66010665893555,35.11903381347656,False,35.280487060546875,20.077478408813477
2252.5,False,False,32.65522003173828,35.11279296875,False,35.280487060546875,20.077478408813477
2253.0,False,True,32.650333404541016,35.10655212402344,False,35.280487060546875,20.077478408813477
2253.5,False,False,32.645450592041016,35.100318908691406,False,35.280487060546875,20.077478408813477
2254.0,False,False,32.64056396484375,35.094085693359375,False,35.280487060546875,20.077478408813477
2254.5,False,False,32.63568115234375,35.08785629272461,False,35.280487060546875,20.077478408813477
2255.0,False,False,32.630802154541016,35.08163070678711,False,35.280487060546875,20.077478408813477
2255.5,False,False,32.625919342041016,35.075408935546875,False,35.280487060546875,20.077478408813477
2256.0,False,True,32.62104034423828,35.069190979003906,False,35.280487060546875,20.077478408813477
2256.5,False,False,32.61616134643555,35.06297302246094,False,35.280487060546875,20.077478408813477
2257.0,False,False,32.61128616333008,35.0567626953125,False,35.280487060546875,20.077478408813477
2257.5,False,False,32.60641098022461,35.05055618286133,False,35.280487060546875,20.077478408813477
2258.0,False,False,32.60153579711914,35.044349670410156,False,35.280487060546875,20.077478408813477
2258.5,False,False,32.59666061401367,35.03814697265625,False,35.280487060546875,20.077478408813477
2259.0,False,True,32.59178924560547,35.03194808959961,False,35.280487060546875,20.077478408813477
2259.5,False,False,32.5869140625,35.025753021240234,False,35.280487060546875,20.077478408813477
2260.0,False,False,32.58204650878906,35.019561767578125,False,35.280487060546875,20.077478408813477
2260.5,False,False,32.57717514038086,35.01337432861328,False,35.280487060546875,20.077478408813477
2261.0,False,False,32.57230758666992,35.0071907043457,False,35.280487060546875,20.077478408813477
2261.5,False,False,32.567440032958984,35.001007080078125,False,35.280487060546875,20.077478408813477
2262.0,False,True,32.56257247924805,34.99483108520508,False,35.280487060546875,20.077478408813477
2262.5,False,False,32.557708740234375,34.98865509033203,False,35.280487060546875,20.077478408813477
2263.0,False,False,32.5528450012207,34.98248291015625,False,35.280487060546875,20.077478408813477
2263.5,False,False,32.54798126220703,34.976314544677734,False,35.280487060546875,20.077478408813477
2264.0,False,False,32.543121337890625,34.970149993896484,False,35.280487060546875,20.077478408813477
2264.5,False,False,32.53826141357422,34.9639892578125,False,35.280487060546875,20.077478408813477
2265.0,False,True,32.53340148925781,34.957828521728516,False,35.280487060546875,20.077478408813477
2265.5,False,False,32.528541564941406,34.95167541503906,False,35.280487060546875,20.077478408813477
2266.0,False,False,32.523685455322266,34.94552230834961,False,35.280487060546875,20.077478408813477
2266.5,False,False,32.518829345703125,34.93937301635742,False,35.280487060546875,20.077478408813477
2267.0,False,False,32.51397705078125,34.9332275390625,False,35.280487060546875,20.077478408813477
2267.5,False,False,32.50912094116211,34.927085876464844,False,35.280487060546875,20.077478408813477
2268.0,False,True,32.5042724609375,34.92094802856445,False,35.280487060546875,20.077478408813477
2268.5,False,False,32.499420166015625,34.91481399536133,False,35.280487060546875,20.077478408813477
2269.0,False,False,32.494571685791016,34.9086799621582,False,35.280487060546875,20.077478408813477
2269.5,False,False,32.489723205566406,34.90255355834961,False,35.280487060546875,20.077478408813477
2270.0,False,False,32.4848747253418,34.896427154541016,False,35.280487060546875,20.077478408813477
2270.5,False,False,32.48003005981445,34.89030456542969,False,35.280487060546875,20.077478408813477
2271.0,False,True,32.47518539428711,34.884185791015625,False,35.280487060546875,20.077478408813477
2271.5,False,False,32.470340728759766,34.87806701660156,False,35.280487060546875,20.077478408813477
2272.0,False,False,32.46549987792969,34.87195587158203,False,35.280487060546875,20.077478408813477
2272.5,False,False,32.46065902709961,34.8658447265625,False,35.280487060546875,20.077478408813477
2273.0,False,False,32.45581817626953,34.8597412109375,False,35.280487060546875,20.077478408813477
2273.5,False,False,32.45097732543945,34.8536376953125,False,35.280487060546875,20.077478408813477
2274.0,False,True,32.44614028930664,34.847537994384766,False,35.280487060546875,20.077478408813477
2274.5,False,False,32.441307067871094,34.8414421081543,False,35.280487060546875,20.077478408813477
2275.0,False,False,32.43647003173828,34.83534622192383,False,35.280487060546875,20.077478408813477
2275.5,False,False,32.431636810302734,34.82925796508789,False,35.280487060546875,20.077478408813477
2276.0,False,False,32.42680740356445,34.82316970825195,False,35.280487060546875,20.077478408813477
2276.5,False,False,32.421974182128906,34.81708526611328,False,35.280487060546875,20.077478408813477
2277.0,False,True,32.417144775390625,34.811004638671875,False,35.280487060546875,20.077478408813477
2277.5,False,False,32.41231918334961,34.804927825927734,False,35.280487060546875,20.077478408813477
2278.0,False,False,32.40748977661133,34.79885482788086,False,35.280487060546875,20.077478408813477
2278.5,False,False,32.40266418457031,34.792781829833984,False,35.280487060546875,20.077478408813477
2279.0,False,False,32.39784240722656,34.78671646118164,False,35.280487060546875,20.077478408813477
2279.5,False,False,32.39301681518555,34.7806510925293,False,35.280487060546875,20.077478408813477
2280.0,False,True,32.3881950378418,34.77458953857422,False,35.280487060546875,20.077478408813477
2280.5,False,False,32.38337707519531,34.768531799316406,False,35.280487060546875,20.077478408813477
2281.0,False,False,32.37855529785156,34.762474060058594,False,35.280487060546875,20.077478408813477
2281.5,False,False,32.37373733520508,34.75642395019531,False,35.280487060546875,20.077478408813477
2282.0,False,False,32.36892318725586,34.75037384033203,False,35.280487060546875,20.077478408813477
2282.5,False,False,32.36410903930664,34.744327545166016,False,35.280487060546875,20.077478408813477
2283.0,False,True,32.35929489135742,34.738285064697266,False,35.280487060546875,20.077478408813477
2283.5,False,False,32.3544807434082,34.73224639892578,False,35.280487060546875,20.077478408813477
2284.0,False,False,32.34967041015625,34.7262077331543,False,35.280487060546875,20.077478408813477
2284.5,False,False,32.3448600769043,34.72017288208008,False,35.280487060546875,20.077478408813477
2285.0,False,False,32.34005355834961,34.71414566040039,False,35.280487060546875,20.077478408813477
2285.5,False,False,32.33524703979492,34.7081184387207,False,35.280487060546875,20.077478408813477
2286.0,False,True,32.330440521240234,34.702091217041016,False,35.280487060546875,20.077478408813477
2286.5,False,False,32.32563781738281,34.69607162475586,False,35.280487060546875,20.077478408813477
2287.0,False,False,32.32083511352539,34.6900520324707,False,35.280487060546875,20.077478408813477
2287.5,False,False,32.31603240966797,34.68404006958008,False,35.280487060546875,20.077478408813477
2288.0,False,False,32.31123352050781,34.67802810668945,False,35.280487060546875,20.077478408813477
2288.5,False,False,32.306434631347656,34.672019958496094,False,35.280487060546875,20.077478408813477
2289.0,False,True,32.3016357421875,34.666011810302734,False,35.280487060546875,20.077478408813477
2289.5,False,False,32.29684066772461,34.660011291503906,False,35.280487060546875,20.077478408813477
2290.0,False,False,32.29204559326172,34.65401077270508,False,35.280487060546875,20.077478408813477
2290.5,False,False,32.287254333496094,34.648014068603516,False,35.280487060546875,20.077478408813477
2291.0,False,False,32.28246307373047,34.64202117919922,False,35.280487060546875,20.077478408813477
2291.5,False,False,32.277671813964844,34.63602828979492,False,35.280487060546875,20.077478408813477
2292.0,False,True,32.272884368896484,34.630043029785156,False,35.280487060546875,20.077478408813477
2292.5,False,False,32.268096923828125,34.62405776977539,False,35.280487060546875,20.077478408813477
2293.0,False,False,32.263309478759766,34.61807632446289,False,35.280487060546875,20.077478408813477
2293.5,False,False,32.25852584838867,34.612098693847656,False,35.280487060546875,20.077478408813477
2294.0,False,False,32.25374221801758,34.60612487792969,False,35.280487060546875,20.077478408813477
2294.5,False,False,32.248958587646484,34.60015106201172,False,35.280487060546875,20.077478408813477
2295.0,False,True,32.244178771972656,34.594181060791016,False,35.280487060546875,20.077478408813477
2295.5,False,False,32.239402770996094,34.58821487426758,False,35.280487060546875,20.077478408813477
2296.0,False,False,32.234622955322266,34.582252502441406,False,35.280487060546875,20.077478408813477
2296.5,False,False,32.2298469543457,34.5762939453125,False,35.280487060546875,20.077478408813477
2297.0,False,False,32.225074768066406,34.570335388183594,False,35.280487060546875,20.077478408813477
2297.5,False,False,32.220298767089844,34.56438064575195,False,35.280487060546875,20.077478408813477
2298.0,False,True,32.21553039550781,34.55842971801758,False,35.280487060546875,20.077478408813477
2298.5,False,False,32.210758209228516,34.55248260498047,False,35.280487060546875,20.077478408813477
2299.0,False,False,32.205989837646484,34.546539306640625,False,35.280487060546875,20.077478408813477
2299.5,False,False,32.20122146606445,34.54059600830078,False,35.280487060546875,20.077478408813477
2300.0,False,False,32.19645690917969,34.5346565246582,False,35.280487060546875,20.077478408813477
2300.5,False,False,32.19169235229492,34.52872085571289,False,35.280487060546875,20.077478408813477
2301.0,False,True,32.18693161010742,34.522789001464844,False,35.280487060546875,20.077478408813477
2301.5,False,False,32.18217086791992,34.5168571472168,False,35.280487060546875,20.077478408813477
2302.0,False,False,32.17741012573242,34.510929107666016,False,35.280487060546875,20.077478408813477
2302.5,False,False,32.17264938354492,34.5050048828125,False,35.280487060546875,20.077478408813477
2303.0,False,False,32.16789627075195,34.49908447265625,False,35.280487060546875,20.077478408813477
2303.5,False,False,32.16313934326172,34.4931640625,False,35.280487060546875,20.077478408813477
2304.0,False,True,32.15838623046875,34.48725128173828,False,35.280487060546875,20.077478408813477
2304.5,False,False,32.15363311767578,34.48133850097656,False,35.280487060546875,20.077478408813477
2305.0,False,False,32.14888381958008,34.47542953491211,False,35.280487060546875,20.077478408813477
2305.5,False,False,32.144134521484375,34.469520568847656,False,35.280487060546875,20.077478408813477
2306.0,False,False,32.13938522338867,34.463619232177734,False,35.280487060546875,20.077478408813477
2306.5,False,False,32.134639739990234,34.45771789550781,False,35.280487060546875,20.077478408813477
2307.0,False,True,32.1298942565918,34.451820373535156,False,35.280487060546875,20.077478408813477
2307.5,False,False,32.12514877319336,34.445926666259766,False,35.280487060546875,20.077478408813477
2308.0,False,False,32.12040710449219,34.440032958984375,False,35.280487060546875,20.077478408813477
2308.5,False,False,32.11566925048828,34.43414306640625,False,35.280487060546875,20.077478408813477
2309.0,False,False,32.110931396484375,34.42825698852539,False,35.280487060546875,20.077478408813477
2309.5,False,False,32.10619354248047,34.4223747253418,False,35.280487060546875,20.077478408813477
2310.0,False,True,32.10145568847656,34.4164924621582,False,35.280487060546875,20.077478408813477
2310.5,False,False,32.09672164916992,34.41061782836914,False,35.280487060546875,20.077478408813477
2311.0,False,False,32.09199142456055,34.40474319458008,False,35.280487060546875,20.077478408813477
2311.5,False,False,32.087257385253906,34.39887237548828,False,35.280487060546875,20.077478408813477
2312.0,False,False,32.0825309753418,34.393001556396484,False,35.280487060546875,20.077478408813477
2312.5,False,False,32.07780075073242,34.38713836669922,False,35.280487060546875,20.077478408813477
2313.0,False,True,32.07307434082031,34.38127517700195,False,35.280487060546875,20.077478408813477
2313.5,False,False,32.0683479309082,34.37541198730469,False,35.280487060546875,20.077478408813477
2314.0,False,False,32.06362533569336,34.36955642700195,False,35.280487060546875,20.077478408813477
2314.5,False,False,32.058902740478516,34.36370086669922,False,35.280487060546875,20.077478408813477
2315.0,False,False,32.05418395996094,34.35784912109375,False,35.280487060546875,20.077478408813477
2315.5,False,False,32.04946517944336,34.35200119018555,False,35.280487060546875,20.077478408813477
2316.0,False,True,32.04474639892578,34.34615707397461,False,35.280487060546875,20.077478408813477
2316.5,False,False,32.04003143310547,34.34031295776367,False,35.280487060546875,20.077478408813477
2317.0,False,False,32.03532028198242,34.33447265625,False,35.280487060546875,20.077478408813477
2317.5,False,False,32.03060531616211,34.328636169433594,False,35.280487060546875,20.077478408813477
2318.0,False,False,32.02589416503906,34.32280349731445,False,35.280487060546875,20.077478408813477
2318.5,False,False,32.02118682861328,34.31697082519531,False,35.280487060546875,20.077478408813477
2319.0,False,True,32.0164794921875,34.31114196777344,False,35.280487060546875,20.077478408813477
2319.5,False,False,32.01177215576172,34.30531692504883,False,35.280487060546875,20.077478408813477
2320.0,False,False,32.0070686340332,34.299495697021484,False,35.280487060546875,20.077478408813477
2320.5,False,False,32.00236511230469,34.29367446899414,False,35.280487060546875,20.077478408813477
2321.0,False,False,31.997663497924805,34.28785705566406,False,35.280487060546875,20.077478408813477
2321.5,False,False,31.992961883544922,34.28204345703125,False,35.280487060546875,20.077478408813477
2322.0,False,True,31.988264083862305,34.2762336730957,False,35.280487060546875,20.077478408813477
2322.5,False,False,31.98356819152832,34.270423889160156,False,35.280487060546875,20.077478408813477
2323.0,False,False,31.978872299194336,34.264617919921875,False,35.280487060546875,20.077478408813477
2323.5,False,False,31.974178314208984,34.25881576538086,False,35.280487060546875,20.077478408813477
2324.0,False,False,31.969486236572266,34.253013610839844,False,35.280487060546875,20.077478408813477
2324.5,False,False,31.96479606628418,34.247215270996094,False,35.280487060546875,20.077478408813477
2325.0,False,True,31.960107803344727,34.24142074584961,False,35.280487060546875,20.077478408813477
2325.5,False,False,31.955421447753906,34.23563003540039,False,35.280487060546875,20.077478408813477
2326.0,False,False,31.950735092163086,34.22984313964844,False,35.280487060546875,20.077478408813477
2326.5,False,False,31.9460506439209,34.224056243896484,False,35.280487060546875,20.077478408813477
2327.0,False,False,31.941368103027344,34.2182731628418,False,35.280487060546875,20.077478408813477
2327.5,False,False,31.936687469482422,34.21249008178711,False,35.280487060546875,20.077478408813477
2328.0,False,True,31.932008743286133,34.20671463012695,False,35.280487060546875,20.077478408813477
2328.5,False,False,31.927331924438477,34.2009391784668,False,35.280487060546875,20.077478408813477
2329.0,False,False,31.92265510559082,34.195167541503906,False,35.280487060546875,20.077478408813477
2329.5,False,False,31.91798210144043,34.189395904541016,False,35.280487060546875,20.077478408813477
2330.0,False,False,31.91330909729004,34.183631896972656,False,35.280487060546875,20.077478408813477
2330.5,False,False,31.90863800048828,34.1778678894043,False,35.280487060546875,20.077478408813477
2331.0,False,True,31.903968811035156,34.1721076965332,False,35.280487060546875,20.077478408813477
2331.5,False,False,31.89929962158203,34.16634750366211,False,35.280487060546875,20.077478408813477
2332.0,False,False,31.894634246826172,34.16059112548828,False,35.280487060546875,20.077478408813477
2332.5,False,False,31.889968872070312,34.15483856201172,False,35.280487060546875,20.077478408813477
2333.0,False,False,31.88530731201172,34.14908981323242,False,35.280487060546875,20.077478408813477
2333.5,False,False,31.880645751953125,34.143341064453125,False,35.280487060546875,20.077478408813477
2334.0,False,True,31.875986099243164,34.137596130371094,False,35.280487060546875,20.077478408813477
2334.5,False,False,31.871328353881836,34.13185501098633,False,35.280487060546875,20.077478408813477
2335.0,False,False,31.866670608520508,34.12611770629883,False,35.280487060546875,20.077478408813477
2335.5,False,False,31.862016677856445,34.12038040161133,False,35.280487060546875,20.077478408813477
2336.0,False,False,31.857362747192383,34.114646911621094,False,35.280487060546875,20.077478408813477
2336.5,False,False,31.852712631225586,34.108917236328125,False,35.280487060546875,20.077478408813477
2337.0,False,True,31.84806251525879,34.103187561035156,False,35.280487060546875,20.077478408813477
2337.5,False,False,31.843414306640625,34.09746170043945,False,35.280487060546875,20.077478408813477
2338.0,False,False,31.838768005371094,34.091739654541016,False,35.280487060546875,20.077478408813477
2338.5,False,False,31.834121704101562,34.086021423339844,False,35.280487060546875,20.077478408813477
2339.0,False,False,31.829479217529297,34.08030319213867,False,35.280487060546875,20.077478408813477
2339.5,False,False,31.82483673095703,34.074588775634766,False,35.280487060546875,20.077478408813477
2340.0,False,True,31.82019805908203,34.068878173828125,False,35.280487060546875,20.077478408813477
2340.5,False,False,31.81555938720703,34.063167572021484,False,35.280487060546875,20.077478408813477
2341.0,False,False,31.810922622680664,34.057464599609375,False,35.280487060546875,20.077478408813477
2341.5,False,False,31.80628776550293,34.0517578125,False,35.280487060546875,20.077478408813477
2342.0,False,False,31.801654815673828,34.046058654785156,False,35.280487060546875,20.077478408813477
2342.5,False,False,31.797021865844727,34.04035949707031,False,35.280487060546875,20.077478408813477
2343.0,False,True,31.79239273071289,34.034664154052734,False,35.280487060546875,20.077478408813477
2343.5,False,False,31.787763595581055,34.02897262573242,False,35.280487060546875,20.077478408813477
2344.0,False,False,31.783138275146484,34.02328109741211,False,35.280487060546875,20.077478408813477
2344.5,False,False,31.778512954711914,34.01759719848633,False,35.280487060546875,20.077478408813477
2345.0,False,False,31.773889541625977,34.01190948486328,False,35.280487060546875,20.077478408813477
2345.5,False,False,31.769268035888672,34.006229400634766,False,35.280487060546875,20.077478408813477
2346.0,False,True,31.764646530151367,34.00054931640625,False,35.280487060546875,20.077478408813477
2346.5,False,False,31.760028839111328,33.994873046875,False,35.280487060546875,20.077478408813477
2347.0,False,False,31.755413055419922,33.989200592041016,False,35.280487060546875,20.077478408813477
2347.5,False,False,31.750797271728516,33.98352813720703,False,35.280487060546875,20.077478408813477
2348.0,False,False,31.746183395385742,33.97785949707031,False,35.280487060546875,20.077478408813477
2348.5,False,False,31.7415714263916,33.97219467163086,False,35.280487060546875,20.077478408813477
2349.0,False,True,31.736961364746094,33.966529846191406,False,35.280487060546875,20.077478408813477
2349.5,False,False,31.73235321044922,33.960872650146484,False,35.280487060546875,20.077478408813477
2350.0,False,False,31.727746963500977,33.95521545410156,False,35.280487060546875,20.077478408813477
2350.5,False,False,31.723142623901367,33.94955825805664,False,35.280487060546875,20.077478408813477
2351.0,False,False,31.71854019165039,33.943904876708984,False,35.280487060546875,20.077478408813477
2351.5,False,False,31.713937759399414,33.938255310058594,False,35.280487060546875,20.077478408813477
2352.0,False,True,31.70933723449707,33.93260955810547,False,35.280487060546875,20.077478408813477
2352.5,False,False,31.704740524291992,33.926963806152344,False,35.280487060546875,20.077478408813477
2353.0,False,False,31.700143814086914,33.921321868896484,False,35.280487060546875,20.077478408813477
2353.5,False,False,31.69554901123047,33.91568374633789,False,35.280487060546875,20.077478408813477
2354.0,False,False,31.690956115722656,33.91004943847656,False,35.280487060546875,20.077478408813477
2354.5,False,False,31.686363220214844,33.904415130615234,False,35.280487060546875,20.077478408813477
2355.0,False,True,31.681774139404297,33.89878463745117,False,35.280487060546875,20.077478408813477
2355.5,False,False,31.67718505859375,33.89315414428711,False,35.280487060546875,20.077478408813477
2356.0,False,False,31.67259979248047,33.88752746582031,False,35.280487060546875,20.077478408813477
2356.5,False,False,31.668014526367188,33.88190460205078,False,35.280487060546875,20.077478408813477
2357.0,False,False,31.66343116760254,33.876285552978516,False,35.280487060546875,20.077478408813477
2357.5,False,False,31.658851623535156,33.87066650390625,False,35.280487060546875,20.077478408813477
2358.0,False,True,31.654272079467773,33.86505126953125,False,35.280487060546875,20.077478408813477
2358.5,False,False,31.64969253540039,33.859439849853516,False,35.280487060546875,20.077478408813477
2359.0,False,False,31.645116806030273,33.85382843017578,False,35.280487060546875,20.077478408813477
2359.5,False,False,31.64054298400879,33.84822082519531,False,35.280487060546875,20.077478408813477
2360.0,False,False,31.635969161987305,33.84261703491211,False,35.280487060546875,20.077478408813477
2360.5,False,False,31.631399154663086,33.837013244628906,False,35.280487060546875,20.077478408813477
2361.0,False,True,31.626829147338867,33.83141326904297,False,35.280487060546875,20.077478408813477
2361.5,False,False,31.622262954711914,33.8258171081543,False,35.280487060546875,20.077478408813477
2362.0,False,False,31.61769676208496,33.82022476196289,False,35.280487060546875,20.077478408813477
2362.5,False,False,31.61313247680664,33.814632415771484,False,35.280487060546875,20.077478408813477
2363.0,False,False,31.608570098876953,33.809043884277344,False,35.280487060546875,20.077478408813477
2363.5,False,False,31.604007720947266,33.8034553527832,False,35.280487060546875,20.077478408813477
2364.0,False,True,31.599449157714844,33.79787063598633,False,35.280487060546875,20.077478408813477
2364.5,False,False,31.594892501831055,33.79228973388672,False,35.280487060546875,20.077478408813477
2365.0,False,False,31.590335845947266,33.786712646484375,False,35.280487060546875,20.077478408813477
2365.5,False,False,31.585783004760742,33.78113555908203,False,35.280487060546875,20.077478408813477
2366.0,False,False,31.58123016357422,33.77556228637695,False,35.280487060546875,20.077478408813477
2366.5,False,False,31.576679229736328,33.76999282836914,False,35.280487060546875,20.077478408813477
2367.0,False,True,31.57213020324707,33.76442337036133,False,35.280487060546875,20.077478408813477
2367.5,False,False,31.567583084106445,33.75885772705078,False,35.280487060546875,20.077478408813477
2368.0,False,False,31.563037872314453,33.7532958984375,False,35.280487060546875,20.077478408813477
2368.5,False,False,31.558494567871094,33.74773406982422,False,35.280487060546875,20.077478408813477
2369.0,False,False,31.553953170776367,33.7421760559082,False,35.280487060546875,20.077478408813477
2369.5,False,False,31.549413681030273,33.73662185668945,False,35.280487060546875,20.077478408813477
2370.0,False,True,31.54487419128418,33.7310676574707,False,35.280487060546875,20.077478408813477
2370.5,False,False,31.54033851623535,33.72551727294922,False,35.280487060546875,20.077478408813477
2371.0,False,False,31.535802841186523,33.719970703125,False,35.280487060546875,20.077478408813477
2371.5,False,False,31.531269073486328,33.71442413330078,False,35.280487060546875,20.077478408813477
2372.0,False,False,31.526737213134766,33.70888137817383,False,35.280487060546875,20.077478408813477
2372.5,False,False,31.522207260131836,33.70334243774414,False,35.280487060546875,20.077478408813477
2373.0,False,True,31.51767921447754,33.69780349731445,False,35.280487060546875,20.077478408813477
2373.5,False,False,31.513153076171875,33.69226837158203,False,35.280487060546875,20.077478408813477
2374.0,False,False,31.508628845214844,33.686737060546875,False,35.280487060546875,20.077478408813477
2374.5,False,False,31.504106521606445,33.681209564208984,False,35.280487060546875,20.077478408813477
2375.0,False,False,31.499584197998047,33.675682067871094,False,35.280487060546875,20.077478408813477
2375.5,False,False,31.495065689086914,33.6701545715332,False,35.280487060546875,20.077478408813477
2376.0,False,True,31.49054718017578,33.664634704589844,False,35.280487060546875,20.077478408813477
2376.5,False,False,31.48603057861328,33.659114837646484,False,35.280487060546875,20.077478408813477
2377.0,False,False,31.481517791748047,33.65359878540039,False,35.280487060546875,20.077478408813477
2377.5,False,False,31.477005004882812,33.6480827331543,False,35.280487060546875,20.077478408813477
2378.0,False,False,31.47249412536621,33.64257049560547,False,35.280487060546875,20.077478408813477
2378.5,False,False,31.467985153198242,33.637062072753906,False,35.280487060546875,20.077478408813477
2379.0,False,True,31.463478088378906,33.631553649902344,False,35.280487060546875,20.077478408813477
2379.5,False,False,31.45897102355957,33.62605285644531,False,35.280487060546875,20.077478408813477
2380.0,False,False,31.4544677734375,33.620548248291016,False,35.280487060546875,20.077478408813477
2380.5,False,False,31.449966430664062,33.61505126953125,False,35.280487060546875,20.077478408813477
2381.0,False,False,31.445465087890625,33.609554290771484,False,35.280487060546875,20.077478408813477
2381.5,False,False,31.440967559814453,33.604061126708984,False,35.280487060546875,20.077478408813477
2382.0,False,True,31.43647003173828,33.598567962646484,False,35.280487060546875,20.077478408813477
2382.5,False,False,31.431974411010742,33.59307861328125,False,35.280487060546875,20.077478408813477
2383.0,False,False,31.427480697631836,33.58759307861328,False,35.280487060546875,20.077478408813477
2383.5,False,False,31.422988891601562,33.58210754394531,False,35.280487060546875,20.077478408813477
2384.0,False,False,31.418498992919922,33.57662582397461,False,35.280487060546875,20.077478408813477
2384.5,False,False,31.414011001586914,33.57114791870117,False,35.280487060546875,20.077478408813477
2385.0,False,True,31.40952491760254,33.565670013427734,False,35.280487060546875,20.077478408813477
2385.5,False,False,31.405040740966797,33.56019592285156,False,35.280487060546875,20.077478408813477
2386.0,False,False,31.400556564331055,33.554725646972656,False,35.280487060546875,20.077478408813477
2386.5,False,False,31.396076202392578,33.54925537109375,False,35.280487060546875,20.077478408813477
2387.0,False,False,31.3915958404541,33.54378890991211,False,35.280487060546875,20.077478408813477
2387.5,False,False,31.38711929321289,33.538326263427734,False,35.280487060546875,20.077478408813477
2388.0,False,True,31.38264274597168,33.53286361694336,False,35.280487060546875,20.077478408813477
2388.5,False,False,31.3781681060791,33.52740478515625,False,35.280487060546875,20.077478408813477
2389.0,False,False,31.373695373535156,33.521949768066406,False,35.280487060546875,20.077478408813477
2389.5,False,False,31.369224548339844,33.51649475097656,False,35.280487060546875,20.077478408813477
2390.0,False,False,31.364755630493164,33.511043548583984,False,35.280487060546875,20.077478408813477
2390.5,False,False,31.360288619995117,33.50559616088867,False,35.280487060546875,20.077478408813477
2391.0,False,True,31.355823516845703,33.50014877319336,False,35.280487060546875,20.077478408813477
2391.5,False,False,31.351360321044922,33.49470520019531,False,35.280487060546875,20.077478408813477
2392.0,False,False,31.34689712524414,33.489261627197266,False,35.280487060546875,20.077478408813477
2392.5,False,False,31.342437744140625,33.48382568359375,False,35.280487060546875,20.077478408813477
2393.0,False,False,31.33797836303711,33.478389739990234,False,35.280487060546875,20.077478408813477
2393.5,False,False,31.33352279663086,33.47295379638672,False,35.280487060546875,20.077478408813477
2394.0,False,True,31.32906723022461,33.46752166748047,False,35.280487060546875,20.077478408813477
2394.5,False,False,31.324613571166992,33.462093353271484,False,35.280487060546875,20.077478408813477
2395.0,False,False,31.320161819458008,33.4566650390625,False,35.280487060546875,20.077478408813477
2395.5,False,False,31.315711975097656,33.45124435424805,False,35.280487060546875,20.077478408813477
2396.0,False,False,31.311264038085938,33.44581985473633,False,35.280487060546875,20.077478408813477
2396.5,False,False,31.30681800842285,33.44040298461914,False,35.280487060546875,20.077478408813477
2397.0,False,True,31.3023738861084,33.43498611450195,False,35.280487060546875,20.077478408813477
2397.5,False,False,31.297931671142578,33.429569244384766,False,35.280487060546875,20.077478408813477
2398.0,False,False,31.293489456176758,33.42416000366211,False,35.280487060546875,20.077478408813477
2398.5,False,False,31.289051055908203,33.41875076293945,False,35.280487060546875,20.077478408813477
2399.0,False,False,31.28461265563965,33.4133415222168,False,35.280487060546875,20.077478408813477
2399.5,False,False,31.28017807006836,33.40793991088867,False,35.280487060546875,20.077478408813477
2400.0,False,True,31.27574348449707,33.40253829956055,False,35.280487060546875,20.077478408813477
2400.5,False,False,31.271310806274414,33.39713668823242,False,35.280487060546875,20.077478408813477
2401.0,False,False,31.266881942749023,33.39173889160156,False,35.280487060546875,20.077478408813477
2401.5,False,False,31.262453079223633,33.38634490966797,False,35.280487060546875,20.077478408813477
2402.0,False,False,31.258026123046875,33.38095474243164,False,35.280487060546875,20.077478408813477
2402.5,False,False,31.25360107421875,33.37556457519531,False,35.280487060546875,20.077478408813477
2403.0,False,True,31.249176025390625,33.37017822265625,False,35.280487060546875,20.077478408813477
2403.5,False,False,31.244754791259766,33.36479187011719,False,35.280487060546875,20.077478408813477
2404.0,False,False,31.24033546447754,33.35940933227539,False,35.280487060546875,20.077478408813477
2404.5,False,False,31.235916137695312,33.35403060913086,False,35.280487060546875,20.077478408813477
2405.0,False,False,31.23150062561035,33.34865188598633,False,35.280487060546875,20.077478408813477
2405.5,False,False,31.22708511352539,33.34327697753906,False,35.280487060546875,20.077478408813477
2406.0,False,True,31.222673416137695,33.33790588378906,False,35.280487060546875,20.077478408813477
2406.5,False,False,31.21826171875,33.33253479003906,False,35.280487060546875,20.077478408813477
2407.0,False,False,31.213851928710938,33.32716751098633,False,35.280487060546875,20.077478408813477
2407.5,False,False,31.209444046020508,33.32180404663086,False,35.280487060546875,20.077478408813477
2408.0,False,False,31.205039978027344,33.31644058227539,False,35.280487060546875,20.077478408813477
2408.5,False,False,31.20063591003418,33.31108093261719,False,35.280487060546875,20.077478408813477
2409.0,False,True,31.196231842041016,33.305721282958984,False,35.280487060546875,20.077478408813477
2409.5,False,False,31.191831588745117,33.30036544799805,False,35.280487060546875,20.077478408813477
2410.0,False,False,31.18743324279785,33.295013427734375,False,35.280487060546875,20.077478408813477
2410.5,False,False,31.18303680419922,33.2896614074707,False,35.280487060546875,20.077478408813477
2411.0,False,False,31.178640365600586,33.2843132019043,False,35.280487060546875,20.077478408813477
2411.5,False,False,31.17424774169922,33.278968811035156,False,35.280487060546875,20.077478408813477
2412.0,False,True,31.16985511779785,33.273624420166016,False,35.280487060546875,20.077478408813477
2412.5,False,False,31.16546630859375,33.26828384399414,False,35.280487060546875,20.077478408813477
2413.0,False,False,31.16107749938965,33.262943267822266,False,35.280487060546875,20.077478408813477
2413.5,False,False,31.15669059753418,33.25761032104492,False,35.280487060546875,20.077478408813477
2414.0,False,False,31.152305603027344,33.25227355957031,False,35.280487060546875,20.077478408813477
2414.5,False,False,31.14792251586914,33.246944427490234,False,35.280487060546875,20.077478408813477
2415.0,False,True,31.14354133605957,33.241615295410156,False,35.280487060546875,20.077478408813477
2415.5,False,False,31.139162063598633,33.236289978027344,False,35.280487060546875,20.077478408813477
2416.0,False,False,31.134784698486328,33.23096466064453,False,35.280487060546875,20.077478408813477
2416.5,False,False,31.130409240722656,33.225643157958984,False,35.280487060546875,20.077478408813477
2417.0,False,False,31.126035690307617,33.22032165527344,False,35.280487060546875,20.077478408813477
2417.5,False,False,31.121662139892578,33.21500778198242,False,35.280487060546875,20.077478408813477
2418.0,False,True,31.117292404174805,33.20969009399414,False,35.280487060546875,20.077478408813477
2418.5,False,False,31.11292266845703,33.20438003540039,False,35.280487060546875,20.077478408813477
2419.0,False,False,31.108556747436523,33.19906997680664,False,35.280487060546875,20.077478408813477
2419.5,False,False,31.104190826416016,33.193763732910156,False,35.280487060546875,20.077478408813477
2420.0,False,False,31.09982681274414,33.18845748901367,False,35.280487060546875,20.077478408813477
2420.5,False,False,31.0954647064209,33.18315505981445,False,35.280487060546875,20.077478408813477
2421.0,False,True,31.09110450744629,33.1778564453125,False,35.280487060546875,20.077478408813477
2421.5,False,False,31.086746215820312,33.17255783081055,False,35.280487060546875,20.077478408813477
2422.0,False,False,31.08238983154297,33.16726303100586,False,35.280487060546875,20.077478408813477
2422.5,False,False,31.078035354614258,33.16196823120117,False,35.280487060546875,20.077478408813477
2423.0,False,False,31.07368278503418,33.15667724609375,False,35.280487060546875,20.077478408813477
2423.5,False,False,31.069332122802734,33.151390075683594,False,35.280487060546875,20.077478408813477
2424.0,False,True,31.06498146057129,33.14610290527344,False,35.280487060546875,20.077478408813477
2424.5,False,False,31.06063461303711,33.14081954956055,False,35.280487060546875,20.077478408813477
2425.0,False,False,31.05628776550293,33.13554000854492,False,35.280487060546875,20.077478408813477
2425.5,False,False,31.051944732666016,33.1302604675293,False,35.280487060546875,20.077478408813477
2426.0,False,False,31.0476016998291,33.12498474121094,False,35.280487060546875,20.077478408813477
2426.5,False,False,31.04326057434082,33.11970901489258,False,35.280487060546875,20.077478408813477
2427.0,False,True,31.038921356201172,33.114437103271484,False,35.280487060546875,20.077478408813477
2427.5,False,False,31.034584045410156,33.109169006347656,False,35.280487060546875,20.077478408813477
2428.0,False,False,31.030248641967773,33.10390090942383,False,35.280487060546875,20.077478408813477
2428.5,False,False,31.025915145874023,33.098636627197266,False,35.280487060546875,20.077478408813477
2429.0,False,False,31.021583557128906,33.09337615966797,False,35.280487060546875,20.077478408813477
2429.5,False,False,31.017253875732422,33.08811569213867,False,35.280487060546875,20.077478408813477
2430.0,False,True,31.01292610168457,33.08285903930664,False,35.280487060546875,20.077478408813477
2430.5,False,False,31.00859832763672,33.07760238647461,False,35.280487060546875,20.077478408813477
2431.0,False,False,31.004274368286133,33.072349548339844,False,35.280487060546875,20.077478408813477
2431.5,False,False,30.999950408935547,33.067100524902344,False,35.280487060546875,20.077478408813477
2432.0,False,False,30.995630264282227,33.061851501464844,False,35.280487060546875,20.077478408813477
2432.5,False,False,30.991310119628906,33.05660629272461,False,35.280487060546875,20.077478408813477
2433.0,False,True,30.98699188232422,33.051361083984375,False,35.280487060546875,20.077478408813477
2433.5,False,False,30.982677459716797,33.04612350463867,False,35.280487060546875,20.077478408813477
2434.0,False,False,30.978363037109375,33.0408821105957,False,35.280487060546875,20.077478408813477
2434.5,False,False,30.974050521850586,33.035648345947266,False,35.280487060546875,20.077478408813477
2435.0,False,False,30.96973991394043,33.03041458129883,False,35.280487060546875,20.077478408813477
2435.5,False,False,30.965431213378906,33.02518081665039,False,35.280487060546875,20.077478408813477
2436.0,False,True,30.961122512817383,33.01995086669922,False,35.280487060546875,20.077478408813477
2436.5,False,False,30.956817626953125,33.01472473144531,False,35.280487060546875,20.077478408813477
2437.0,False,False,30.9525146484375,33.00950241088867,False,35.280487060546875,20.077478408813477
2437.5,False,False,30.948211669921875,33.00428009033203,False,35.280487060546875,20.077478408813477
2438.0,False,False,30.943912506103516,32.99905776977539,False,35.280487060546875,20.077478408813477
2438.5,False,False,30.939613342285156,32.99384307861328,False,35.280487060546875,20.077478408813477
2439.0,False,True,30.935317993164062,32.988624572753906,False,35.280487060546875,20.077478408813477
2439.5,False,False,30.93102264404297,32.98341369628906,False,35.280487060546875,20.077478408813477
2440.0,False,False,30.926729202270508,32.97820281982422,False,35.280487060546875,20.077478408813477
2440.5,False,False,30.92243766784668,32.97299575805664,False,35.280487060546875,20.077478408813477
2441.0,False,False,30.918148040771484,32.96778869628906,False,35.280487060546875,20.077478408813477
2441.5,False,False,30.913860321044922,32.96258544921875,False,35.280487060546875,20.077478408813477
2442.0,False,True,30.909574508666992,32.95738220214844,False,35.280487060546875,20.077478408813477
2442.5,False,False,30.905290603637695,32.95218276977539,False,35.280487060546875,20.077478408813477
2443.0,False,False,30.90100860595703,32.94698715209961,False,35.280487060546875,20.077478408813477
2443.5,False,False,30.896726608276367,32.941795349121094,False,35.280487060546875,20.077478408813477
2444.0,False,False,30.89244842529297,32.93660354614258,False,35.280487060546875,20.077478408813477
2444.5,False,False,30.88817024230957,32.93141174316406,False,35.280487060546875,20.077478408813477
2445.0,False,True,30.883895874023438,32.92622375488281,False,35.280487060546875,20.077478408813477
2445.5,False,False,30.879621505737305,32.92103958129883,False,35.280487060546875,20.077478408813477
2446.0,False,False,30.875349044799805,32.915855407714844,False,35.280487060546875,20.077478408813477
2446.5,False,False,30.87108039855957,32.910675048828125,False,35.280487060546875,20.077478408813477
2447.0,False,False,30.866811752319336,32.90549850463867,False,35.280487060546875,20.077478408813477
2447.5,False,False,30.862545013427734,32.90032196044922,False,35.280487060546875,20.077478408813477
2448.0,False,True,30.858280181884766,32.89514923095703,False,35.280487060546875,20.077478408813477
2448.5,False,False,30.85401725769043,32.889976501464844,False,35.280487060546875,20.077478408813477
2449.0,False,False,30.849754333496094,32.88480758666992,False,35.280487060546875,20.077478408813477
2449.5,False,False,30.845495223999023,32.879642486572266,False,35.280487060546875,20.077478408813477
2450.0,False,False,30.841238021850586,32.87447738647461,False,35.280487060546875,20.077478408813477
2450.5,False,False,30.83698081970215,32.86931610107422,False,35.280487060546875,20.077478408813477
2451.0,False,True,30.832727432250977,32.864158630371094,False,35.280487060546875,20.077478408813477
2451.5,False,False,30.828474044799805,32.85900115966797,False,35.280487060546875,20.077478408813477
2452.0,False,False,30.8242244720459,32.853843688964844,False,35.280487060546875,20.077478408813477
2452.5,False,False,30.819974899291992,32.84869384765625,False,35.280487060546875,20.077478408813477
2453.0,False,False,30.81572723388672,32.84354019165039,False,35.280487060546875,20.077478408813477
2453.5,False,False,30.811481475830078,32.83839416503906,False,35.280487060546875,20.077478408813477
2454.0,False,True,30.80723762512207,32.833248138427734,False,35.280487060546875,20.077478408813477
2454.5,False,False,30.802995681762695,32.828102111816406,False,35.280487060546875,20.077478408813477
2455.0,False,False,30.798755645751953,32.82296371459961,False,35.280487060546875,20.077478408813477
2455.5,False,False,30.794517517089844,32.81782531738281,False,35.280487060546875,20.077478408813477
2456.0,False,False,30.790279388427734,32.812686920166016,False,35.280487060546875,20.077478408813477
2456.5,False,False,30.78604507446289,32.807552337646484,False,35.280487060546875,20.077478408813477
2457.0,False,True,30.78181266784668,32.80242156982422,False,35.280487060546875,20.077478408813477
2457.5,False,False,30.77758026123047,32.79729080200195,False,35.280487060546875,20.077478408813477
2458.0,False,False,30.77334976196289,32.79216384887695,False,35.280487060546875,20.077478408813477
2458.5,False,False,30.769123077392578,32.78703689575195,False,35.280487060546875,20.077478408813477
2459.0,False,False,30.764896392822266,32.78191375732422,False,35.280487060546875,20.077478408813477
2459.5,False,False,30.760671615600586,32.77679443359375,False,35.280487060546875,20.077478408813477
2460.0,False,True,30.75644874572754,32.77167510986328,False,35.280487060546875,20.077478408813477
2460.5,False,False,30.752227783203125,32.76655960083008,False,35.280487060546875,20.077478408813477
2461.0,False,False,30.748008728027344,32.761444091796875,False,35.280487060546875,20.077478408813477
2461.5,False,False,30.743791580200195,32.75633239746094,False,35.280487060546875,20.077478408813477
2462.0,False,False,30.73957633972168,32.751224517822266,False,35.280487060546875,20.077478408813477
2462.5,False,False,30.735361099243164,32.746116638183594,False,35.280487060546875,20.077478408813477
2463.0,False,True,30.731149673461914,32.74101257324219,False,35.280487060546875,20.077478408813477
2463.5,False,False,30.726938247680664,32.73590850830078,False,35.280487060546875,20.077478408813477
2464.0,False,False,30.72273063659668,32.73080825805664,False,35.280487060546875,20.077478408813477
2464.5,False,False,30.718523025512695,32.725711822509766,False,35.280487060546875,20.077478408813477
2465.0,False,False,30.714317321777344,32.72061538696289,False,35.280487060546875,20.077478408813477
2465.5,False,False,30.710113525390625,32.71552276611328,False,35.280487060546875,20.077478408813477
2466.0,False,True,30.70591163635254,32.71043014526367,False,35.280487060546875,20.077478408813477
2466.5,False,False,30.701711654663086,32.70534133911133,False,35.280487060546875,20.077478408813477
2467.0,False,False,30.697513580322266,32.70025634765625,False,35.280487060546875,20.077478408813477
2467.5,False,False,30.693317413330078,32.69517135620117,False,35.280487060546875,20.077478408813477
2468.0,False,False,30.689123153686523,32.690086364746094,False,35.280487060546875,20.077478408813477
2468.5,False,False,30.6849308013916,32.68500900268555,False,35.280487060546875,20.077478408813477
2469.0,False,True,30.68073844909668,32.679931640625,False,35.280487060546875,20.077478408813477
2469.5,False,False,30.676549911499023,32.67485427856445,False,35.280487060546875,20.077478408813477
2470.0,False,False,30.672361373901367,32.66978073120117,False,35.280487060546875,20.077478408813477
2470.5,False,False,30.668176651000977,32.664710998535156,False,35.280487060546875,20.077478408813477
2471.0,False,False,30.663991928100586,32.65964126586914,False,35.280487060546875,20.077478408813477
2471.5,False,False,30.659809112548828,32.65457534790039,False,35.280487060546875,20.077478408813477
2472.0,False,True,30.655628204345703,32.64950942993164,False,35.280487060546875,20.077478408813477
2472.5,False,False,30.65144920349121,32.644447326660156,False,35.280487060546875,20.077478408813477
2473.0,False,False,30.64727210998535,32.63938903808594,False,35.280487060546875,20.077478408813477
2473.5,False,False,30.643096923828125,32.63433074951172,False,35.280487060546875,20.077478408813477
2474.0,False,False,30.6389217376709,32.629276275634766,False,35.280487060546875,20.077478408813477
2474.5,False,False,30.634750366210938,32.62422180175781,False,35.280487060546875,20.077478408813477
2475.0,False,True,30.63058090209961,32.619171142578125,False,35.280487060546875,20.077478408813477
2475.5,False,False,30.62641143798828,32.6141242980957,False,35.280487060546875,20.077478408813477
2476.0,False,False,30.62224578857422,32.60907745361328,False,35.280487060546875,20.077478408813477
2476.5,False,False,30.618080139160156,32.604034423828125,False,35.280487060546875,20.077478408813477
2477.0,False,False,30.613916397094727,32.59899139404297,False,35.280487060546875,20.077478408813477
2477.5,False,False,30.60975456237793,32.59395217895508,False,35.280487060546875,20.077478408813477
2478.0,False,True,30.605594635009766,32.58891296386719,False,35.280487060546875,20.077478408813477
2478.5,False,False,30.601436614990234,32.58387756347656,False,35.280487060546875,20.077478408813477
2479.0,False,False,30.597280502319336,32.5788459777832,False,35.280487060546875,20.077478408813477
2479.5,False,False,30.59312629699707,32.573814392089844,False,35.280487060546875,20.077478408813477
2480.0,False,False,30.588973999023438,32.56878662109375,False,35.280487060546875,20.077478408813477
2480.5,False,False,30.584821701049805,32.56376266479492,False,35.280487060546875,20.077478408813477
2481.0,False,True,30.580673217773438,32.55873489379883,False,35.280487060546875,20.077478408813477
2481.5,False,False,30.57652473449707,32.553714752197266,False,35.280487060546875,20.077478408813477
2482.0,False,False,30.57238006591797,32.5486946105957,False,35.280487060546875,20.077478408813477
2482.5,False,False,30.568235397338867,32.543678283691406,False,35.280487060546875,20.077478408813477
2483.0,False,False,30.5640926361084,32.53866195678711,False,35.280487060546875,20.077478408813477
2483.5,False,False,30.559951782226562,32.53364944458008,False,35.280487060546875,20.077478408813477
2484.0,False,True,30.55581283569336,32.52864074707031,False,35.280487060546875,20.077478408813477
2484.5,False,False,30.55167579650879,32.52363204956055,False,35.280487060546875,20.077478408813477
2485.0,False,False,30.54754066467285,32.51862335205078,False,35.280487060546875,20.077478408813477
2485.5,False,False,30.543407440185547,32.51361846923828,False,35.280487060546875,20.077478408813477
2486.0,False,False,30.539274215698242,32.50861740112305,False,35.280487060546875,20.077478408813477
2486.5,False,False,30.535144805908203,32.50361633300781,False,35.280487060546875,20.077478408813477
2487.0,False,True,30.531015396118164,32.498619079589844,False,35.280487060546875,20.077478408813477
2487.5,False,False,30.52688980102539,32.49362564086914,False,35.280487060546875,20.077478408813477
2488.0,False,False,30.522764205932617,32.48863220214844,False,35.280487060546875,20.077478408813477
2488.5,False,False,30.518640518188477,32.483642578125,False,35.280487060546875,20.077478408813477
2489.0,False,False,30.51451873779297,32.47865295410156,False,35.280487060546875,20.077478408813477
2489.5,False,False,30.510398864746094,32.47366714477539,False,35.280487060546875,20.077478408813477
2490.0,False,True,30.50628089904785,32.46868133544922,False,35.280487060546875,20.077478408813477
2490.5,False,False,30.502164840698242,32.46369934082031,False,35.280487060546875,20.077478408813477
2491.0,False,False,30.498050689697266,32.45872116088867,False,35.280487060546875,20.077478408813477
2491.5,False,False,30.493938446044922,32.45374298095703,False,35.280487060546875,20.077478408813477
2492.0,False,False,30.489826202392578,32.448768615722656,False,35.280487060546875,20.077478408813477
2492.5,False,False,30.4857177734375,32.44379425048828,False,35.280487060546875,20.077478408813477
2493.0,False,True,30.481609344482422,32.43882369995117,False,35.280487060546875,20.077478408813477
2493.5,False,False,30.477502822875977,32.43385314941406,False,35.280487060546875,20.077478408813477
2494.0,False,False,30.473398208618164,32.42888641357422,False,35.280487060546875,20.077478408813477
2494.5,False,False,30.469297409057617,32.42392349243164,False,35.280487060546875,20.077478408813477
2495.0,False,False,30.46519660949707,32.41896057128906,False,35.280487060546875,20.077478408813477
2495.5,False,False,30.461095809936523,32.41400146484375,False,35.280487060546875,20.077478408813477
2496.0,False,True,30.456998825073242,32.40904235839844,False,35.280487060546875,20.077478408813477
2496.5,False,False,30.452903747558594,32.40408706665039,False,35.280487060546875,20.077478408813477
2497.0,False,False,30.448810577392578,32.399131774902344,False,35.280487060546875,20.077478408813477
2497.5,False,False,30.444717407226562,32.39418029785156,False,35.280487060546875,20.077478408813477
2498.0,False,False,30.440628051757812,32.38923263549805,False,35.280487060546875,20.077478408813477
2498.5,False,False,30.436538696289062,32.38428497314453,False,35.280487060546875,20.077478408813477
2499.0,False,True,30.432451248168945,32.37934112548828,False,35.280487060546875,20.077478408813477
2499.5,False,False,30.42836570739746,32.37439727783203,False,35.280487060546875,20.077478408813477
2500.0,False,False,30.42428207397461,32.36945724487305,False,35.280487060546875,20.077478408813477
2500.5,False,False,30.42020034790039,32.36451721191406,False,35.280487060546875,20.077478408813477
2501.0,False,False,30.416120529174805,32.359580993652344,False,35.280487060546875,20.077478408813477
2501.5,False,False,30.41204261779785,32.35464859008789,False,35.280487060546875,20.077478408813477
2502.0,False,True,30.40796661376953,32.34971618652344,False,35.280487060546875,20.077478408813477
2502.5,False,False,30.40389060974121,32.34478759765625,False,35.280487060546875,20.077478408813477
2503.0,False,False,30.399818420410156,32.33985900878906,False,35.280487060546875,20.077478408813477
2503.5,False,False,30.3957462310791,32.33493423461914,False,35.280487060546875,20.077478408813477
2504.0,False,False,30.39167594909668,32.33000946044922,False,35.280487060546875,20.077478408813477
2504.5,False,False,30.387609481811523,32.32508850097656,False,35.280487060546875,20.077478408813477
2505.0,False,True,30.383543014526367,32.32017135620117,False,35.280487060546875,20.077478408813477
2505.5,False,False,30.379478454589844,32.31525421142578,False,35.280487060546875,20.077478408813477
2506.0,False,False,30.375415802001953,32.310340881347656,False,35.280487060546875,20.077478408813477
2506.5,False,False,30.371353149414062,32.30542755126953,False,35.280487060546875,20.077478408813477
2507.0,False,False,30.367294311523438,32.30051803588867,False,35.280487060546875,20.077478408813477
2507.5,False,False,30.363237380981445,32.29560852050781,False,35.280487060546875,20.077478408813477
2508.0,False,True,30.359180450439453,32.29070281982422,False,35.280487060546875,20.077478408813477
2508.5,False,False,30.355125427246094,32.28580093383789,False,35.280487060546875,20.077478408813477
2509.0,False,False,30.35107421875,32.28089904785156,False,35.280487060546875,20.077478408813477
2509.5,False,False,30.347023010253906,32.275997161865234,False,35.280487060546875,20.077478408813477
2510.0,False,False,30.342973709106445,32.27110290527344,False,35.280487060546875,20.077478408813477
2510.5,False,False,30.338926315307617,32.266204833984375,False,35.280487060546875,20.077478408813477
2511.0,False,True,30.334880828857422,32.261314392089844,False,35.280487060546875,20.077478408813477
2511.5,False,False,30.33083724975586,32.25642395019531,False,35.280487060546875,20.077478408813477
2512.0,False,False,30.326793670654297,32.25153350830078,False,35.280487060546875,20.077478408813477
2512.5,False,False,30.32275390625,32.246646881103516,False,35.280487060546875,20.077478408813477
2513.0,False,False,30.318714141845703,32.241764068603516,False,35.280487060546875,20.077478408813477
2513.5,False,False,30.314678192138672,32.236881256103516,False,35.280487060546875,20.077478408813477
2514.0,False,True,30.31064224243164,32.23200225830078,False,35.280487060546875,20.077478408813477
2514.5,False,False,30.306608200073242,32.22712326049805,False,35.280487060546875,20.077478408813477
2515.0,False,False,30.302576065063477,32.22224807739258,False,35.280487060546875,20.077478408813477
2515.5,False,False,30.298545837402344,32.21737289428711,False,35.280487060546875,20.077478408813477
2516.0,False,False,30.294517517089844,32.212501525878906,False,35.280487060546875,20.077478408813477
2516.5,False,False,30.290491104125977,32.20763397216797,False,35.280487060546875,20.077478408813477
2517.0,False,True,30.286466598510742,32.20276641845703,False,35.280487060546875,20.077478408813477
2517.5,False,False,30.282442092895508,32.197898864746094,False,35.280487060546875,20.077478408813477
2518.0,False,False,30.27842140197754,32.19303894042969,False,35.280487060546875,20.077478408813477
2518.5,True,False,30.27440071105957,32.188175201416016,True,35.280487060546875,20.032337188720703
2519.0,False,False,30.270381927490234,32.183319091796875,True,35.280487060546875,20.032337188720703
2519.5,False,False,30.26636505126953,32.178462982177734,True,35.280487060546875,20.032337188720703
2520.0,False,True,30.26235008239746,32.173606872558594,True,35.280487060546875,20.032337188720703
2520.5,False,False,30.258337020874023,32.197120666503906,True,35.280487060546875,20.032337188720703
2521.0,False,False,30.25441551208496,32.22056579589844,True,35.280487060546875,20.032337188720703
2521.5,False,False,30.250581741333008,32.24394226074219,True,35.280487060546875,20.032337188720703
2522.0,False,False,30.246837615966797,32.26724624633789,True,35.280487060546875,20.032337188720703
2522.5,False,False,30.243183135986328,32.29048538208008,True,35.280487060546875,20.032337188720703
2523.0,False,True,30.239614486694336,32.31365203857422,True,35.280487060546875,20.032337188720703
2523.5,False,False,30.236135482788086,32.336753845214844,True,35.280487060546875,20.032337188720703
2524.0,False,False,30.232742309570312,32.35978698730469,True,35.280487060546875,20.032337188720703
2524.5,False,False,30.229434967041016,32.382755279541016,True,35.280487060546875,20.032337188720703
2525.0,False,False,30.226213455200195,32.40565490722656,True,35.280487060546875,20.032337188720703
2525.5,False,False,30.22307777404785,32.42848587036133,True,35.280487060546875,20.032337188720703
2526.0,False,True,30.22002601623535,32.451255798339844,True,35.280487060546875,20.032337188720703
2526.5,False,False,30.217058181762695,32.47395706176758,True,35.280487060546875,20.032337188720703
2527.0,False,False,30.21417236328125,32.4965934753418,True,35.280487060546875,20.032337188720703
2527.5,False,False,30.21137237548828,32.5191650390625,True,35.280487060546875,20.032337188720703
2528.0,False,False,30.20865249633789,32.54167175292969,True,35.280487060546875,20.032337188720703
2528.5,False,False,30.20601463317871,32.564117431640625,True,35.280487060546875,20.032337188720703
2529.0,False,True,30.203458786010742,32.58649444580078,True,35.280487060546875,20.032337188720703
2529.5,False,False,30.20098304748535,32.60881042480469,True,35.280487060546875,20.032337188720703
2530.0,False,False,30.19858741760254,32.631065368652344,True,35.280487060546875,20.032337188720703
2530.5,False,False,30.196271896362305,32.653255462646484,True,35.280487060546875,20.032337188720703
2531.0,False,False,30.194034576416016,32.675384521484375,True,35.280487060546875,20.032337188720703
2531.5,False,False,30.191877365112305,32.697452545166016,True,35.280487060546875,20.032337188720703
2532.0,False,True,30.189796447753906,32.719459533691406,True,35.280487060546875,20.032337188720703
2532.5,False,False,30.187793731689453,32.74140167236328,True,35.280487060546875,20.032337188720703
2533.0,False,False,30.185869216918945,32.76328659057617,True,35.280487060546875,20.032337188720703
2533.5,False,False,30.184019088745117,32.78511047363281,True,35.280487060546875,20.032337188720703
2534.0,False,False,30.1822452545166,32.8068733215332,True,35.280487060546875,20.032337188720703
2534.5,False,False,30.1805477142334,32.828575134277344,True,35.280487060546875,20.032337188720703
2535.0,False,True,30.178924560546875,32.8502197265625,True,35.280487060546875,20.032337188720703
2535.5,False,False,30.177377700805664,32.871803283691406,True,35.280487060546875,20.032337188720703
2536.0,False,False,30.1759033203125,32.89332962036133,True,35.280487060546875,20.032337188720703
2536.5,False,False,30.174501419067383,32.914798736572266,True,35.280487060546875,20.032337188720703
2537.0,False,False,30.173173904418945,32.93620681762695,True,35.280487060546875,20.032337188720703
2537.5,False,False,30.171918869018555,32.957557678222656,True,35.280487060546875,20.032337188720703
2538.0,False,True,30.170734405517578,32.978851318359375,True,35.280487060546875,20.032337188720703
2538.5,False,False,30.16962242126465,33.000091552734375,True,35.280487060546875,20.032337188720703
2539.0,False,False,30.168581008911133,33.021270751953125,True,35.280487060546875,20.032337188720703
2539.5,False,False,30.167612075805664,33.042396545410156,True,35.280487060546875,20.032337188720703
2540.0,False,False,30.166711807250977,33.06346130371094,True,35.280487060546875,20.032337188720703
2540.5,False,False,30.16588020324707,33.084476470947266,True,35.280487060546875,20.032337188720703
2541.0,False,True,30.165119171142578,33.105430603027344,True,35.280487060546875,20.032337188720703
2541.5,False,False,30.164426803588867,33.12633514404297,True,35.280487060546875,20.032337188720703
2542.0,False,False,30.163801193237305,33.14718246459961,True,35.280487060546875,20.032337188720703
2542.5,False,False,30.163244247436523,33.167972564697266,True,35.280487060546875,20.032337188720703
2543.0,False,False,30.16275405883789,33.18871307373047,True,35.280487060546875,20.032337188720703
2543.5,False,False,30.16233253479004,33.20939636230469,True,35.280487060546875,20.032337188720703
2544.0,False,True,30.161975860595703,33.23002624511719,True,35.280487060546875,20.032337188720703
2544.5,False,False,30.161685943603516,33.25060272216797,True,35.280487060546875,20.032337188720703
2545.0,False,False,30.161460876464844,33.2711296081543,True,35.280487060546875,20.032337188720703
2545.5,False,False,30.161300659179688,33.29159927368164,True,35.280487060546875,20.032337188720703
2546.0,False,False,30.161205291748047,33.31201934814453,True,35.280487060546875,20.032337188720703
2546.5,False,False,30.161174774169922,33.3323860168457,True,35.280487060546875,20.032337188720703
2547.0,False,True,30.16120719909668,33.35270309448242,True,35.280487060546875,20.032337188720703
2547.5,False,False,30.161304473876953,33.37296676635742,True,35.280487060546875,20.032337188720703
2548.0,False,False,30.161462783813477,33.39318084716797,True,35.280487060546875,20.032337188720703
2548.5,False,False,30.161684036254883,33.4133415222168,True,35.280487060546875,20.032337188720703
2549.0,False,False,30.161968231201172,33.43345260620117,True,35.280487060546875,20.032337188720703
2549.5,False,False,30.16231346130371,33.453514099121094,True,35.280487060546875,20.032337188720703
2550.0,False,True,30.1627197265625,33.47352600097656,True,35.280487060546875,20.032337188720703
2550.5,False,False,30.16318702697754,33.49348449707031,True,35.280487060546875,20.032337188720703
2551.0,False,False,30.163715362548828,33.513397216796875,True,35.280487060546875,20.032337188720703
2551.5,False,False,30.164302825927734,33.533260345458984,True,35.280487060546875,20.032337188720703
2552.0,False,False,30.16495132446289,33.55307388305664,True,35.280487060546875,20.032337188720703
2552.5,False,False,30.16565704345703,33.572837829589844,True,35.280487060546875,20.032337188720703
2553.0,False,True,30.16642189025879,33.59255599975586,True,35.280487060546875,20.032337188720703
2553.5,False,False,30.167245864868164,33.612220764160156,True,35.280487060546875,20.032337188720703
2554.0,False,False,30.168127059936523,33.63184356689453,True,35.280487060546875,20.032337188720703
2554.5,False,False,30.1690673828125,33.65141677856445,True,35.280487060546875,20.032337188720703
2555.0,False,False,30.170063018798828,33.67094039916992,True,35.280487060546875,20.032337188720703
2555.5,False,False,30.171117782592773,33.69042205810547,True,35.280487060546875,20.032337188720703
2556.0,False,True,30.17222785949707,33.7098503112793,True,35.280487060546875,20.032337188720703
2556.5,False,False,30.17339324951172,33.7292366027832,True,35.280487060546875,20.032337188720703
2557.0,False,False,30.17461395263672,33.74857711791992,True,35.280487060546875,20.032337188720703
2557.5,False,False,30.175891876220703,33.76786804199219,True,35.280487060546875,20.032337188720703
2558.0,False,False,30.177223205566406,33.78711700439453,True,35.280487060546875,20.032337188720703
2558.5,False,False,30.17860984802246,33.80632019042969,True,35.280487060546875,20.032337188720703
2559.0,False,True,30.180049896240234,33.82547378540039,True,35.280487060546875,20.032337188720703
2559.5,False,False,30.18154525756836,33.84458541870117,True,35.280487060546875,20.032337188720703
2560.0,False,False,30.18309211730957,33.86365509033203,True,35.280487060546875,20.032337188720703
2560.5,False,False,30.1846923828125,33.88267517089844,True,35.280487060546875,20.032337188720703
2561.0,False,False,30.18634605407715,33.90165328979492,True,35.280487060546875,20.032337188720703
2561.5,False,False,30.188053131103516,33.920589447021484,True,35.280487060546875,20.032337188720703
2562.0,False,True,30.189809799194336,33.93947982788086,True,35.280487060546875,20.032337188720703
2562.5,False,False,30.191619873046875,33.95832443237305,True,35.280487060546875,20.032337188720703
2563.0,False,False,30.193479537963867,33.97713088989258,True,35.280487060546875,20.032337188720703
2563.5,False,False,30.195392608642578,33.99589157104492,True,35.280487060546875,20.032337188720703
2564.0,False,False,30.197355270385742,34.01460647583008,True,35.280487060546875,20.032337188720703
2564.5,False,False,30.19936752319336,34.03328323364258,True,35.280487060546875,20.032337188720703
2565.0,False,True,30.20142936706543,34.051918029785156,True,35.280487060546875,20.032337188720703
2565.5,False,False,30.203540802001953,34.07050704956055,True,35.280487060546875,20.032337188720703
2566.0,False,False,30.20570182800293,34.08905792236328,True,35.280487060546875,20.032337188720703
2566.5,False,False,30.20791244506836,34.10756301879883,True,35.280487060546875,20.032337188720703
2567.0,False,False,30.21017074584961,34.12602996826172,True,35.280487060546875,20.032337188720703
2567.5,False,False,30.212478637695312,34.14445495605469,True,35.280487060546875,20.032337188720703
2568.0,False,True,30.214832305908203,34.162837982177734,True,35.280487060546875,20.032337188720703
2568.5,True,False,30.217235565185547,34.181182861328125,True,35.280487060546875,20.081974029541016
2569.0,False,False,30.219684600830078,34.199485778808594,True,35.280487060546875,20.081974029541016
2569.5,False,False,30.22218132019043,34.217750549316406,True,35.280487060546875,20.081974029541016
2570.0,False,False,30.22472381591797,34.23596954345703,True,35.280487060546875,20.081974029541016
2570.5,False,False,30.227313995361328,34.254154205322266,True,35.280487060546875,20.081974029541016
2571.0,False,True,30.229948043823242,34.27229690551758,True,35.280487060546875,20.081974029541016
2571.5,False,False,30.232629776000977,34.290401458740234,True,35.280487060546875,20.081974029541016
2572.0,False,False,30.235355377197266,34.308467864990234,True,35.280487060546875,20.081974029541016
2572.5,False,False,30.238126754760742,34.32649230957031,True,35.280487060546875,20.081974029541016
2573.0,False,False,30.240942001342773,34.344478607177734,True,35.280487060546875,20.081974029541016
2573.5,False,False,30.243803024291992,34.3624267578125,True,35.280487060546875,20.081974029541016
2574.0,False,True,30.246706008911133,34.38033676147461,True,35.280487060546875,20.081974029541016
2574.5,False,False,30.24965476989746,34.39820861816406,True,35.280487060546875,20.081974029541016
2575.0,False,False,30.25264549255371,34.416046142578125,True,35.280487060546875,20.081974029541016
2575.5,False,False,30.255680084228516,34.433841705322266,True,35.280487060546875,20.081974029541016
2576.0,False,False,30.258758544921875,34.45159912109375,True,35.280487060546875,20.081974029541016
2576.5,False,False,30.261877059936523,34.469322204589844,True,35.280487060546875,20.081974029541016
2577.0,False,True,30.265039443969727,34.48700714111328,True,35.280487060546875,20.081974029541016
2577.5,False,False,30.26824378967285,34.50465393066406,True,35.280487060546875,20.081974029541016
2578.0,False,False,30.2714900970459,34.52226638793945,True,35.280487060546875,20.081974029541016
2578.5,False,False,30.274778366088867,34.53984069824219,True,35.280487060546875,20.081974029541016
2579.0,False,False,30.278106689453125,34.55738067626953,True,35.280487060546875,20.081974029541016
2579.5,False,False,30.281475067138672,34.57488250732422,True,35.280487060546875,20.081974029541016
2580.0,False,True,30.28488540649414,34.59234619140625,True,35.280487060546875,20.081974029541016
2580.5,False,False,30.288333892822266,34.609779357910156,True,35.280487060546875,20.081974029541016
2581.0,False,False,30.291824340820312,34.627174377441406,True,35.280487060546875,20.081974029541016
2581.5,False,False,30.29535484313965,34.644535064697266,True,35.280487060546875,20.081974029541016
2582.0,False,False,30.29892349243164,34.66185760498047,True,35.280487060546875,20.081974029541016
2582.5,False,False,30.302532196044922,34.67914962768555,True,35.280487060546875,20.081974029541016
2583.0,False,True,30.30617904663086,34.69640350341797,True,35.280487060546875,20.081974029541016
2583.5,False,False,30.309864044189453,34.713626861572266,True,35.280487060546875,20.081974029541016
2584.0,False,False,30.313587188720703,34.730812072753906,True,35.280487060546875,20.081974029541016
2584.5,False,False,30.317350387573242,34.747962951660156,True,35.280487060546875,20.081974029541016
2585.0,False,False,30.321149826049805,34.76508331298828,True,35.280487060546875,20.081974029541016
2585.5,False,False,30.324987411499023,34.78216552734375,True,35.280487060546875,20.081974029541016
2586.0,False,True,30.328861236572266,34.799217224121094,True,35.280487060546875,20.081974029541016
2586.5,False,False,30.332773208618164,34.81623458862305,True,35.280487060546875,20.081974029541016
2587.0,False,False,30.336721420288086,34.83321762084961,True,35.280487060546875,20.081974029541016
2587.5,False,False,30.34070587158203,34.85017013549805,True,35.280487060546875,20.081974029541016
2588.0,False,False,30.3447265625,34.867088317871094,True,35.280487060546875,20.081974029541016
2588.5,False,False,30.348783493041992,34.88397216796875,True,35.280487060546875,20.081974029541016
2589.0,False,True,30.352876663208008,34.90082550048828,True,35.280487060546875,20.081974029541016
2589.5,False,False,30.357004165649414,34.91764450073242,True,35.280487060546875,20.081974029541016
2590.0,False,False,30.361167907714844,34.93443298339844,True,35.280487060546875,20.081974029541016
2590.5,False,False,30.365365982055664,34.95119094848633,True,35.280487060546875,20.081974029541016
2591.0,False,False,30.369600296020508,34.96791458129883,True,35.280487060546875,20.081974029541016
2591.5,False,False,30.37386703491211,34.9846076965332,True,35.280487060546875,20.081974029541016
2592.0,False,True,30.3781681060791,35.00126647949219,True,35.280487060546875,20.081974029541016
2592.5,False,False,30.382503509521484,35.01789855957031,True,35.280487060546875,20.081974029541016
2593.0,False,False,30.386873245239258,35.03449630737305,True,35.280487060546875,20.081974029541016
2593.5,False,False,30.391277313232422,35.051063537597656,True,35.280487060546875,20.081974029541016
2594.0,False,False,30.395713806152344,35.06760025024414,True,35.280487060546875,20.081974029541016
2594.5,False,False,30.400182723999023,35.084102630615234,True,35.280487060546875,20.081974029541016
2595.0,False,True,30.40468406677246,35.10057830810547,True,35.280487060546875,20.081974029541016
2595.5,False,False,30.409217834472656,35.11702346801758,True,35.280487060546875,20.081974029541016
2596.0,False,False,30.413785934448242,35.13343811035156,True,35.280487060546875,20.081974029541016
2596.5,False,False,30.418384552001953,35.14982223510742,True,35.280487060546875,20.081974029541016
2597.0,False,False,30.423015594482422,35.166175842285156,True,35.280487060546875,20.081974029541016
2597.5,False,False,30.427677154541016,35.18250274658203,True,35.280487060546875,20.081974029541016
2598.0,False,True,30.432371139526367,35.198795318603516,True,35.280487060546875,20.081974029541016
2598.5,False,False,30.437097549438477,35.21506118774414,True,35.280487060546875,20.081974029541016
2599.0,False,False,30.441852569580078,35.231300354003906,True,35.280487060546875,20.081974029541016
2599.5,False,False,30.446640014648438,35.24750518798828,True,35.280487060546875,20.081974029541016
2600.0,False,False,30.451457977294922,35.2636833190918,True,35.280487060546875,20.081974029541016
2600.5,False,False,30.4563045501709,35.27983474731445,True,35.280487060546875,20.081974029541016
2601.0,False,True,30.461181640625,35.295955657958984,True,35.280487060546875,20.081974029541016
2601.5,False,False,30.466089248657227,35.31204605102539,True,35.280487060546875,20.081974029541016
2602.0,False,False,30.471027374267578,35.32810974121094,True,35.280487060546875,20.081974029541016
2602.5,False,False,30.475994110107422,35.344146728515625,True,35.280487060546875,20.081974029541016
2603.0,False,False,30.480989456176758,35.36015319824219,True,35.280487060546875,20.081974029541016
2603.5,False,False,30.48601531982422,35.37613296508789,True,35.280487060546875,20.081974029541016
2604.0,False,True,30.49106788635254,35.392086029052734,True,35.280487060546875,20.081974029541016
2604.5,False,False,30.496150970458984,35.40800857543945,True,35.280487060546875,20.081974029541016
2605.0,False,False,30.501262664794922,35.42390441894531,True,35.280487060546875,20.081974029541016
2605.5,False,False,30.50640106201172,35.43977355957031,True,35.280487060546875,20.081974029541016
2606.0,False,False,30.511568069458008,35.45561599731445,True,35.280487060546875,20.081974029541016
2606.5,False,False,30.516761779785156,35.471431732177734,True,35.280487060546875,20.081974029541016
2607.0,False,True,30.521984100341797,35.48721694946289,True,35.280487060546875,20.081974029541016
2607.5,False,False,30.52723503112793,35.50297927856445,True,35.280487060546875,20.081974029541016
2608.0,False,False,30.53251075744629,35.518714904785156,True,35.280487060546875,20.081974029541016
2608.5,False,False,30.53781509399414,35.534420013427734,True,35.280487060546875,20.081974029541016
2609.0,False,False,30.54314613342285,35.55010223388672,True,35.280487060546875,20.081974029541016
2609.5,False,False,30.548503875732422,35.565757751464844,True,35.280487060546875,20.081974029541016
2610.0,False,True,30.55388641357422,35.58138656616211,True,35.280487060546875,20.081974029541016
2610.5,False,False,30.559295654296875,35.596988677978516,True,35.280487060546875,20.081974029541016
2611.0,False,False,30.56473159790039,35.61256408691406,True,35.280487060546875,20.081974029541016
2611.5,False,False,30.570194244384766,35.628116607666016,True,35.280487060546875,20.081974029541016
2612.0,False,False,30.575681686401367,35.64364242553711,True,35.280487060546875,20.081974029541016
2612.5,False,False,30.581193923950195,35.659141540527344,True,35.280487060546875,20.081974029541016
2613.0,False,True,30.586732864379883,35.674617767333984,True,35.280487060546875,20.081974029541016
2613.5,False,False,30.592294692993164,35.690067291259766,True,35.280487060546875,20.081974029541016
2614.0,False,False,30.597883224487305,35.70549011230469,True,35.280487060546875,20.081974029541016
2614.5,False,False,30.603496551513672,35.720890045166016,True,35.280487060546875,20.081974029541016
2615.0,False,False,30.609132766723633,35.73626708984375,True,35.280487060546875,20.081974029541016
2615.5,False,False,30.614795684814453,35.75161361694336,True,35.280487060546875,20.081974029541016
2616.0,False,True,30.620481491088867,35.76694107055664,True,35.280487060546875,20.081974029541016
2616.5,False,False,30.626190185546875,35.78224182128906,True,35.280487060546875,20.081974029541016
2617.0,False,False,30.63192367553711,35.79751968383789,True,35.280487060546875,20.081974029541016
2617.5,False,False,30.63768196105957,35.81277084350586,True,35.280487060546875,20.081974029541016
2618.0,False,False,30.643463134765625,35.827999114990234,True,35.280487060546875,20.081974029541016
2618.5,True,False,30.649267196655273,35.84320068359375,True,35.280487060546875,20.081974029541016
2619.0,False,True,30.655094146728516,35.85838317871094,True,35.280487060546875,20.081974029541016
2619.5,False,False,30.66094398498535,35.873538970947266,True,35.280487060546875,20.081974029541016
2620.0,False,False,30.66681671142578,35.888671875,True,35.280487060546875,20.081974029541016
2620.5,False,False,30.672712326049805,35.90378189086914,True,35.280487060546875,20.081974029541016
2621.0,False,False,30.67862892150879,35.91886901855469,True,35.280487060546875,20.081974029541016
2621.5,False,False,30.6845703125,35.933929443359375,True,35.280487060546875,20.081974029541016
2622.0,False,True,30.690532684326172,35.948970794677734,True,35.280487060546875,20.081974029541016
2622.5,False,False,30.696516036987305,35.963985443115234,True,35.280487060546875,20.081974029541016
2623.0,False,False,30.70252227783203,35.978981018066406,True,35.280487060546875,20.081974029541016
2623.5,False,False,30.70854949951172,35.99394989013672,True,35.280487060546875,20.081974029541016
2624.0,False,False,30.714599609375,36.0088996887207,True,35.280487060546875,20.081974029541016
2624.5,False,False,30.72066879272461,36.02382278442383,True,35.280487060546875,20.081974029541016
2625.0,False,True,30.726760864257812,36.038726806640625,True,35.280487060546875,20.081974029541016
2625.5,False,False,30.732873916625977,36.05360794067383,True,35.280487060546875,20.081974029541016
2626.0,False,False,30.73900604248047,36.06846618652344,True,35.280487060546875,20.081974029541016
2626.5,False,False,30.745159149169922,36.08330154418945,True,35.280487060546875,20.081974029541016
2627.0,False,False,30.75133514404297,36.09811782836914,True,35.280487060546875,20.081974029541016
2627.5,False,False,30.75752830505371,36.11290740966797,True,35.280487060546875,20.081974029541016
2628.0,False,True,30.763744354248047,36.12767791748047,True,35.280487060546875,20.081974029541016
2628.5,False,False,30.76997947692871,36.14242935180664,True,35.280487060546875,20.081974029541016
2629.0,False,False,30.776233673095703,36.15715408325195,True,35.280487060546875,20.081974029541016
2629.5,False,False,30.782508850097656,36.17185974121094,True,35.280487060546875,20.081974029541016
2630.0,False,False,30.788803100585938,36.186546325683594,True,35.280487060546875,20.081974029541016
2630.5,False,False,30.795116424560547,36.20120620727539,True,35.280487060546875,20.081974029541016
2631.0,False,True,30.801448822021484,36.215850830078125,True,35.280487060546875,20.081974029541016
2631.5,False,False,30.80780029296875,36.23046875,True,35.280487060546875,20.081974029541016
2632.0,False,False,30.814170837402344,36.24507141113281,True,35.280487060546875,20.081974029541016
2632.5,False,False,30.820560455322266,36.259647369384766,True,35.280487060546875,20.081974029541016
2633.0,False,False,30.826969146728516,36.274208068847656,True,35.280487060546875,20.081974029541016
2633.5,False,False,30.833396911621094,36.28874206542969,True,35.280487060546875,20.081974029541016
2634.0,False,True,30.839841842651367,36.303260803222656,True,35.280487060546875,20.081974029541016
2634.5,False,False,30.84630584716797,36.31775665283203,True,35.280487060546875,20.081974029541016
2635.0,False,False,30.852787017822266,36.33223342895508,True,35.280487060546875,20.081974029541016
2635.5,False,False,30.85928726196289,36.34668731689453,True,35.280487060546875,20.081974029541016
2636.0,False,False,30.86580467224121,36.361122131347656,True,35.280487060546875,20.081974029541016
2636.5,False,False,30.87234115600586,36.37553787231445,True,35.280487060546875,20.081974029541016
2637.0,False,True,30.87889289855957,36.38993453979492,True,35.280487060546875,20.081974029541016
2637.5,False,False,30.88546371459961,36.4043083190918,True,35.280487060546875,20.081974029541016
2638.0,False,False,30.892051696777344,36.418663024902344,True,35.280487060546875,20.081974029541016
2638.5,False,False,30.898656845092773,36.43299865722656,True,35.280487060546875,20.081974029541016
2639.0,False,False,30.9052791595459,36.44731521606445,True,35.280487060546875,20.081974029541016
2639.5,False,False,30.911916732788086,36.461612701416016,True,35.280487060546875,20.081974029541016
2640.0,False,True,30.9185733795166,36.475887298583984,True,35.280487060546875,20.081974029541016
2640.5,False,False,30.92524528503418,36.49014663696289,True,35.280487060546875,20.081974029541016
2641.0,False,False,30.931934356689453,36.50438690185547,True,35.280487060546875,20.081974029541016
2641.5,False,False,30.93863868713379,36.51860427856445,True,35.280487060546875,20.081974029541016
2642.0,False,False,30.94536018371582,36.532806396484375,True,35.280487060546875,20.081974029541016
2642.5,False,False,30.952098846435547,36.5469856262207,True,35.280487060546875,20.081974029541016
2643.0,False,True,30.958850860595703,36.56114959716797,True,35.280487060546875,20.081974029541016
2643.5,False,False,30.965621948242188,36.57529067993164,True,35.280487060546875,20.081974029541016
2644.0,False,False,30.9724063873291,36.58941650390625,True,35.280487060546875,20.081974029541016
2644.5,False,False,30.979206085205078,36.60352325439453,True,35.280487060546875,20.081974029541016
2645.0,False,False,30.98602294921875,36.617610931396484,True,35.280487060546875,20.081974029541016
2645.5,False,False,30.992855072021484,36.63167953491211,True,35.280487060546875,20.081974029541016
2646.0,False,True,30.99970245361328,36.645729064941406,True,35.280487060546875,20.081974029541016
2646.5,False,False,31.006563186645508,36.65976333618164,True,35.280487060546875,20.081974029541016
2647.0,False,False,31.01344108581543,36.67377853393555,True,35.280487060546875,20.081974029541016
2647.5,False,False,31.02033233642578,36.687774658203125,True,35.280487060546875,20.081974029541016
2648.0,False,False,31.027238845825195,36.701751708984375,True,35.280487060546875,20.081974029541016
2648.5,False,False,31.034160614013672,36.71571350097656,True,35.280487060546875,20.081974029541016
2649.0,False,True,31.041095733642578,36.72965621948242,True,35.280487060546875,20.081974029541016
2649.5,False,False,31.048046112060547,36.74357986450195,True,35.280487060546875,20.081974029541016
2650.0,False,False,31.055011749267578,36.757484436035156,True,35.280487060546875,20.081974029541016
2650.5,False,False,31.06199073791504,36.7713737487793,True,35.280487060546875,20.081974029541016
2651.0,False,False,31.06898307800293,36.785247802734375,True,35.280487060546875,20.081974029541016
2651.5,False,False,31.07598876953125,36.799102783203125,True,35.280487060546875,20.081974029541016
2652.0,False,True,31.083009719848633,36.81293869018555,True,35.280487060546875,20.081974029541016
2652.5,False,False,31.090044021606445,36.826759338378906,True,35.280487060546875,20.081974029541016
2653.0,False,False,31.097091674804688,36.84056091308594,True,35.280487060546875,20.081974029541016
2653.5,False,False,31.104154586791992,36.85434341430664,True,35.280487060546875,20.081974029541016
2654.0,False,False,31.111228942871094,36.86811447143555,True,35.280487060546875,20.081974029541016
2654.5,False,False,31.118316650390625,36.88186264038086,True,35.280487060546875,20.081974029541016
2655.0,False,True,31.125417709350586,36.895599365234375,True,35.280487060546875,20.081974029541016
2655.5,False,False,31.132532119750977,36.90931701660156,True,35.280487060546875,20.081974029541016
2656.0,False,False,31.139659881591797,36.92301559448242,True,35.280487060546875,20.081974029541016
2656.5,False,False,31.146800994873047,36.93669891357422,True,35.280487060546875,20.081974029541016
2657.0,False,False,31.153953552246094,36.95036697387695,True,35.280487060546875,20.081974029541016
2657.5,False,False,31.16111946105957,36.964019775390625,True,35.280487060546875,20.081974029541016
2658.0,False,True,31.168296813964844,36.97765350341797,True,35.280487060546875,20.081974029541016
2658.5,False,False,31.175487518310547,36.99127197265625,True,35.280487060546875,20.081974029541016
2659.0,False,False,31.182689666748047,37.0048713684082,True,35.280487060546875,20.081974029541016
2659.5,False,False,31.189905166625977,37.018455505371094,True,35.280487060546875,20.081974029541016
2660.0,False,False,31.197132110595703,37.03202819824219,True,35.280487060546875,20.081974029541016
2660.5,False,False,31.20437240600586,37.04557800292969,True,35.280487060546875,20.081974029541016
2661.0,False,True,31.211624145507812,37.05911636352539,True,35.280487060546875,20.081974029541016
2661.5,False,False,31.21888542175293,37.072635650634766,True,35.280487060546875,20.081974029541016
2662.0,False,False,31.22616195678711,37.086143493652344,True,35.280487060546875,20.081974029541016
2662.5,False,False,31.233448028564453,37.099632263183594,True,35.280487060546875,20.081974029541016
2663.0,False,False,31.240745544433594,37.11310577392578,True,35.280487060546875,20.081974029541016
2663.5,False,False,31.24805450439453,37.126564025878906,True,35.280487060546875,20.081974029541016
2664.0,False,True,31.255374908447266,37.14000701904297,True,35.280487060546875,20.081974029541016
2664.5,False,False,31.262706756591797,37.1534309387207,True,35.280487060546875,20.081974029541016
2665.0,False,False,31.270050048828125,37.16684341430664,True,35.280487060546875,20.081974029541016
2665.5,False,False,31.27740478515625,37.180240631103516,True,35.280487060546875,20.081974029541016
2666.0,False,False,31.28476905822754,37.19361877441406,True,35.280487060546875,20.081974029541016
2666.5,False,False,31.292144775390625,37.20698547363281,True,35.280487060546875,20.081974029541016
2667.0,False,True,31.299531936645508,37.2203369140625,True,35.280487060546875,20.081974029541016
2667.5,False,False,31.306928634643555,37.23366928100586,True,35.280487060546875,20.081974029541016
2668.0,False,False,31.3143367767334,37.24699020385742,True,35.280487060546875,20.081974029541016
2668.5,False,False,31.32175636291504,37.26029586791992,True,35.280487060546875,20.081974029541016
2669.0,False,False,31.329185485839844,37.27358627319336,True,35.280487060546875,20.081974029541016
2669.5,False,False,31.336624145507812,37.286861419677734,True,35.280487060546875,20.081974029541016
2670.0,False,True,31.344072341918945,37.30012130737305,True,35.280487060546875,20.081974029541016
2670.5,False,False,31.351531982421875,37.3133659362793,True,35.280487060546875,20.081974029541016
2671.0,False,False,31.35900115966797,37.326595306396484,True,35.280487060546875,20.081974029541016
2671.5,False,False,31.36648178100586,37.339813232421875,True,35.280487060546875,20.081974029541016
2672.0,False,False,31.37397003173828,37.3530158996582,True,35.280487060546875,20.081974029541016
2672.5,False,False,31.3814697265625,37.36620330810547,True,35.280487060546875,20.081974029541016
2673.0,False,True,31.388978958129883,37.37937545776367,True,35.280487060546875,20.081974029541016
2673.5,False,False,31.39649772644043,37.39253234863281,True,35.280487060546875,20.081974029541016
2674.0,False,False,31.404024124145508,37.405677795410156,True,35.280487060546875,20.081974029541016
2674.5,False,False,31.411561965942383,37.41880416870117,True,35.280487060546875,20.081974029541016
2675.0,False,False,31.419109344482422,37.431922912597656,True,35.280487060546875,20.081974029541016
2675.5,False,False,31.426664352416992,37.44502258300781,True,35.280487060546875,20.081974029541016
2676.0,False,True,31.43423080444336,37.45811080932617,True,35.280487060546875,20.081974029541016
2676.5,False,False,31.441804885864258,37.47118377685547,True,35.280487060546875,20.081974029541016
2677.0,False,False,31.449386596679688,37.4842414855957,True,35.280487060546875,20.081974029541016
2677.5,False,False,31.456979751586914,37.49728775024414,True,35.280487060546875,20.081974029541016
2678.0,False,False,31.464580535888672,37.510318756103516,True,35.280487060546875,20.081974029541016
2678.5,False,False,31.472190856933594,37.523338317871094,True,35.280487060546875,20.081974029541016
2679.0,False,True,31.479808807373047,37.53634262084961,True,35.280487060546875,20.081974029541016
2679.5,False,False,31.487436294555664,37.54933166503906,True,35.280487060546875,20.081974029541016
2680.0,False,False,31.495071411132812,37.56230926513672,True,35.280487060546875,20.081974029541016
2680.5,False,False,31.502716064453125,37.57527160644531,True,35.280487060546875,20.081974029541016
2681.0,False,False,31.51036834716797,37.58822250366211,True,35.280487060546875,20.081974029541016
2681.5,False,False,31.518028259277344,37.601158142089844,True,35.280487060546875,20.081974029541016
2682.0,False,True,31.525697708129883,37.614078521728516,True,35.280487060546875,20.081974029541016
2682.5,False,False,31.533374786376953,37.626991271972656,True,35.280487060546875,20.081974029541016
2683.0,False,False,31.541061401367188,37.63988494873047,True,35.280487060546875,20.081974029541016
2683.5,False,False,31.54875373840332,37.652767181396484,True,35.280487060546875,20.081974029541016
2684.0,False,False,31.556455612182617,37.6656379699707,True,35.280487060546875,20.081974029541016
2684.5,False,False,31.564163208007812,37.678497314453125,True,35.280487060546875,20.081974029541016
2685.0,False,True,31.571880340576172,37.69133758544922,True,35.280487060546875,20.081974029541016
2685.5,False,False,31.579605102539062,37.70417022705078,True,35.280487060546875,20.081974029541016
2686.0,False,False,31.587337493896484,37.71698760986328,True,35.280487060546875,20.081974029541016
2686.5,False,False,31.595077514648438,37.729793548583984,True,35.280487060546875,20.081974029541016
2687.0,False,False,31.60282325744629,37.742584228515625,True,35.280487060546875,20.081974029541016
2687.5,False,False,31.610578536987305,37.75536346435547,True,35.280487060546875,20.081974029541016
2688.0,False,True,31.61834144592285,37.76812744140625,True,35.280487060546875,20.081974029541016
2688.5,False,False,31.626110076904297,37.7808837890625,True,35.280487060546875,20.081974029541016
2689.0,False,False,31.633886337280273,37.79362487792969,True,35.280487060546875,20.081974029541016
2689.5,False,False,31.64167022705078,37.80635070800781,True,35.280487060546875,20.081974029541016
2690.0,False,False,31.649459838867188,37.819068908691406,True,35.280487060546875,20.081974029541016
2690.5,False,False,31.657257080078125,37.83177185058594,True,35.280487060546875,20.081974029541016
2691.0,False,True,31.665061950683594,37.84446334838867,True,35.280487060546875,20.081974029541016
2691.5,False,False,31.67287254333496,37.857139587402344,True,35.280487060546875,20.081974029541016
2692.0,False,False,31.68069076538086,37.869808197021484,True,35.280487060546875,20.081974029541016
2692.5,False,False,31.68851661682129,37.88246154785156,True,35.280487060546875,20.081974029541016
2693.0,False,False,31.696348190307617,37.895103454589844,True,35.280487060546875,20.081974029541016
2693.5,False,False,31.704185485839844,37.90773010253906,True,35.280487060546875,20.081974029541016
2694.0,False,True,31.7120304107666,37.92034912109375,True,35.280487060546875,20.081974029541016
2694.5,False,False,31.719881057739258,37.932952880859375,True,35.280487060546875,20.081974029541016
2695.0,False,False,31.727739334106445,37.9455451965332,True,35.280487060546875,20.081974029541016
2695.5,False,False,31.73560333251953,37.958126068115234,True,35.280487060546875,20.081974029541016
2696.0,False,False,31.743473052978516,37.97069549560547,True,35.280487060546875,20.081974029541016
2696.5,False,False,31.7513484954834,37.983253479003906,True,35.280487060546875,20.081974029541016
2697.0,False,True,31.759231567382812,37.99580001831055,True,35.280487060546875,20.081974029541016
2697.5,False,False,31.767120361328125,38.008331298828125,True,35.280487060546875,20.081974029541016
2698.0,False,False,31.775014877319336,38.020851135253906,True,35.280487060546875,20.081974029541016
2698.5,False,False,31.782915115356445,38.033363342285156,True,35.280487060546875,20.081974029541016
2699.0,False,False,31.790821075439453,38.045860290527344,True,35.280487060546875,20.081974029541016
2699.5,False,False,31.79873275756836,38.058345794677734,True,35.280487060546875,20.081974029541016
2700.0,False,True,31.806650161743164,38.070823669433594,True,35.280487060546875,20.081974029541016
2700.5,False,False,31.8145751953125,38.08328628540039,True,35.280487060546875,20.081974029541016
2701.0,False,False,31.8225040435791,38.09573745727539,True,35.280487060546875,20.081974029541016
2701.5,False,False,31.8304386138916,38.108177185058594,True,35.280487060546875,20.081974029541016
2702.0,False,False,31.83837890625,38.12060546875,True,35.280487060546875,20.081974029541016
2702.5,False,False,31.846324920654297,38.13302230834961,True,35.280487060546875,20.081974029541016
2703.0,False,True,31.854276657104492,38.14542770385742,True,35.280487060546875,20.081974029541016
2703.5,False,False,31.862232208251953,38.1578254699707,True,35.280487060546875,20.081974029541016
2704.0,False,False,31.870193481445312,38.17020797729492,True,35.280487060546875,20.081974029541016
2704.5,False,False,31.87816047668457,38.182579040527344,True,35.280487060546875,20.081974029541016
2705.0,False,False,31.886133193969727,38.19493865966797,True,35.280487060546875,20.081974029541016
2705.5,False,False,31.89411163330078,38.20729064941406,True,35.280487060546875,20.081974029541016
2706.0,False,True,31.9020938873291,38.219627380371094,True,35.280487060546875,20.081974029541016
2706.5,False,False,31.910079956054688,38.231956481933594,True,35.280487060546875,20.081974029541016
2707.0,False,False,31.918073654174805,38.2442741394043,True,35.280487060546875,20.081974029541016
2707.5,False,False,31.926071166992188,38.2565803527832,True,35.280487060546875,20.081974029541016
2708.0,False,False,31.934072494506836,38.26887512207031,True,35.280487060546875,20.081974029541016
2708.5,False,False,31.942079544067383,38.281158447265625,True,35.280487060546875,20.081974029541016
2709.0,False,True,31.950090408325195,38.29343032836914,True,35.280487060546875,20.081974029541016
2709.5,False,False,31.958106994628906,38.305694580078125,True,35.280487060546875,20.081974029541016
2710.0,False,False,31.966127395629883,38.31794357299805,True,35.280487060546875,20.081974029541016
2710.5,False,False,31.974153518676758,38.33018493652344,True,35.280487060546875,20.081974029541016
2711.0,False,False,31.9821834564209,38.34241485595703,True,35.280487060546875,20.081974029541016
2711.5,False,False,31.990219116210938,38.35463333129883,True,35.280487060546875,20.081974029541016
2712.0,False,True,31.99825668334961,38.366844177246094,True,35.280487060546875,20.081974029541016
2712.5,False,False,32.00630187988281,38.3790397644043,True,35.280487060546875,20.081974029541016
2713.0,False,False,32.014347076416016,38.39122772216797,True,35.280487060546875,20.081974029541016
2713.5,False,False,32.02239990234375,38.40340805053711,True,35.280487060546875,20.081974029541016
2714.0,False,False,32.03045654296875,38.41557312011719,True,35.280487060546875,20.081974029541016
2714.5,False,False,32.038516998291016,38.427730560302734,True,35.280487060546875,20.081974029541016
2715.0,False,True,32.04658126831055,38.439876556396484,True,35.280487060546875,20.081974029541016
2715.5,False,False,32.054649353027344,38.45201110839844,True,35.280487060546875,20.081974029541016
2716.0,False,False,32.062721252441406,38.464134216308594,True,35.280487060546875,20.081974029541016
2716.5,False,False,32.070796966552734,38.47624969482422,True,35.280487060546875,20.081974029541016
2717.0,False,False,32.07887649536133,38.48835372924805,True,35.280487060546875,20.081974029541016
2717.5,False,False,32.08696365356445,38.500450134277344,True,35.280487060546875,20.081974029541016
2718.0,False,True,32.09505081176758,38.51253128051758,True,35.280487060546875,20.081974029541016
2718.5,False,False,32.10314178466797,38.52460861206055,True,35.280487060546875,20.081974029541016
2719.0,False,False,32.111236572265625,38.53667068481445,True,35.280487060546875,20.081974029541016
2719.5,False,False,32.11933517456055,38.54872512817383,True,35.280487060546875,20.081974029541016
2720.0,False,False,32.127437591552734,38.560768127441406,True,35.280487060546875,20.081974029541016
2720.5,False,False,32.13554382324219,38.57280349731445,True,35.280487060546875,20.081974029541016
2721.0,False,True,32.143653869628906,38.5848274230957,True,35.280487060546875,20.081974029541016
2721.5,False,False,32.15176773071289,38.596839904785156,True,35.280487060546875,20.081974029541016
2722.0,False,False,32.15988540649414,38.60884475708008,True,35.280487060546875,20.081974029541016
2722.5,False,False,32.168006896972656,38.6208381652832,True,35.280487060546875,20.081974029541016
2723.0,False,False,32.17612838745117,38.63282012939453,True,35.280487060546875,20.081974029541016
2723.5,False,False,32.18425750732422,38.64479446411133,True,35.280487060546875,20.081974029541016
2724.0,False,True,32.192386627197266,38.656761169433594,True,35.280487060546875,20.081974029541016
2724.5,False,False,32.20051956176758,38.66871643066406,True,35.280487060546875,20.081974029541016
2725.0,False,False,32.208656311035156,38.680660247802734,True,35.280487060546875,20.081974029541016
2725.5,False,False,32.216796875,38.692596435546875,True,35.280487060546875,20.081974029541016
2726.0,False,False,32.224937438964844,38.70452117919922,True,35.280487060546875,20.081974029541016
2726.5,False,False,32.23308563232422,38.71643829345703,True,35.280487060546875,20.081974029541016
2727.0,False,True,32.241233825683594,38.72834396362305,True,35.280487060546875,20.081974029541016
2727.5,False,False,32.249385833740234,38.74024200439453,True,35.280487060546875,20.081974029541016
2728.0,False,False,32.257537841796875,38.752132415771484,True,35.280487060546875,20.081974029541016
2728.5,False,False,32.26569747924805,38.764007568359375,True,35.280487060546875,20.081974029541016
2729.0,False,False,32.27385711669922,38.77587890625,True,35.280487060546875,20.081974029541016
2729.5,False,False,32.282020568847656,38.78773880004883,True,35.280487060546875,20.081974029541016
2730.0,False,True,32.290184020996094,38.79958724975586,True,35.280487060546875,20.081974029541016
2730.5,False,False,32.29835510253906,38.81142807006836,True,35.280487060546875,20.081974029541016
2731.0,False,False,32.30652618408203,38.82325744628906,True,35.280487060546875,20.081974029541016
2731.5,False,False,32.314701080322266,38.835079193115234,True,35.280487060546875,20.081974029541016
2732.0,False,False,32.3228759765625,38.846893310546875,True,35.280487060546875,20.081974029541016
2732.5,False,False,32.3310546875,38.85869598388672,True,35.280487060546875,20.081974029541016
2733.0,False,True,32.339237213134766,38.87049102783203,True,35.280487060546875,20.081974029541016
2733.5,False,False,32.34741973876953,38.88227844238281,True,35.280487060546875,20.081974029541016
2734.0,False,False,32.35560607910156,38.8940544128418,True,35.280487060546875,20.081974029541016
2734.5,False,False,32.36379623413086,38.905818939208984,True,35.280487060546875,20.081974029541016
2735.0,False,False,32.371986389160156,38.91757583618164,True,35.280487060546875,20.081974029541016
2735.5,False,False,32.38018035888672,38.929325103759766,True,35.280487060546875,20.081974029541016
2736.0,False,True,32.38837432861328,38.94106674194336,True,35.280487060546875,20.081974029541016
2736.5,False,False,32.39657211303711,38.952796936035156,True,35.280487060546875,20.081974029541016
2737.0,False,False,32.4047737121582,38.96451950073242,True,35.280487060546875,20.081974029541016
2737.5,False,False,32.4129753112793,38.97623062133789,True,35.280487060546875,20.081974029541016
2738.0,False,False,32.421180725097656,38.98793411254883,True,35.280487060546875,20.081974029541016
2738.5,False,False,32.429386138916016,38.999629974365234,True,35.280487060546875,20.081974029541016
2739.0,False,True,32.43759536743164,39.011314392089844,True,35.280487060546875,20.081974029541016
2739.5,False,False,32.44580841064453,39.02299499511719,True,35.280487060546875,20.081974029541016
2740.0,False,False,32.454017639160156,39.03466033935547,True,35.280487060546875,20.081974029541016
2740.5,False,False,32.46223449707031,39.046321868896484,True,35.280487060546875,20.081974029541016
2741.0,False,False,32.47045135498047,39.0579719543457,True,35.280487060546875,20.081974029541016
2741.5,False,False,32.478668212890625,39.06961441040039,True,35.280487060546875,20.081974029541016
2742.0,False,True,32.48688888549805,39.08124923706055,True,35.280487060546875,20.081974029541016
2742.5,False,False,32.49510955810547,39.092872619628906,True,35.280487060546875,20.081974029541016
2743.0,False,False,32.503334045410156,39.104488372802734,True,35.280487060546875,20.081974029541016
2743.5,False,False,32.511558532714844,39.11609649658203,True,35.280487060546875,20.081974029541016
2744.0,False,False,32.5197868347168,39.1276969909668,True,35.280487060546875,20.081974029541016
2744.5,False,False,32.52801513671875,39.139286041259766,True,35.280487060546875,20.081974029541016
2745.0,False,True,32.53624725341797,39.1508674621582,True,35.280487060546875,20.081974029541016
2745.5,False,False,32.54447937011719,39.16244125366211,True,35.280487060546875,20.081974029541016
2746.0,False,False,32.552711486816406,39.174007415771484,True,35.280487060546875,20.081974029541016
2746.5,False,False,32.56094741821289,39.18556594848633,True,35.280487060546875,20.081974029541016
2747.0,False,False,32.569183349609375,39.197113037109375,True,35.280487060546875,20.081974029541016
2747.5,False,False,32.577423095703125,39.20865249633789,True,35.280487060546875,20.081974029541016
2748.0,False,True,32.585662841796875,39.220184326171875,True,35.280487060546875,20.081974029541016
2748.5,False,False,32.593902587890625,39.23170471191406,True,35.280487060546875,20.081974029541016
2749.0,False,False,32.60214614868164,39.243221282958984,True,35.280487060546875,20.081974029541016
2749.5,False,False,32.610389709472656,39.25472640991211,True,35.280487060546875,20.081974029541016
2750.0,False,False,32.61863327026367,39.2662239074707,True,35.280487060546875,20.081974029541016
2750.5,False,False,32.62688064575195,39.277713775634766,True,35.280487060546875,20.081974029541016
2751.0,False,True,32.635128021240234,39.2891960144043,True,35.280487060546875,20.081974029541016
2751.5,False,False,32.643375396728516,39.3006706237793,True,35.280487060546875,20.081974029541016
2752.0,False,False,32.65162658691406,39.3121337890625,True,35.280487060546875,20.081974029541016
2752.5,False,False,32.65987777709961,39.32359313964844,True,35.280487060546875,20.081974029541016
2753.0,False,False,32.668128967285156,39.33504104614258,True,35.280487060546875,20.081974029541016
2753.5,False,False,32.67638397216797,39.34648132324219,True,35.280487060546875,20.081974029541016
2754.0,False,True,32.68463897705078,39.357913970947266,True,35.280487060546875,20.081974029541016
2754.5,False,False,32.692893981933594,39.36933898925781,True,35.280487060546875,20.081974029541016
2755.0,False,False,32.701148986816406,39.38075637817383,True,35.280487060546875,20.081974029541016
2755.5,False,False,32.709407806396484,39.39216232299805,True,35.280487060546875,20.081974029541016
2756.0,False,False,32.71766662597656,39.403564453125,True,35.280487060546875,20.081974029541016
2756.5,False,False,32.72592544555664,39.414955139160156,True,35.280487060546875,20.081974029541016
2757.0,False,True,32.73418426513672,39.42634201049805,True,35.280487060546875,20.081974029541016
2757.5,False,False,32.74244689941406,39.43771743774414,True,35.280487060546875,20.081974029541016
2758.0,False,False,32.75070571899414,39.4490852355957,True,35.280487060546875,20.081974029541016
2758.5,False,False,32.758968353271484,39.46044921875,True,35.280487060546875,20.081974029541016
2759.0,False,False,32.76723098754883,39.4718017578125,True,35.280487060546875,20.081974029541016
2759.5,False,False,32.77549743652344,39.48314666748047,True,35.280487060546875,20.081974029541016
2760.0,False,True,32.78376007080078,39.494483947753906,True,35.280487060546875,20.081974029541016
2760.5,False,False,32.79202651977539,39.50581359863281,True,35.280487060546875,20.081974029541016
2761.0,False,False,32.80029296875,39.51713562011719,True,35.280487060546875,20.081974029541016
2761.5,False,False,32.80855941772461,39.52845001220703,True,35.280487060546875,20.081974029541016
2762.0,False,False,32.816829681396484,39.53975296020508,True,35.280487060546875,20.081974029541016
2762.5,False,False,32.825096130371094,39.55105209350586,True,35.280487060546875,20.081974029541016
2763.0,False,True,32.8333625793457,39.56234359741211,True,35.280487060546875,20.081974029541016
2763.5,False,False,32.84163284301758,39.57362747192383,True,35.280487060546875,20.081974029541016
2764.0,False,False,32.84990310668945,39.584903717041016,True,35.280487060546875,20.081974029541016
2764.5,False,False,32.85817337036133,39.59617233276367,True,35.280487060546875,20.081974029541016
2765.0,False,False,32.8664436340332,39.60742950439453,True,35.280487060546875,20.081974029541016
2765.5,False,False,32.87471389770508,39.618682861328125,True,35.280487060546875,20.081974029541016
2766.0,False,True,32.88298797607422,39.62992858886719,True,35.280487060546875,20.081974029541016
2766.5,False,False,32.891258239746094,39.64116668701172,True,35.280487060546875,20.081974029541016
2767.0,False,False,32.89952850341797,39.65239715576172,True,35.280487060546875,20.081974029541016
2767.5,False,False,32.90780258178711,39.66361999511719,True,35.280487060546875,20.081974029541016
2768.0,False,False,32.91607666015625,39.674835205078125,True,35.280487060546875,20.081974029541016
2768.5,False,False,32.924346923828125,39.68604278564453,True,35.280487060546875,20.081974029541016
2769.0,False,True,32.932621002197266,39.697242736816406,True,35.280487060546875,20.081974029541016
2769.5,False,False,32.940895080566406,39.70843505859375,True,35.280487060546875,20.081974029541016
2770.0,False,False,32.94916915893555,39.71961975097656,True,35.280487060546875,20.081974029541016
2770.5,False,False,32.95744323730469,39.730796813964844,True,35.280487060546875,20.081974029541016
2771.0,False,False,32.96571731567383,39.741966247558594,True,35.280487060546875,20.081974029541016
2771.5,False,False,32.97399139404297,39.75313186645508,True,35.280487060546875,20.081974029541016
2772.0,False,True,32.98226547241211,39.764286041259766,True,35.280487060546875,20.081974029541016
2772.5,False,False,32.99053955078125,39.77543640136719,True,35.280487060546875,20.081974029541016
2773.0,False,False,32.99881362915039,39.78657531738281,True,35.280487060546875,20.081974029541016
2773.5,False,False,33.00708770751953,39.79771041870117,True,35.280487060546875,20.081974029541016
2774.0,False,False,33.01536178588867,39.808837890625,True,35.280487060546875,20.081974029541016
2774.5,False,False,33.02363586425781,39.8199577331543,True,35.280487060546875,20.081974029541016
2775.0,False,True,33.03190994262695,39.83106994628906,True,35.280487060546875,20.081974029541016
2775.5,False,False,33.040184020996094,39.8421745300293,True,35.280487060546875,20.081974029541016
2776.0,False,False,33.048458099365234,39.853271484375,True,35.280487060546875,20.081974029541016
2776.5,False,False,33.056732177734375,39.86436080932617,True,35.280487060546875,20.081974029541016
2777.0,False,False,33.065006256103516,39.87544631958008,True,35.280487060546875,20.081974029541016
2777.5,False,False,33.073280334472656,39.88652038574219,True,35.280487060546875,20.081974029541016
2778.0,False,True,33.0815544128418,39.89759063720703,True,35.280487060546875,20.081974029541016
2778.5,False,False,33.08982849121094,39.908653259277344,True,35.280487060546875,20.081974029541016
2779.0,False,False,33.09810256958008,39.919708251953125,True,35.280487060546875,20.081974029541016
2779.5,False,False,33.10637664794922,39.930755615234375,True,35.280487060546875,20.081974029541016
2780.0,False,False,33.114646911621094,39.94179916381836,True,35.280487060546875,20.081974029541016
2780.5,False,False,33.122920989990234,39.95283126831055,True,35.280487060546875,20.081974029541016
2781.0,False,True,33.131195068359375,39.96385955810547,True,35.280487060546875,20.081974029541016
2781.5,False,False,33.13946533203125,39.974876403808594,True,35.280487060546875,20.081974029541016
2782.0,False,False,33.147735595703125,39.98588943481445,True,35.280487060546875,20.081974029541016
2782.5,False,False,33.156009674072266,39.99689865112305,True,35.280487060546875,20.081974029541016
2783.0,False,False,33.16427993774414,40.007896423339844,True,35.280487060546875,20.081974029541016
2783.5,False,False,33.172550201416016,40.01888656616211,True,35.280487060546875,20.081974029541016
2784.0,False,True,33.18082046508789,40.02987289428711,True,35.280487060546875,20.081974029541016
2784.5,False,False,33.189090728759766,40.04085159301758,True,35.280487060546875,20.081974029541016
2785.0,False,False,33.19736099243164,40.051822662353516,True,35.280487060546875,20.081974029541016
2785.5,False,False,33.20562744140625,40.06278610229492,True,35.280487060546875,20.081974029541016
2786.0,False,False,33.213897705078125,40.07374572753906,True,35.280487060546875,20.081974029541016
2786.5,False,False,33.222164154052734,40.08469772338867,True,35.280487060546875,20.081974029541016
2787.0,False,True,33.230430603027344,40.09564208984375,True,35.280487060546875,20.081974029541016
2787.5,False,False,33.23869705200195,40.1065788269043,True,35.280487060546875,20.081974029541016
2788.0,False,False,33.24696350097656,40.11750793457031,True,35.280487060546875,20.081974029541016
2788.5,False,False,33.25522994995117,40.12843322753906,True,35.280487060546875,20.081974029541016
2789.0,False,False,33.26349639892578,40.13935089111328,True,35.280487060546875,20.081974029541016
2789.5,False,False,33.271759033203125,40.15026092529297,True,35.280487060546875,20.081974029541016
2790.0,False,True,33.28002166748047,40.161163330078125,True,35.280487060546875,20.081974029541016
2790.5,False,False,33.28828430175781,40.17205810546875,True,35.280487060546875,20.081974029541016
2791.0,False,False,33.296546936035156,40.18294906616211,True,35.280487060546875,20.081974029541016
2791.5,False,False,33.3048095703125,40.19383239746094,True,35.280487060546875,20.081974029541016
2792.0,False,False,33.313072204589844,40.2047119140625,True,35.280487060546875,20.081974029541016
2792.5,False,False,33.32133102416992,40.215579986572266,True,35.280487060546875,20.081974029541016
2793.0,False,True,33.32958984375,40.226444244384766,True,35.280487060546875,20.081974029541016
2793.5,False,False,33.33784866333008,40.237300872802734,True,35.280487060546875,20.081974029541016
2794.0,False,False,33.346107482910156,40.24814987182617,True,35.280487060546875,20.081974029541016
2794.5,False,False,33.354366302490234,40.258995056152344,True,35.280487060546875,20.081974029541016
2795.0,False,False,33.36262130737305,40.269832611083984,True,35.280487060546875,20.081974029541016
2795.5,False,False,33.37087631225586,40.280662536621094,True,35.280487060546875,20.081974029541016
2796.0,False,True,33.37913131713867,40.29148864746094,True,35.280487060546875,20.081974029541016
2796.5,False,False,33.387386322021484,40.302303314208984,True,35.280487060546875,20.081974029541016
2797.0,False,False,33.39563751220703,40.31311798095703,True,35.280487060546875,20.081974029541016
2797.5,False,False,33.40388870239258,40.32392120361328,True,35.280487060546875,20.081974029541016
2798.0,False,False,33.412139892578125,40.334720611572266,True,35.280487060546875,20.081974029541016
2798.5,False,False,33.42039108276367,40.34551239013672,True,35.280487060546875,20.081974029541016
2799.0,False,True,33.42863845825195,40.35629653930664,True,35.280487060546875,20.081974029541016
2799.5,False,False,33.4368896484375,40.36707305908203,True,35.280487060546875,20.081974029541016
2800.0,False,False,33.445133209228516,40.377845764160156,True,35.280487060546875,20.081974029541016
2800.5,False,False,33.4533805847168,40.388614654541016,True,35.280487060546875,20.081974029541016
2801.0,False,False,33.46162796020508,40.39937210083008,True,35.280487060546875,20.081974029541016
2801.5,False,False,33.469871520996094,40.410125732421875,True,35.280487060546875,20.081974029541016
2802.0,False,True,33.47811508178711,40.42087173461914,True,35.280487060546875,20.081974029541016
2802.5,False,False,33.48635482788086,40.43161392211914,True,35.280487060546875,20.081974029541016
2803.0,False,False,33.494598388671875,40.44234848022461,True,35.280487060546875,20.081974029541016
2803.5,False,False,33.502838134765625,40.45307540893555,True,35.280487060546875,20.081974029541016
2804.0,False,False,33.51107406616211,40.46379470825195,True,35.280487060546875,20.081974029541016
2804.5,False,False,33.51931381225586,40.474510192871094,True,35.280487060546875,20.081974029541016
2805.0,False,True,33.527549743652344,40.4852180480957,True,35.280487060546875,20.081974029541016
2805.5,False,False,33.53578567504883,40.49592208862305,True,35.280487060546875,20.081974029541016
2806.0,False,False,33.54401779174805,40.50661849975586,True,35.280487060546875,20.081974029541016
2806.5,False,False,33.55225372314453,40.51730728149414,True,35.280487060546875,20.081974029541016
2807.0,False,False,33.560482025146484,40.527992248535156,True,35.280487060546875,20.081974029541016
2807.5,False,False,33.5687141418457,40.53866958618164,True,35.280487060546875,20.081974029541016
2808.0,False,True,33.576942443847656,40.54934310913086,True,35.280487060546875,20.081974029541016
2808.5,False,False,33.58517074584961,40.56000518798828,True,35.280487060546875,20.081974029541016
2809.0,False,False,33.59339904785156,40.5706672668457,True,35.280487060546875,20.081974029541016
2809.5,False,False,33.60162353515625,40.58131790161133,True,35.280487060546875,20.081974029541016
2810.0,False,False,33.60984802246094,40.59196472167969,True,35.280487060546875,20.081974029541016
2810.5,False,False,33.618072509765625,40.602603912353516,True,35.280487060546875,20.081974029541016
2811.0,False,True,33.62629318237305,40.61323928833008,True,35.280487060546875,20.081974029541016
2811.5,False,False,33.63451385498047,40.62386703491211,True,35.280487060546875,20.081974029541016
2812.0,False,False,33.642730712890625,40.634490966796875,True,35.280487060546875,20.081974029541016
2812.5,False,False,33.65095138549805,40.64510726928711,True,35.280487060546875,20.081974029541016
2813.0,False,False,33.6591682434082,40.65571594238281,True,35.280487060546875,20.081974029541016
2813.5,False,False,33.667381286621094,40.66632080078125,True,35.280487060546875,20.081974029541016
2814.0,False,True,33.675594329833984,40.676918029785156,True,35.280487060546875,20.081974029541016
2814.5,False,False,33.683807373046875,40.6875114440918,True,35.280487060546875,20.081974029541016
2815.0,False,False,33.6920166015625,40.698097229003906,True,35.280487060546875,20.081974029541016
2815.5,False,False,33.700225830078125,40.708675384521484,True,35.280487060546875,20.081974029541016
2816.0,False,False,33.70843505859375,40.7192497253418,True,35.280487060546875,20.081974029541016
2816.5,False,False,33.71664047241211,40.72981643676758,True,35.280487060546875,20.081974029541016
2817.0,False,True,33.72484588623047,40.740379333496094,True,35.280487060546875,20.081974029541016
2817.5,False,False,33.73305130004883,40.75093460083008,True,35.280487060546875,20.081974029541016
2818.0,False,False,33.74125289916992,40.76148223876953,True,35.280487060546875,20.081974029541016
2818.5,False,False,33.74945068359375,40.77202606201172,True,35.280487060546875,20.081974029541016
2819.0,False,False,33.757652282714844,40.78256607055664,True,35.280487060546875,20.081974029541016
2819.5,False,False,33.76585006713867,40.79309844970703,True,35.280487060546875,20.081974029541016
2820.0,False,True,33.774044036865234,40.80362319946289,True,35.280487060546875,20.081974029541016
2820.5,False,False,33.7822380065918,40.814144134521484,True,35.280487060546875,20.081974029541016
2821.0,False,False,33.79043197631836,40.82465744018555,True,35.280487060546875,20.081974029541016
2821.5,False,False,33.798622131347656,40.835166931152344,True,35.280487060546875,20.081974029541016
2822.0,False,False,33.80681228637695,40.84566879272461,True,35.280487060546875,20.081974029541016
2822.5,False,False,33.814998626708984,40.856163024902344,True,35.280487060546875,20.081974029541016
2823.0,False,True,33.823184967041016,40.86665344238281,True,35.280487060546875,20.081974029541016
2823.5,False,False,33.83137130737305,40.877140045166016,True,35.280487060546875,20.081974029541016
2824.0,False,False,33.83955383300781,40.88761901855469,True,35.280487060546875,20.081974029541016
2824.5,False,False,33.84773635864258,40.89809036254883,True,35.280487060546875,20.081974029541016
2825.0,False,False,33.85591506958008,40.9085578918457,True,35.280487060546875,20.081974029541016
2825.5,False,False,33.86409378051758,40.91902160644531,True,35.280487060546875,20.081974029541016
2826.0,False,True,33.87226867675781,40.929473876953125,True,35.280487060546875,20.081974029541016
2826.5,False,False,33.88044357299805,40.93992614746094,True,35.280487060546875,20.081974029541016
2827.0,False,False,33.88861846923828,40.95037078857422,True,35.280487060546875,20.081974029541016
2827.5,False,False,33.89678955078125,40.96080780029297,True,35.280487060546875,20.081974029541016
2828.0,False,False,33.90495681762695,40.97124099731445,True,35.280487060546875,20.081974029541016
2828.5,False,False,33.91312789916992,40.981666564941406,True,35.280487060546875,20.081974029541016
2829.0,False,True,33.92129135131836,40.992088317871094,True,35.280487060546875,20.081974029541016
2829.5,False,False,33.9294548034668,41.00250244140625,True,35.280487060546875,20.081974029541016
2830.0,False,False,33.937618255615234,41.01291275024414,True,35.280487060546875,20.081974029541016
2830.5,False,False,33.94578170776367,41.023319244384766,True,35.280487060546875,20.081974029541016
2831.0,False,False,33.95393753051758,41.033714294433594,True,35.280487060546875,20.081974029541016
2831.5,False,False,33.96209716796875,41.04410934448242,True,35.280487060546875,20.081974029541016
2832.0,False,True,33.970252990722656,41.05449676513672,True,35.280487060546875,20.081974029541016
2832.5,False,False,33.9784049987793,41.064876556396484,True,35.280487060546875,20.081974029541016
2833.0,False,False,33.98655700683594,41.075252532958984,True,35.280487060546875,20.081974029541016
2833.5,False,False,33.99470520019531,41.08562088012695,True,35.280487060546875,20.081974029541016
2834.0,False,False,34.00285339355469,41.095985412597656,True,35.280487060546875,20.081974029541016
2834.5,False,False,34.01100158691406,41.106346130371094,True,35.280487060546875,20.081974029541016
2835.0,False,True,34.01914596557617,41.11669921875,True,35.280487060546875,20.081974029541016
2835.5,False,False,34.027286529541016,41.127044677734375,True,35.280487060546875,20.081974029541016
2836.0,False,False,34.03542709350586,41.137386322021484,True,35.280487060546875,20.081974029541016
2836.5,False,False,34.0435676574707,41.14772415161133,True,35.280487060546875,20.081974029541016
2837.0,False,False,34.05170440673828,41.15805435180664,True,35.280487060546875,20.081974029541016
2837.5,False,False,34.059837341308594,41.16838073730469,True,35.280487060546875,20.081974029541016
2838.0,False,True,34.067970275878906,41.1786994934082,True,35.280487060546875,20.081974029541016
2838.5,False,False,34.07610321044922,41.18901443481445,True,35.280487060546875,20.081974029541016
2839.0,False,False,34.084232330322266,41.19932174682617,True,35.280487060546875,20.081974029541016
2839.5,False,False,34.09235763549805,41.209625244140625,True,35.280487060546875,20.081974029541016
2840.0,False,False,34.10048294067383,41.21992111206055,True,35.280487060546875,20.081974029541016
2840.5,False,False,34.10860824584961,41.2302131652832,True,35.280487060546875,20.081974029541016
2841.0,False,True,34.116729736328125,41.240501403808594,True,35.280487060546875,20.081974029541016
2841.5,False,False,34.124847412109375,41.25078201293945,True,35.280487060546875,20.081974029541016
2842.0,False,False,34.132965087890625,41.26105499267578,True,35.280487060546875,20.081974029541016
2842.5,False,False,34.14107894897461,41.271324157714844,True,35.280487060546875,20.081974029541016
2843.0,False,False,34.149192810058594,41.28158950805664,True,35.280487060546875,20.081974029541016
2843.5,False,False,34.15730285644531,41.29185104370117,True,35.280487060546875,20.081974029541016
2844.0,False,True,34.16541290283203,41.302101135253906,True,35.280487060546875,20.081974029541016
2844.5,False,False,34.173519134521484,41.31235122680664,True,35.280487060546875,20.081974029541016
2845.0,False,False,34.18162536621094,41.322593688964844,True,35.280487060546875,20.081974029541016
2845.5,False,False,34.189727783203125,41.33283233642578,True,35.280487060546875,20.081974029541016
2846.0,False,False,34.19783020019531,41.34306335449219,True,35.280487060546875,20.081974029541016
2846.5,False,False,34.205928802490234,41.35329055786133,True,35.280487060546875,20.081974029541016
2847.0,False,True,34.21402359008789,41.36351013183594,True,35.280487060546875,20.081974029541016
2847.5,False,False,34.22211837768555,41.37372589111328,True,35.280487060546875,20.081974029541016
2848.0,False,False,34.2302131652832,41.383934020996094,True,35.280487060546875,20.081974029541016
2848.5,False,False,34.23830032348633,41.394142150878906,True,35.280487060546875,20.081974029541016
2849.0,False,False,34.24639129638672,41.40433883666992,True,35.280487060546875,20.081974029541016
2849.5,False,False,34.254478454589844,41.41453552246094,True,35.280487060546875,20.081974029541016
2850.0,False,True,34.2625617980957,41.42472457885742,True,35.280487060546875,20.081974029541016
2850.5,False,False,34.2706413269043,41.434906005859375,True,35.280487060546875,20.081974029541016
2851.0,False,False,34.27872085571289,41.44508361816406,True,35.280487060546875,20.081974029541016
2851.5,False,False,34.286800384521484,41.455257415771484,True,35.280487060546875,20.081974029541016
2852.0,False,False,34.29487609863281,41.465423583984375,True,35.280487060546875,20.081974029541016
2852.5,False,False,34.302947998046875,41.4755859375,True,35.280487060546875,20.081974029541016
2853.0,False,True,34.31101989746094,41.48574447631836,True,35.280487060546875,20.081974029541016
2853.5,False,False,34.319087982177734,41.49589538574219,True,35.280487060546875,20.081974029541016
2854.0,False,False,34.32715606689453,41.50604248046875,True,35.280487060546875,20.081974029541016
2854.5,False,False,34.33522033691406,41.51618194580078,True,35.280487060546875,20.081974029541016
2855.0,False,False,34.34328079223633,41.52631759643555,True,35.280487060546875,20.081974029541016
2855.5,False,False,34.351341247558594,41.53644943237305,True,35.280487060546875,20.081974029541016
2856.0,False,True,34.35940170288086,41.546573638916016,True,35.280487060546875,20.081974029541016
2856.5,False,False,34.367454528808594,41.55669403076172,True,35.280487060546875,20.081974029541016
2857.0,False,False,34.375511169433594,41.56680679321289,True,35.280487060546875,20.081974029541016
2857.5,False,False,34.38356018066406,41.5769157409668,True,35.280487060546875,20.081974029541016
2858.0,False,False,34.39160919189453,41.58702087402344,True,35.280487060546875,20.081974029541016
2858.5,False,False,34.399658203125,41.59712219238281,True,35.280487060546875,20.081974029541016
2859.0,False,True,34.40769958496094,41.607215881347656,True,35.280487060546875,20.081974029541016
2859.5,False,False,34.41574478149414,41.61730194091797,True,35.280487060546875,20.081974029541016
2860.0,False,False,34.42378234863281,41.62738800048828,True,35.280487060546875,20.081974029541016
2860.5,False,False,34.431819915771484,41.63746643066406,True,35.280487060546875,20.081974029541016
2861.0,False,False,34.439857482910156,41.64753723144531,True,35.280487060546875,20.081974029541016
2861.5,False,False,34.4478874206543,41.6576042175293,True,35.280487060546875,20.081974029541016
2862.0,False,True,34.4559211730957,41.667667388916016,True,35.280487060546875,20.081974029541016
2862.5,False,False,34.46394729614258,41.67772674560547,True,35.280487060546875,20.081974029541016
2863.0,False,False,34.47197341918945,41.68777847290039,True,35.280487060546875,20.081974029541016
2863.5,False,False,34.47999954223633,41.69782638549805,True,35.280487060546875,20.081974029541016
2864.0,False,False,34.48801803588867,41.70786666870117,True,35.280487060546875,20.081974029541016
2864.5,False,False,34.49604034423828,41.71790313720703,True,35.280487060546875,20.081974029541016
2865.0,False,True,34.50405502319336,41.727935791015625,True,35.280487060546875,20.081974029541016
2865.5,False,False,34.51206970214844,41.73796463012695,True,35.280487060546875,20.081974029541016
2866.0,False,False,34.52008056640625,41.74798583984375,True,35.280487060546875,20.081974029541016
2866.5,False,False,34.52809143066406,41.757999420166016,True,35.280487060546875,20.081974029541016
2867.0,False,False,34.53609848022461,41.76801300048828,True,35.280487060546875,20.081974029541016
2867.5,False,False,34.544105529785156,41.778018951416016,True,35.280487060546875,20.081974029541016
2868.0,False,True,34.55210494995117,41.788021087646484,True,35.280487060546875,20.081974029541016
2868.5,False,False,34.56010818481445,41.79801559448242,True,35.280487060546875,20.081974029541016
2869.0,False,False,34.5681037902832,41.808006286621094,True,35.280487060546875,20.081974029541016
2869.5,False,False,34.57609939575195,41.8179931640625,True,35.280487060546875,20.081974029541016
2870.0,False,False,34.5840950012207,41.82797622680664,True,35.280487060546875,20.081974029541016
2870.5,False,False,34.59208297729492,41.83795166015625,True,35.280487060546875,20.081974029541016
2871.0,False,True,34.60007095336914,41.84791946411133,True,35.280487060546875,20.081974029541016
2871.5,False,False,34.60805892944336,41.857887268066406,True,35.280487060546875,20.081974029541016
2872.0,False,False,34.61604309082031,41.86784744262695,True,35.280487060546875,20.081974029541016
2872.5,False,False,34.6240234375,41.877803802490234,True,35.280487060546875,20.081974029541016
2873.0,False,False,34.63199996948242,41.88775634765625,True,35.280487060546875,20.081974029541016
2873.5,False,False,34.639976501464844,41.897701263427734,True,35.280487060546875,20.081974029541016
2874.0,False,True,34.64794921875,41.90764236450195,True,35.280487060546875,20.081974029541016
2874.5,False,False,34.655921936035156,41.91757583618164,True,35.280487060546875,20.081974029541016
2875.0,False,False,34.66389083862305,41.92750930786133,True,35.280487060546875,20.081974029541016
2875.5,False,False,34.67185592651367,41.937435150146484,True,35.280487060546875,20.081974029541016
2876.0,False,False,34.6798210144043,41.94735336303711,True,35.280487060546875,20.081974029541016
2876.5,False,False,34.687782287597656,41.957271575927734,True,35.280487060546875,20.081974029541016
2877.0,False,True,34.69573974609375,41.96718215942383,True,35.280487060546875,20.081974029541016
2877.5,False,False,34.703697204589844,41.977088928222656,True,35.280487060546875,20.081974029541016
2878.0,False,False,34.71165084838867,41.98698806762695,True,35.280487060546875,20.081974029541016
2878.5,False,False,34.719600677490234,41.996883392333984,True,35.280487060546875,20.081974029541016
2879.0,False,False,34.7275505065918,42.00677490234375,True,35.280487060546875,20.081974029541016
2879.5,False,False,34.735496520996094,42.01666259765625,True,35.280487060546875,20.081974029541016
2880.0,False,True,34.74344253540039,42.02654266357422,True,35.280487060546875,20.081974029541016
2880.5,False,False,34.75138473510742,42.03641891479492,True,35.280487060546875,20.081974029541016
2881.0,False,False,34.75932312011719,42.04629135131836,True,35.280487060546875,20.081974029541016
2881.5,False,False,34.76725769042969,42.056156158447266,True,35.280487060546875,20.081974029541016
2882.0,False,False,34.77519226074219,42.06602096557617,True,35.280487060546875,20.081974029541016
2882.5,False,False,34.78312301635742,42.07587432861328,True,35.280487060546875,20.081974029541016
2883.0,False,True,34.791053771972656,42.08572769165039,True,35.280487060546875,20.081974029541016
2883.5,False,False,34.79897689819336,42.09557342529297,True,35.280487060546875,20.081974029541016
2884.0,False,False,34.80690383911133,42.10541534423828,True,35.280487060546875,20.081974029541016
2884.5,False,False,34.814823150634766,42.11525344848633,True,35.280487060546875,20.081974029541016
2885.0,False,False,34.8227424621582,42.12508773803711,True,35.280487060546875,20.081974029541016
2885.5,False,False,34.830657958984375,42.13491439819336,True,35.280487060546875,20.081974029541016
2886.0,False,True,34.83857345581055,42.144737243652344,True,35.280487060546875,20.081974029541016
2886.5,False,False,34.84648132324219,42.15455627441406,True,35.280487060546875,20.081974029541016
2887.0,False,False,34.85438919067383,42.16436767578125,True,35.280487060546875,20.081974029541016
2887.5,False,False,34.86229705810547,42.17417526245117,True,35.280487060546875,20.081974029541016
2888.0,False,False,34.870201110839844,42.18397903442383,True,35.280487060546875,20.081974029541016
2888.5,False,False,34.87810134887695,42.19377899169922,True,35.280487060546875,20.081974029541016
2889.0,False,True,34.8859977722168,42.20357131958008,True,35.280487060546875,20.081974029541016
2889.5,False,False,34.89389419555664,42.21335983276367,True,35.280487060546875,20.081974029541016
2890.0,False,False,34.90178680419922,42.22314453125,True,35.280487060546875,20.081974029541016
2890.5,False,False,34.90967559814453,42.2329216003418,True,35.280487060546875,20.081974029541016
2891.0,False,False,34.917564392089844,42.242698669433594,True,35.280487060546875,20.081974029541016
2891.5,False,False,34.92544937133789,42.25246810913086,True,35.280487060546875,20.081974029541016
2892.0,False,True,34.93333053588867,42.26223373413086,True,35.280487060546875,20.081974029541016
2892.5,False,False,34.94121170043945,42.27199172973633,True,35.280487060546875,20.081974029541016
2893.0,False,False,34.94908905029297,42.28174591064453,True,35.280487060546875,20.081974029541016
2893.5,False,False,34.95696258544922,42.29149627685547,True,35.280487060546875,20.081974029541016
2894.0,False,False,34.96483612060547,42.30124282836914,True,35.280487060546875,20.081974029541016
2894.5,False,False,34.97270584106445,42.31098556518555,True,35.280487060546875,20.081974029541016
2895.0,False,True,34.98057174682617,42.32072067260742,True,35.280487060546875,20.081974029541016
2895.5,False,False,34.988433837890625,42.33045196533203,True,35.280487060546875,20.081974029541016
2896.0,False,False,34.99629592895508,42.340179443359375,True,35.280487060546875,20.081974029541016
2896.5,False,False,35.004154205322266,42.34990310668945,True,35.280487060546875,20.081974029541016
2897.0,False,False,35.01201248168945,42.359619140625,True,35.280487060546875,20.081974029541016
2897.5,False,False,35.019866943359375,42.36933135986328,True,35.280487060546875,20.081974029541016
2898.0,False,True,35.02771759033203,42.3790397644043,True,35.280487060546875,20.081974029541016
2898.5,False,False,35.03556442260742,42.38874435424805,True,35.280487060546875,20.081974029541016
2899.0,False,False,35.04341125488281,42.398441314697266,True,35.280487060546875,20.081974029541016
2899.5,False,False,35.05125427246094,42.40813446044922,True,35.280487060546875,20.081974029541016
2900.0,False,False,35.0590934753418,42.417823791503906,True,35.280487060546875,20.081974029541016
2900.5,False,False,35.06692886352539,42.42750930786133,True,35.280487060546875,20.081974029541016
2901.0,False,True,35.074764251708984,42.43718719482422,True,35.280487060546875,20.081974029541016
2901.5,False,False,35.08259582519531,42.446861267089844,True,35.280487060546875,20.081974029541016
2902.0,False,False,35.09042739868164,42.4565315246582,True,35.280487060546875,20.081974029541016
2902.5,False,False,35.09825134277344,42.4661979675293,True,35.280487060546875,20.081974029541016
2903.0,False,False,35.106075286865234,42.475860595703125,True,35.280487060546875,20.081974029541016
2903.5,False,False,35.11389923095703,42.48551559448242,True,35.280487060546875,20.081974029541016
2904.0,False,True,35.1217155456543,42.49516677856445,True,35.280487060546875,20.081974029541016
2904.5,False,False,35.12953186035156,42.50481414794922,True,35.280487060546875,20.081974029541016
2905.0,False,False,35.13734436035156,42.51445770263672,True,35.280487060546875,20.081974029541016
2905.5,False,False,35.14515686035156,42.52409362792969,True,35.280487060546875,20.081974029541016
2906.0,False,False,35.1529655456543,42.533729553222656,True,35.280487060546875,20.081974029541016
2906.5,False,False,35.160770416259766,42.543357849121094,True,35.280487060546875,20.081974029541016
2907.0,False,True,35.16857147216797,42.552978515625,True,35.280487060546875,20.081974029541016
2907.5,False,False,35.17637252807617,42.562599182128906,True,35.280487060546875,20.081974029541016
2908.0,False,False,35.18416976928711,42.57221221923828,True,35.280487060546875,20.081974029541016
2908.5,False,False,35.19196319580078,42.581825256347656,True,35.280487060546875,20.081974029541016
2909.0,False,False,35.19975280761719,42.5914306640625,True,35.280487060546875,20.081974029541016
2909.5,False,False,35.207542419433594,42.60102844238281,True,35.280487060546875,20.081974029541016
2910.0,False,True,35.215328216552734,42.610626220703125,True,35.280487060546875,20.081974029541016
2910.5,False,False,35.223114013671875,42.620216369628906,True,35.280487060546875,20.081974029541016
2911.0,False,False,35.230892181396484,42.62980270385742,True,35.280487060546875,20.081974029541016
2911.5,False,False,35.238670349121094,42.63938522338867,True,35.280487060546875,20.081974029541016
2912.0,False,False,35.24644470214844,42.648963928222656,True,35.280487060546875,20.081974029541016
2912.5,False,False,35.25421905517578,42.658538818359375,True,35.280487060546875,20.081974029541016
2913.0,False,True,35.261985778808594,42.66810607910156,True,35.280487060546875,20.081974029541016
2913.5,False,False,35.269752502441406,42.677669525146484,True,35.280487060546875,20.081974029541016
2914.0,False,False,35.27751922607422,42.68722915649414,True,35.280487060546875,20.081974029541016
2914.5,False,False,35.2852783203125,42.69678497314453,True,35.280487060546875,20.081974029541016
2915.0,True,False,35.29303741455078,42.706336975097656,False,35.435401916503906,20.081974029541016
2915.5,False,False,35.3007926940918,42.71588134765625,False,35.435401916503906,20.081974029541016
2916.0,False,True,35.30854797363281,42.72542190551758,False,35.435401916503906,20.081974029541016
2916.5,False,False,35.3162956237793,42.70659255981445,False,35.435401916503906,20.081974029541016
2917.0,False,False,35.32395553588867,42.68783187866211,False,35.435401916503906,20.081974029541016
2917.5,False,False,35.33152389526367,42.66913604736328,False,35.435401916503906,20.081974029541016
2918.0,False,False,35.3390007019043,42.65050506591797,False,35.435401916503906,20.081974029541016
2918.5,False,False,35.34638977050781,42.63194274902344,False,35.435401916503906,20.081974029541016
2919.0,False,True,35.35368728637695,42.61344909667969,False,35.435401916503906,20.081974029541016
2919.5,False,False,35.36090087890625,42.59501647949219,False,35.435401916503906,20.081974029541016
2920.0,False,False,35.36802291870117,42.57665252685547,False,35.435401916503906,20.081974029541016
2920.5,False,False,35.375057220458984,42.558349609375,False,35.435401916503906,20.081974029541016
2921.0,False,False,35.38200759887695,42.54011535644531,False,35.435401916503906,20.081974029541016
2921.5,False,False,35.38886642456055,42.521942138671875,False,35.435401916503906,20.081974029541016
2922.0,False,True,35.39564514160156,42.50382995605469,False,35.435401916503906,20.081974029541016
2922.5,False,False,35.40233612060547,42.48578643798828,False,35.435401916503906,20.081974029541016
2923.0,False,False,35.40894317626953,42.467803955078125,False,35.435401916503906,20.081974029541016
2923.5,False,False,35.41546630859375,42.44988250732422,False,35.435401916503906,20.081974029541016
2924.0,False,False,35.421905517578125,42.43202209472656,False,35.435401916503906,20.081974029541016
2924.5,False,False,35.42826461791992,42.41422653198242,False,35.435401916503906,20.081974029541016
2925.0,False,True,35.434539794921875,42.396488189697266,False,35.435401916503906,20.081974029541016
2925.5,False,False,35.440731048583984,42.378814697265625,False,35.435401916503906,20.081974029541016
2926.0,False,False,35.446842193603516,42.361202239990234,False,35.435401916503906,20.081974029541016
2926.5,False,False,35.45287322998047,42.34364700317383,False,35.435401916503906,20.081974029541016
2927.0,False,False,35.458824157714844,42.32615280151367,False,35.435401916503906,20.081974029541016
2927.5,False,False,35.46469497680664,42.308719635009766,False,35.435401916503906,20.081974029541016
2928.0,False,True,35.470489501953125,42.291343688964844,False,35.435401916503906,20.081974029541016
2928.5,False,False,35.476200103759766,42.274024963378906,False,35.435401916503906,20.081974029541016
2929.0,False,False,35.481834411621094,42.25676727294922,False,35.435401916503906,20.081974029541016
2929.5,False,False,35.48739242553711,42.239566802978516,False,35.435401916503906,20.081974029541016
2930.0,False,False,35.49287414550781,42.22242736816406,False,35.435401916503906,20.081974029541016
2930.5,False,False,35.4982795715332,42.20534133911133,False,35.435401916503906,20.081974029541016
2931.0,False,True,35.503604888916016,42.18831253051758,False,35.435401916503906,20.081974029541016
2931.5,False,False,35.50885772705078,42.17134094238281,False,35.435401916503906,20.081974029541016
2932.0,False,False,35.514034271240234,42.15442657470703,False,35.435401916503906,20.081974029541016
2932.5,False,False,35.51913833618164,42.137569427490234,False,35.435401916503906,20.081974029541016
2933.0,False,False,35.524166107177734,42.120765686035156,False,35.435401916503906,20.081974029541016
2933.5,False,False,35.52912139892578,42.10401916503906,False,35.435401916503906,20.081974029541016
2934.0,False,True,35.534000396728516,42.08732604980469,False,35.435401916503906,20.081974029541016
2934.5,False,False,35.53881072998047,42.0706901550293,False,35.435401916503906,20.081974029541016
2935.0,False,False,35.54354476928711,42.054107666015625,False,35.435401916503906,20.081974029541016
2935.5,False,False,35.54821014404297,42.03757858276367,False,35.435401916503906,20.081974029541016
2936.0,False,False,35.55280685424805,42.02110290527344,False,35.435401916503906,20.081974029541016
2936.5,False,False,35.55732727050781,42.00468063354492,False,35.435401916503906,20.081974029541016
2937.0,False,True,35.5617790222168,41.988311767578125,False,35.435401916503906,20.081974029541016
2937.5,False,False,35.566162109375,41.97199630737305,False,35.435401916503906,20.081974029541016
2938.0,False,False,35.57047653198242,41.95573425292969,False,35.435401916503906,20.081974029541016
2938.5,False,False,35.57472229003906,41.93952178955078,False,35.435401916503906,20.081974029541016
2939.0,False,False,35.578895568847656,41.92336654663086,False,35.435401916503906,20.081974029541016
2939.5,False,False,35.583003997802734,41.907257080078125,False,35.435401916503906,20.081974029541016
2940.0,False,True,35.58704376220703,41.89120101928711,False,35.435401916503906,20.081974029541016
2940.5,False,False,35.59101867675781,41.87519836425781,False,35.435401916503906,20.081974029541016
2941.0,False,False,35.59492492675781,41.8592414855957,False,35.435401916503906,20.081974029541016
2941.5,False,False,35.59876251220703,41.84333801269531,False,35.435401916503906,20.081974029541016
2942.0,False,False,35.6025390625,41.827484130859375,False,35.435401916503906,20.081974029541016
2942.5,False,False,35.60624694824219,41.811683654785156,False,35.435401916503906,20.081974029541016
2943.0,False,True,35.60988998413086,41.795928955078125,False,35.435401916503906,20.081974029541016
2943.5,False,False,35.61347198486328,41.78022384643555,False,35.435401916503906,20.081974029541016
2944.0,False,False,35.61698532104492,41.76456832885742,False,35.435401916503906,20.081974029541016
2944.5,False,False,35.62043762207031,41.748958587646484,False,35.435401916503906,20.081974029541016
2945.0,False,False,35.62382507324219,41.733402252197266,False,35.435401916503906,20.081974029541016
2945.5,False,False,35.62715148925781,41.71788787841797,False,35.435401916503906,20.081974029541016
2946.0,False,True,35.63041305541992,41.70242691040039,False,35.435401916503906,20.081974029541016
2946.5,False,False,35.63361358642578,41.68701171875,False,35.435401916503906,20.081974029541016
2947.0,False,False,35.63675308227539,41.6716423034668,False,35.435401916503906,20.081974029541016
2947.5,False,False,35.63983154296875,41.65632247924805,False,35.435401916503906,20.081974029541016
2948.0,False,False,35.64284896850586,41.641048431396484,False,35.435401916503906,20.081974029541016
2948.5,False,False,35.64580535888672,41.62582015991211,False,35.435401916503906,20.081974029541016
2949.0,False,True,35.64870071411133,41.61063766479492,False,35.435401916503906,20.081974029541016
2949.5,False,False,35.65153884887695,41.59550094604492,False,35.435401916503906,20.081974029541016
2950.0,False,False,35.65431594848633,41.58041000366211,False,35.435401916503906,20.081974029541016
2950.5,False,False,35.65703582763672,41.565364837646484,False,35.435401916503906,20.081974029541016
2951.0,False,False,35.659698486328125,41.55036544799805,False,35.435401916503906,20.081974029541016
2951.5,False,False,35.66230010986328,41.5354118347168,False,35.435401916503906,20.081974029541016
2952.0,False,True,35.66484451293945,41.52050018310547,False,35.435401916503906,20.081974029541016
2952.5,False,False,35.66733169555664,41.50563430786133,False,35.435401916503906,20.081974029541016
2953.0,False,False,35.66976547241211,41.49081039428711,False,35.435401916503906,20.081974029541016
2953.5,False,False,35.67213821411133,41.47603225708008,False,35.435401916503906,20.081974029541016
2954.0,False,False,35.67445755004883,41.461299896240234,False,35.435401916503906,20.081974029541016
2954.5,False,False,35.676719665527344,41.44660568237305,False,35.435401916503906,20.081974029541016
2955.0,False,True,35.678924560546875,41.43195724487305,False,35.435401916503906,20.081974029541016
2955.5,False,False,35.68107604980469,41.417354583740234,False,35.435401916503906,20.081974029541016
2956.0,False,False,35.68317413330078,41.40279006958008,False,35.435401916503906,20.081974029541016
2956.5,False,False,35.685218811035156,41.38827133178711,False,35.435401916503906,20.081974029541016
2957.0,False,False,35.68720626831055,41.3737907409668,False,35.435401916503906,20.081974029541016
2957.5,False,False,35.68914031982422,41.359352111816406,False,35.435401916503906,20.081974029541016
2958.0,False,True,35.69102478027344,41.3449592590332,False,35.435401916503906,20.081974029541016
2958.5,False,False,35.69285202026367,41.330604553222656,False,35.435401916503906,20.081974029541016
2959.0,False,False,35.69462966918945,41.31629180908203,False,35.435401916503906,20.081974029541016
2959.5,False,False,35.696353912353516,41.30202102661133,False,35.435401916503906,20.081974029541016
2960.0,False,False,35.69802474975586,41.28778839111328,False,35.435401916503906,20.081974029541016
2960.5,False,False,35.69964599609375,41.273597717285156,False,35.435401916503906,20.081974029541016
2961.0,False,True,35.70121765136719,41.25944519042969,False,35.435401916503906,20.081974029541016
2961.5,False,False,35.702735900878906,41.24533462524414,False,35.435401916503906,20.081974029541016
2962.0,False,False,35.70420455932617,41.23126220703125,False,35.435401916503906,20.081974029541016
2962.5,False,False,35.705623626708984,41.21723175048828,False,35.435401916503906,20.081974029541016
2963.0,False,False,35.706993103027344,41.20323944091797,False,35.435401916503906,20.081974029541016
2963.5,False,False,35.70831298828125,41.18928527832031,False,35.435401916503906,20.081974029541016
2964.0,False,True,35.7095832824707,41.17536926269531,False,35.435401916503906,20.081974029541016
2964.5,False,False,35.7108039855957,41.161495208740234,False,35.435401916503906,20.081974029541016
2965.0,False,False,35.71197509765625,41.14765548706055,False,35.435401916503906,20.081974029541016
2965.5,False,False,35.71310043334961,41.133853912353516,False,35.435401916503906,20.081974029541016
2966.0,False,False,35.714176177978516,41.120094299316406,False,35.435401916503906,20.081974029541016
2966.5,False,False,35.715206146240234,41.10636901855469,False,35.435401916503906,20.081974029541016
2967.0,False,True,35.716190338134766,41.092681884765625,False,35.435401916503906,20.081974029541016
2967.5,False,False,35.717124938964844,41.07903289794922,False,35.435401916503906,20.081974029541016
2968.0,False,False,35.718013763427734,41.0654182434082,False,35.435401916503906,20.081974029541016
2968.5,False,False,35.71885299682617,41.05184555053711,False,35.435401916503906,20.081974029541016
2969.0,False,False,35.71965026855469,41.03830337524414,False,35.435401916503906,20.081974029541016
2969.5,False,False,35.720401763916016,41.024803161621094,False,35.435401916503906,20.081974029541016
2970.0,False,True,35.721107482910156,41.01133346557617,False,35.435401916503906,20.081974029541016
2970.5,False,False,35.72176742553711,40.99790573120117,False,35.435401916503906,20.081974029541016
2971.0,False,False,35.722381591796875,40.9845085144043,False,35.435401916503906,20.081974029541016
2971.5,False,False,35.72295379638672,40.97114944458008,False,35.435401916503906,20.081974029541016
2972.0,False,False,35.723480224609375,40.95782470703125,False,35.435401916503906,20.081974029541016
2972.5,False,False,35.72396469116211,40.94453811645508,False,35.435401916503906,20.081974029541016
2973.0,False,True,35.724403381347656,40.93128204345703,False,35.435401916503906,20.081974029541016
2973.5,False,False,35.72480010986328,40.91806411743164,False,35.435401916503906,20.081974029541016
2974.0,False,False,35.72515106201172,40.90488052368164,False,35.435401916503906,20.081974029541016
2974.5,False,False,35.7254638671875,40.89173126220703,False,35.435401916503906,20.081974029541016
2975.0,False,False,35.725730895996094,40.87861251831055,False,35.435401916503906,20.081974029541016
2975.5,False,False,35.725955963134766,40.86553192138672,False,35.435401916503906,20.081974029541016
2976.0,False,True,35.72614288330078,40.852481842041016,False,35.435401916503906,20.081974029541016
2976.5,False,False,35.72628402709961,40.83946990966797,False,35.435401916503906,20.081974029541016
2977.0,False,False,35.72638702392578,40.82648849487305,False,35.435401916503906,20.081974029541016
2977.5,False,False,35.72644805908203,40.813541412353516,False,35.435401916503906,20.081974029541016
2978.0,False,False,35.72646713256836,40.80062484741211,False,35.435401916503906,20.081974029541016
2978.5,False,False,35.726444244384766,40.787742614746094,False,35.435401916503906,20.081974029541016
2979.0,False,True,35.726383209228516,40.77489471435547,False,35.435401916503906,20.081974029541016
2979.5,False,False,35.72628402709961,40.76207733154297,False,35.435401916503906,20.081974029541016
2980.0,False,False,35.72614288330078,40.749290466308594,False,35.435401916503906,20.081974029541016
2980.5,False,False,35.7259635925293,40.73653793334961,False,35.435401916503906,20.081974029541016
2981.0,False,False,35.725746154785156,40.723819732666016,False,35.435401916503906,20.081974029541016
2981.5,False,False,35.725486755371094,40.71112823486328,False,35.435401916503906,20.081974029541016
2982.0,False,True,35.72519302368164,40.69847106933594,False,35.435401916503906,20.081974029541016
2982.5,False,False,35.724857330322266,40.68584442138672,False,35.435401916503906,20.081974029541016
2983.0,False,False,35.724483489990234,40.67325210571289,False,35.435401916503906,20.081974029541016
2983.5,False,False,35.72407531738281,40.66068649291992,False,35.435401916503906,20.081974029541016
2984.0,False,False,35.72362518310547,40.648155212402344,False,35.435401916503906,20.081974029541016
2984.5,False,False,35.723140716552734,40.635650634765625,False,35.435401916503906,20.081974029541016
2985.0,False,True,35.722618103027344,40.6231803894043,False,35.435401916503906,20.081974029541016
2985.5,False,False,35.72206115722656,40.61073684692383,False,35.435401916503906,20.081974029541016
2986.0,False,False,35.721466064453125,40.59832763671875,False,35.435401916503906,20.081974029541016
2986.5,False,False,35.72083282470703,40.58594512939453,False,35.435401916503906,20.081974029541016
2987.0,False,False,35.72016525268555,40.57359313964844,False,35.435401916503906,20.081974029541016
2987.5,False,False,35.719459533691406,40.56127166748047,False,35.435401916503906,20.081974029541016
2988.0,False,True,35.71872329711914,40.548980712890625,False,35.435401916503906,20.081974029541016
2988.5,False,False,35.71794891357422,40.53671646118164,False,35.435401916503906,20.081974029541016
2989.0,False,False,35.71713638305664,40.52448272705078,False,35.435401916503906,20.081974029541016
2989.5,False,False,35.71629333496094,40.51227951049805,False,35.435401916503906,20.081974029541016
2990.0,False,False,35.715415954589844,40.50010299682617,False,35.435401916503906,20.081974029541016
2990.5,False,False,35.714500427246094,40.48795700073242,False,35.435401916503906,20.081974029541016
2991.0,False,True,35.71355438232422,40.47583770751953,False,35.435401916503906,20.081974029541016
2991.5,False,False,35.71257400512695,40.4637451171875,False,35.435401916503906,20.081974029541016
2992.0,False,False,35.7115592956543,40.451683044433594,False,35.435401916503906,20.081974029541016
2992.5,False,False,35.71051025390625,40.43965148925781,False,35.435401916503906,20.081974029541016
2993.0,False,False,35.70942687988281,40.427642822265625,False,35.435401916503906,20.081974029541016
2993.5,False,False,35.70831298828125,40.41566467285156,False,35.435401916503906,20.081974029541016
2994.0,False,True,35.7071647644043,40.40371322631836,False,35.435401916503906,20.081974029541016
2994.5,False,False,35.70598602294922,40.39179229736328,False,35.435401916503906,20.081974029541016
2995.0,False,False,35.70477294921875,40.3798942565918,False,35.435401916503906,20.081974029541016
2995.5,False,False,35.703529357910156,40.36802673339844,False,35.435401916503906,20.081974029541016
2996.0,False,False,35.70225524902344,40.35618591308594,False,35.435401916503906,20.081974029541016
2996.5,False,False,35.70094680786133,40.34436798095703,False,35.435401916503906,20.081974029541016
2997.0,False,True,35.699607849121094,40.33258056640625,False,35.435401916503906,20.081974029541016
2997.5,False,False,35.698238372802734,40.32081985473633,False,35.435401916503906,20.081974029541016
2998.0,False,False,35.696834564208984,40.30908203125,False,35.435401916503906,20.081974029541016
2998.5,False,False,35.695404052734375,40.2973747253418,False,35.435401916503906,20.081974029541016
2999.0,False,False,35.69394302368164,40.28569030761719,False,35.435401916503906,20.081974029541016
2999.5,False,False,35.692447662353516,40.27403259277344,False,35.435401916503906,20.081974029541016
3000.0,False,True,35.69092559814453,40.26240158081055,False,35.435401916503906,20.081974029541016
3000.5,False,False,35.68937301635742,40.25079345703125,False,35.435401916503906,20.081974029541016
3001.0,False,False,35.68778991699219,40.23921585083008,False,35.435401916503906,20.081974029541016
3001.5,False,False,35.68617630004883,40.2276611328125,False,35.435401916503906,20.081974029541016
3002.0,False,False,35.68453598022461,40.216129302978516,False,35.435401916503906,20.081974029541016
3002.5,False,False,35.682865142822266,40.20462417602539,False,35.435401916503906,20.081974029541016
3003.0,False,True,35.6811637878418,40.193145751953125,False,35.435401916503906,20.081974029541016
3003.5,False,False,35.67943572998047,40.18169021606445,False,35.435401916503906,20.081974029541016
3004.0,False,False,35.67768096923828,40.17026138305664,False,35.435401916503906,20.081974029541016
3004.5,False,False,35.6758918762207,40.15885543823242,False,35.435401916503906,20.081974029541016
3005.0,False,False,35.67407989501953,40.1474723815918,False,35.435401916503906,20.081974029541016
3005.5,False,False,35.672237396240234,40.13611602783203,False,35.435401916503906,20.081974029541016
3006.0,False,True,35.67036819458008,40.12478256225586,False,35.435401916503906,20.081974029541016
3006.5,False,False,35.66847229003906,40.11347579956055,False,35.435401916503906,20.081974029541016
3007.0,False,False,35.66654968261719,40.10218811035156,False,35.435401916503906,20.081974029541016
3007.5,False,False,35.66459655761719,40.09092712402344,False,35.435401916503906,20.081974029541016
3008.0,False,False,35.662620544433594,40.07969284057617,False,35.435401916503906,20.081974029541016
3008.5,False,False,35.660614013671875,40.068477630615234,False,35.435401916503906,20.081974029541016
3009.0,False,True,35.6585807800293,40.05728530883789,False,35.435401916503906,20.081974029541016
3009.5,False,False,35.656524658203125,40.046119689941406,False,35.435401916503906,20.081974029541016
3010.0,False,False,35.654441833496094,40.034976959228516,False,35.435401916503906,20.081974029541016
3010.5,False,False,35.65232849121094,40.02385330200195,False,35.435401916503906,20.081974029541016
3011.0,False,False,35.65019226074219,40.01275634765625,False,35.435401916503906,20.081974029541016
3011.5,False,False,35.648033142089844,40.001678466796875,False,35.435401916503906,20.081974029541016
3012.0,False,True,35.645843505859375,39.99062728881836,False,35.435401916503906,20.081974029541016
3012.5,False,False,35.64363098144531,39.97959518432617,False,35.435401916503906,20.081974029541016
3013.0,False,False,35.64139175415039,39.968589782714844,False,35.435401916503906,20.081974029541016
3013.5,False,False,35.639129638671875,39.957603454589844,False,35.435401916503906,20.081974029541016
3014.0,False,False,35.6368408203125,39.94664001464844,False,35.435401916503906,20.081974029541016
3014.5,False,False,35.63452911376953,39.935699462890625,False,35.435401916503906,20.081974029541016
3015.0,False,True,35.63219451904297,39.92477798461914,False,35.435401916503906,20.081974029541016
3015.5,False,False,35.62983322143555,39.91387939453125,False,35.435401916503906,20.081974029541016
3016.0,False,False,35.627445220947266,39.90300369262695,False,35.435401916503906,20.081974029541016
3016.5,False,False,35.625038146972656,39.89215087890625,False,35.435401916503906,20.081974029541016
3017.0,False,False,35.62260437011719,39.881317138671875,False,35.435401916503906,20.081974029541016
3017.5,False,False,35.620147705078125,39.87050247192383,False,35.435401916503906,20.081974029541016
3018.0,False,True,35.61766815185547,39.85971450805664,False,35.435401916503906,20.081974029541016
3018.5,False,False,35.61516189575195,39.84894561767578,False,35.435401916503906,20.081974029541016
3019.0,False,False,35.61263656616211,39.83819580078125,False,35.435401916503906,20.081974029541016
3019.5,False,False,35.61008834838867,39.82746887207031,False,35.435401916503906,20.081974029541016
3020.0,False,False,35.607513427734375,39.8167610168457,False,35.435401916503906,20.081974029541016
3020.5,False,False,35.60491943359375,39.80607604980469,False,35.435401916503906,20.081974029541016
3021.0,False,True,35.60230255126953,39.79541015625,False,35.435401916503906,20.081974029541016
3021.5,False,False,35.59966278076172,39.78476333618164,False,35.435401916503906,20.081974029541016
3022.0,False,False,35.59700012207031,39.774139404296875,False,35.435401916503906,20.081974029541016
3022.5,False,False,35.59431838989258,39.76353454589844,False,35.435401916503906,20.081974029541016
3023.0,False,False,35.591609954833984,39.75294876098633,False,35.435401916503906,20.081974029541016
3023.5,False,False,35.58888244628906,39.74238204956055,False,35.435401916503906,20.081974029541016
3024.0,False,True,35.58613204956055,39.73183822631836,False,35.435401916503906,20.081974029541016
3024.5,False,False,35.5833625793457,39.7213134765625,False,35.435401916503906,20.081974029541016
3025.0,False,False,35.580570220947266,39.71080780029297,False,35.435401916503906,20.081974029541016
3025.5,False,False,35.5777587890625,39.700321197509766,False,35.435401916503906,20.081974029541016
3026.0,False,False,35.57492446899414,39.689857482910156,False,35.435401916503906,20.081974029541016
3026.5,False,False,35.57207107543945,39.67940902709961,False,35.435401916503906,20.081974029541016
3027.0,False,True,35.56919479370117,39.668983459472656,False,35.435401916503906,20.081974029541016
3027.5,False,False,35.56629943847656,39.658573150634766,False,35.435401916503906,20.081974029541016
3028.0,False,False,35.563385009765625,39.64818572998047,False,35.435401916503906,20.081974029541016
3028.5,False,False,35.560447692871094,39.637813568115234,False,35.435401916503906,20.081974029541016
3029.0,False,False,35.557491302490234,39.627464294433594,False,35.435401916503906,20.081974029541016
3029.5,False,False,35.55451583862305,39.617130279541016,False,35.435401916503906,20.081974029541016
3030.0,False,True,35.551517486572266,39.606815338134766,False,35.435401916503906,20.081974029541016
3030.5,False,False,35.54850387573242,39.596519470214844,False,35.435401916503906,20.081974029541016
3031.0,False,False,35.545467376708984,39.58624267578125,False,35.435401916503906,20.081974029541016
3031.5,False,False,35.54241180419922,39.575984954833984,False,35.435401916503906,20.081974029541016
3032.0,False,False,35.539337158203125,39.56574630737305,False,35.435401916503906,20.081974029541016
3032.5,False,False,35.53624725341797,39.55552291870117,False,35.435401916503906,20.081974029541016
3033.0,False,True,35.53313446044922,39.545318603515625,False,35.435401916503906,20.081974029541016
3033.5,False,False,35.53000259399414,39.535133361816406,False,35.435401916503906,20.081974029541016
3034.0,False,False,35.52685546875,39.52496337890625,False,35.435401916503906,20.081974029541016
3034.5,False,False,35.523685455322266,39.51481246948242,False,35.435401916503906,20.081974029541016
3035.0,False,False,35.52050018310547,39.50468063354492,False,35.435401916503906,20.081974029541016
3035.5,False,False,35.517295837402344,39.49456787109375,False,35.435401916503906,20.081974029541016
3036.0,False,True,35.51407241821289,39.48447036743164,False,35.435401916503906,20.081974029541016
3036.5,False,False,35.510833740234375,39.474388122558594,False,35.435401916503906,20.081974029541016
3037.0,False,False,35.507572174072266,39.464324951171875,False,35.435401916503906,20.081974029541016
3037.5,False,False,35.50429916381836,39.454280853271484,False,35.435401916503906,20.081974029541016
3038.0,False,False,35.50100326538086,39.444252014160156,False,35.435401916503906,20.081974029541016
3038.5,False,False,35.4976921081543,39.434242248535156,False,35.435401916503906,20.081974029541016
3039.0,False,True,35.494361877441406,39.42424774169922,False,35.435401916503906,20.081974029541016
3039.5,False,False,35.49101638793945,39.41427230834961,False,35.435401916503906,20.081974029541016
3040.0,False,False,35.48765563964844,39.40431213378906,False,35.435401916503906,20.081974029541016
3040.5,False,False,35.484275817871094,39.39436721801758,False,35.435401916503906,20.081974029541016
3041.0,False,False,35.48087692260742,39.38444137573242,False,35.435401916503906,20.081974029541016
3041.5,False,False,35.47746276855469,39.37453079223633,False,35.435401916503906,20.081974029541016
3042.0,False,True,35.47403335571289,39.3646354675293,False,35.435401916503906,20.081974029541016
3042.5,False,False,35.470584869384766,39.354759216308594,False,35.435401916503906,20.081974029541016
3043.0,False,False,35.467124938964844,39.34489822387695,False,35.435401916503906,20.081974029541016
3043.5,False,False,35.463645935058594,39.335052490234375,False,35.435401916503906,20.081974029541016
3044.0,False,False,35.460147857666016,39.325225830078125,False,35.435401916503906,20.081974029541016
3044.5,False,False,35.45663833618164,39.31541061401367,False,35.435401916503906,20.081974029541016
3045.0,False,True,35.45310974121094,39.30561447143555,False,35.435401916503906,20.081974029541016
3045.5,False,False,35.44956588745117,39.295833587646484,False,35.435401916503906,20.081974029541016
3046.0,False,False,35.446006774902344,39.28607177734375,False,35.435401916503906,20.081974029541016
3046.5,False,False,35.44243240356445,39.27632141113281,False,35.435401916503906,20.081974029541016
3047.0,False,False,35.4388427734375,39.26658630371094,False,35.435401916503906,20.081974029541016
3047.5,False,False,35.435237884521484,39.25687026977539,False,35.435401916503906,20.081974029541016
3048.0,True,True,35.431617736816406,39.24716567993164,False,35.435401916503906,20.081974029541016
3048.5,False,False,35.427982330322266,39.23748016357422,False,35.435401916503906,20.081974029541016
3049.0,False,False,35.42433166503906,39.22780990600586,False,35.435401916503906,20.081974029541016
3049.5,False,False,35.4206657409668,39.21815490722656,False,35.435401916503906,20.081974029541016
3050.0,False,False,35.41698455810547,39.20851135253906,False,35.435401916503906,20.081974029541016
3050.5,False,False,35.413291931152344,39.19888687133789,False,35.435401916503906,20.081974029541016
3051.0,False,True,35.40958023071289,39.189273834228516,False,35.435401916503906,20.081974029541016
3051.5,False,False,35.40585708618164,39.17967987060547,False,35.435401916503906,20.081974029541016
3052.0,False,False,35.40211868286133,39.17009735107422,False,35.435401916503906,20.081974029541016
3052.5,False,False,35.39836502075195,39.1605339050293,False,35.435401916503906,20.081974029541016
3053.0,False,False,35.39459991455078,39.15098190307617,False,35.435401916503906,20.081974029541016
3053.5,False,False,35.39081954956055,39.14144515991211,False,35.435401916503906,20.081974029541016
3054.0,False,True,35.38702392578125,39.13192367553711,False,35.435401916503906,20.081974029541016
3054.5,False,False,35.383216857910156,39.122413635253906,False,35.435401916503906,20.081974029541016
3055.0,False,False,35.37939453125,39.11292266845703,False,35.435401916503906,20.081974029541016
3055.5,False,False,35.37555694580078,39.10344314575195,False,35.435401916503906,20.081974029541016
3056.0,False,False,35.371707916259766,39.09397888183594,False,35.435401916503906,20.081974029541016
3056.5,False,False,35.36784744262695,39.084529876708984,False,35.435401916503906,20.081974029541016
3057.0,False,True,35.36397171020508,39.07509231567383,False,35.435401916503906,20.081974029541016
3057.5,False,False,35.36008071899414,39.065673828125,False,35.435401916503906,20.081974029541016
3058.0,False,False,35.356178283691406,39.0562629699707,False,35.435401916503906,20.081974029541016
3058.5,False,False,35.352264404296875,39.046871185302734,False,35.435401916503906,20.081974029541016
3059.0,False,False,35.34833526611328,39.03749084472656,False,35.435401916503906,20.081974029541016
3059.5,False,False,35.34439468383789,39.02812576293945,False,35.435401916503906,20.081974029541016
3060.0,False,True,35.3404426574707,39.01877212524414,False,35.435401916503906,20.081974029541016
3060.5,False,False,35.33647537231445,39.00943374633789,False,35.435401916503906,20.081974029541016
3061.0,False,False,35.332496643066406,39.0001106262207,False,35.435401916503906,20.081974029541016
3061.5,False,False,35.32850646972656,38.99079895019531,False,35.435401916503906,20.081974029541016
3062.0,False,False,35.32450485229492,38.981502532958984,False,35.435401916503906,20.081974029541016
3062.5,False,False,35.32048797607422,38.97221755981445,False,35.435401916503906,20.081974029541016
3063.0,False,True,35.31645965576172,38.96294403076172,False,35.435401916503906,20.081974029541016
3063.5,False,False,35.31241989135742,38.95368957519531,False,35.435401916503906,20.081974029541016
3064.0,False,False,35.30836868286133,38.94444274902344,False,35.435401916503906,20.081974029541016
3064.5,False,False,35.30430603027344,38.935211181640625,False,35.435401916503906,20.081974029541016
3065.0,False,False,35.30023193359375,38.925994873046875,False,35.435401916503906,20.081974029541016
3065.5,False,False,35.296142578125,38.91679000854492,False,35.435401916503906,20.081974029541016
3066.0,False,True,35.29204559326172,38.907596588134766,False,35.435401916503906,20.081974029541016
3066.5,False,False,35.287933349609375,38.89841842651367,False,35.435401916503906,20.081974029541016
3067.0,False,False,35.2838134765625,38.889251708984375,False,35.435401916503906,20.081974029541016
3067.5,False,False,35.27968215942383,38.88010025024414,False,35.435401916503906,20.081974029541016
3068.0,False,False,35.275535583496094,38.87095642089844,False,35.435401916503906,20.081974029541016
3068.5,False,False,35.27138137817383,38.86183166503906,False,35.435401916503906,20.081974029541016
3069.0,False,True,35.267215728759766,38.85271453857422,False,35.435401916503906,20.081974029541016
3069.5,False,False,35.263038635253906,38.84361267089844,False,35.435401916503906,20.081974029541016
3070.0,False,False,35.25885009765625,38.83452224731445,False,35.435401916503906,20.081974029541016
3070.5,False,False,35.2546501159668,38.825443267822266,False,35.435401916503906,20.081974029541016
3071.0,False,False,35.25044250488281,38.81637954711914,False,35.435401916503906,20.081974029541016
3071.5,False,False,35.246219635009766,38.80732345581055,False,35.435401916503906,20.081974029541016
3072.0,False,True,35.24198913574219,38.798282623291016,False,35.435401916503906,20.081974029541016
3072.5,False,False,35.23774719238281,38.78925704956055,False,35.435401916503906,20.081974029541016
3073.0,False,False,35.233497619628906,38.78023910522461,False,35.435401916503906,20.081974029541016
3073.5,False,False,35.2292366027832,38.771236419677734,False,35.435401916503906,20.081974029541016
3074.0,False,False,35.2249641418457,38.76224136352539,False,35.435401916503906,20.081974029541016
3074.5,False,False,35.220680236816406,38.75326156616211,False,35.435401916503906,20.081974029541016
3075.0,False,True,35.21638870239258,38.744293212890625,False,35.435401916503906,20.081974029541016
3075.5,False,False,35.21208572387695,38.73533630371094,False,35.435401916503906,20.081974029541016
3076.0,False,False,35.2077751159668,38.72639083862305,False,35.435401916503906,20.081974029541016
3076.5,False,False,35.203453063964844,38.71746063232422,False,35.435401916503906,20.081974029541016
3077.0,False,False,35.199119567871094,38.70853805541992,False,35.435401916503906,20.081974029541016
3077.5,False,False,35.19477844238281,38.69962692260742,False,35.435401916503906,20.081974029541016
3078.0,False,True,35.190425872802734,38.690731048583984,False,35.435401916503906,20.081974029541016
3078.5,False,False,35.186065673828125,38.68184280395508,False,35.435401916503906,20.081974029541016
3079.0,False,False,35.181697845458984,38.672969818115234,False,35.435401916503906,20.081974029541016
3079.5,False,False,35.17731857299805,38.66410446166992,False,35.435401916503906,20.081974029541016
3080.0,False,False,35.17292785644531,38.65525436401367,False,35.435401916503906,20.081974029541016
3080.5,False,False,35.16852951049805,38.64641189575195,False,35.435401916503906,20.081974029541016
3081.0,False,True,35.16412353515625,38.6375846862793,False,35.435401916503906,20.081974029541016
3081.5,False,False,35.159706115722656,38.62876510620117,False,35.435401916503906,20.081974029541016
3082.0,False,False,35.15528106689453,38.619956970214844,False,35.435401916503906,20.081974029541016
3082.5,False,False,35.150848388671875,38.61116027832031,False,35.435401916503906,20.081974029541016
3083.0,False,False,35.14640426635742,38.60237503051758,False,35.435401916503906,20.081974029541016
3083.5,False,False,35.14195251464844,38.59360122680664,False,35.435401916503906,20.081974029541016
3084.0,False,True,35.13749313354492,38.5848388671875,False,35.435401916503906,20.081974029541016
3084.5,False,False,35.13302230834961,38.576087951660156,False,35.435401916503906,20.081974029541016
3085.0,False,False,35.12854766845703,38.56734848022461,False,35.435401916503906,20.081974029541016
3085.5,False,False,35.124061584472656,38.558616638183594,False,35.435401916503906,20.081974029541016
3086.0,False,False,35.119564056396484,38.549896240234375,False,35.435401916503906,20.081974029541016
3086.5,False,False,35.11506271362305,38.54118728637695,False,35.435401916503906,20.081974029541016
3087.0,False,True,35.11054992675781,38.53248977661133,False,35.435401916503906,20.081974029541016
3087.5,False,False,35.10603332519531,38.5238037109375,False,35.435401916503906,20.081974029541016
3088.0,False,False,35.101505279541016,38.5151252746582,False,35.435401916503906,20.081974029541016
3088.5,False,False,35.09696960449219,38.5064582824707,False,35.435401916503906,20.081974029541016
3089.0,False,False,35.09242630004883,38.497802734375,False,35.435401916503906,20.081974029541016
3089.5,False,False,35.08787155151367,38.489158630371094,False,35.435401916503906,20.081974029541016
3090.0,False,True,35.08331298828125,38.48052215576172,False,35.435401916503906,20.081974029541016
3090.5,False,False,35.0787467956543,38.47189712524414,False,35.435401916503906,20.081974029541016
3091.0,False,False,35.07417297363281,38.46328353881836,False,35.435401916503906,20.081974029541016
3091.5,False,False,35.06958770751953,38.45467758178711,False,35.435401916503906,20.081974029541016
3092.0,False,False,35.064998626708984,38.44608688354492,False,35.435401916503906,20.081974029541016
3092.5,False,False,35.060401916503906,38.4375,False,35.435401916503906,20.081974029541016
3093.0,False,True,35.05579376220703,38.42892837524414,False,35.435401916503906,20.081974029541016
3093.5,False,False,35.05118179321289,38.42036437988281,False,35.435401916503906,20.081974029541016
3094.0,False,False,35.04656219482422,38.41181182861328,False,35.435401916503906,20.081974029541016
3094.5,False,False,35.041934967041016,38.40326690673828,False,35.435401916503906,20.081974029541016
3095.0,False,False,35.03730010986328,38.39473342895508,False,35.435401916503906,20.081974029541016
3095.5,False,False,35.032657623291016,38.386207580566406,False,35.435401916503906,20.081974029541016
3096.0,False,True,35.02800750732422,38.3776969909668,False,35.435401916503906,20.081974029541016
3096.5,False,False,35.023353576660156,38.36919021606445,False,35.435401916503906,20.081974029541016
3097.0,False,False,35.0186882019043,38.36069869995117,False,35.435401916503906,20.081974029541016
3097.5,False,False,35.01401901245117,38.352210998535156,False,35.435401916503906,20.081974029541016
3098.0,False,False,35.009342193603516,38.3437385559082,False,35.435401916503906,20.081974029541016
3098.5,False,False,35.00465774536133,38.33527374267578,False,35.435401916503906,20.081974029541016
3099.0,False,True,34.999969482421875,38.32681655883789,False,35.435401916503906,20.081974029541016
3099.5,False,False,34.995269775390625,38.3183708190918,False,35.435401916503906,20.081974029541016
3100.0,False,False,34.99056625366211,38.309932708740234,False,35.435401916503906,20.081974029541016
3100.5,False,False,34.98585510253906,38.30150604248047,False,35.435401916503906,20.081974029541016
3101.0,False,False,34.98114013671875,38.2930908203125,False,35.435401916503906,20.081974029541016
3101.5,False,False,34.97641372680664,38.2846794128418,False,35.435401916503906,20.081974029541016
3102.0,False,True,34.971683502197266,38.276283264160156,False,35.435401916503906,20.081974029541016
3102.5,False,False,34.966949462890625,38.26789093017578,False,35.435401916503906,20.081974029541016
3103.0,False,False,34.96220779418945,38.2595100402832,False,35.435401916503906,20.081974029541016
3103.5,False,False,34.95745849609375,38.25114059448242,False,35.435401916503906,20.081974029541016
3104.0,False,False,34.952701568603516,38.24277877807617,False,35.435401916503906,20.081974029541016
3104.5,False,False,34.947940826416016,38.23442459106445,False,35.435401916503906,20.081974029541016
3105.0,False,True,34.943172454833984,38.22608184814453,False,35.435401916503906,20.081974029541016
3105.5,False,False,34.93840026855469,38.21774673461914,False,35.435401916503906,20.081974029541016
3106.0,False,False,34.93362045288086,38.20942306518555,False,35.435401916503906,20.081974029541016
3106.5,False,False,34.928836822509766,38.201107025146484,False,35.435401916503906,20.081974029541016
3107.0,False,False,34.92404556274414,38.19279861450195,False,35.435401916503906,20.081974029541016
3107.5,False,False,34.919246673583984,38.18449783325195,False,35.435401916503906,20.081974029541016
3108.0,False,True,34.91444396972656,38.17620849609375,False,35.435401916503906,20.081974029541016
3108.5,False,False,34.909637451171875,38.167930603027344,False,35.435401916503906,20.081974029541016
3109.0,False,False,34.904823303222656,38.1596565246582,False,35.435401916503906,20.081974029541016
3109.5,False,False,34.900001525878906,38.15139389038086,False,35.435401916503906,20.081974029541016
3110.0,False,False,34.89517593383789,38.14313888549805,False,35.435401916503906,20.081974029541016
3110.5,False,False,34.89034652709961,38.134891510009766,False,35.435401916503906,20.081974029541016
3111.0,False,True,34.8855094909668,38.12665557861328,False,35.435401916503906,20.081974029541016
3111.5,False,False,34.88066864013672,38.11842727661133,False,35.435401916503906,20.081974029541016
3112.0,False,False,34.87582015991211,38.110206604003906,False,35.435401916503906,20.081974029541016
3112.5,False,False,34.870967864990234,38.10199737548828,False,35.435401916503906,20.081974029541016
3113.0,False,False,34.866111755371094,38.09379196166992,False,35.435401916503906,20.081974029541016
3113.5,False,False,34.86124801635742,38.08559799194336,False,35.435401916503906,20.081974029541016
3114.0,False,True,34.856380462646484,38.07741165161133,False,35.435401916503906,20.081974029541016
3114.5,False,False,34.851505279541016,38.069236755371094,False,35.435401916503906,20.081974029541016
3115.0,False,False,34.84663009643555,38.061065673828125,False,35.435401916503906,20.081974029541016
3115.5,False,False,34.84174346923828,38.05290603637695,False,35.435401916503906,20.081974029541016
3116.0,False,False,34.836856842041016,38.04475402832031,False,35.435401916503906,20.081974029541016
3116.5,False,False,34.83196258544922,38.0366096496582,False,35.435401916503906,20.081974029541016
3117.0,False,True,34.827064514160156,38.028472900390625,False,35.435401916503906,20.081974029541016
3117.5,False,False,34.82216262817383,38.020347595214844,False,35.435401916503906,20.081974029541016
3118.0,False,False,34.817256927490234,38.01222610473633,False,35.435401916503906,20.081974029541016
3118.5,False,False,34.81234359741211,38.00411605834961,False,35.435401916503906,20.081974029541016
3119.0,False,False,34.80742645263672,37.99601364135742,False,35.435401916503906,20.081974029541016
3119.5,False,False,34.80250549316406,37.9879150390625,False,35.435401916503906,20.081974029541016
3120.0,False,True,34.797576904296875,37.979827880859375,False,35.435401916503906,20.081974029541016
3120.5,False,False,34.79264831542969,37.97175216674805,False,35.435401916503906,20.081974029541016
3121.0,False,False,34.78771209716797,37.963680267333984,False,35.435401916503906,20.081974029541016
3121.5,False,False,34.782772064208984,37.95561599731445,False,35.435401916503906,20.081974029541016
3122.0,False,False,34.777828216552734,37.94756317138672,False,35.435401916503906,20.081974029541016
3122.5,False,False,34.77287673950195,37.93951416015625,False,35.435401916503906,20.081974029541016
3123.0,False,True,34.76792526245117,37.93147659301758,False,35.435401916503906,20.081974029541016
3123.5,False,False,34.76296615600586,37.92344284057617,False,35.435401916503906,20.081974029541016
3124.0,False,False,34.75800704956055,37.91542053222656,False,35.435401916503906,20.081974029541016
3124.5,False,False,34.7530403137207,37.90740203857422,False,35.435401916503906,20.081974029541016
3125.0,False,False,34.748069763183594,37.89939498901367,False,35.435401916503906,20.081974029541016
3125.5,False,False,34.74309539794922,37.891395568847656,False,35.435401916503906,20.081974029541016
3126.0,False,True,34.73811721801758,37.88340377807617,False,35.435401916503906,20.081974029541016
3126.5,False,False,34.73313522338867,37.87541580200195,False,35.435401916503906,20.081974029541016
3127.0,False,False,34.7281494140625,37.86743927001953,False,35.435401916503906,20.081974029541016
3127.5,False,False,34.72315979003906,37.85947036743164,False,35.435401916503906,20.081974029541016
3128.0,False,False,34.718162536621094,37.851505279541016,False,35.435401916503906,20.081974029541016
3128.5,False,False,34.713165283203125,37.84355163574219,False,35.435401916503906,20.081974029541016
3129.0,False,True,34.70816421508789,37.83560562133789,False,35.435401916503906,20.081974029541016
3129.5,False,False,34.70315933227539,37.82766342163086,False,35.435401916503906,20.081974029541016
3130.0,False,False,34.69814682006836,37.819732666015625,False,35.435401916503906,20.081974029541016
3130.5,False,False,34.69313430786133,37.811805725097656,False,35.435401916503906,20.081974029541016
3131.0,False,False,34.68811798095703,37.803890228271484,False,35.435401916503906,20.081974029541016
3131.5,False,False,34.68309783935547,37.79597854614258,False,35.435401916503906,20.081974029541016
3132.0,False,True,34.67807388305664,37.78807830810547,False,35.435401916503906,20.081974029541016
3132.5,False,False,34.67304611206055,37.780181884765625,False,35.435401916503906,20.081974029541016
3133.0,False,False,34.66801452636719,37.77229309082031,False,35.435401916503906,20.081974029541016
3133.5,False,False,34.66297912597656,37.76441192626953,False,35.435401916503906,20.081974029541016
3134.0,False,False,34.65793991088867,37.75653839111328,False,35.435401916503906,20.081974029541016
3134.5,False,False,34.65290069580078,37.74867248535156,False,35.435401916503906,20.081974029541016
3135.0,False,True,34.64785385131836,37.74081039428711,False,35.435401916503906,20.081974029541016
3135.5,False,False,34.64280319213867,37.73295974731445,False,35.435401916503906,20.081974029541016
3136.0,False,False,34.637752532958984,37.72511291503906,False,35.435401916503906,20.081974029541016
3136.5,False,False,34.63269805908203,37.71727752685547,False,35.435401916503906,20.081974029541016
3137.0,False,False,34.62763977050781,37.70944595336914,False,35.435401916503906,20.081974029541016
3137.5,False,False,34.62257766723633,37.701622009277344,False,35.435401916503906,20.081974029541016
3138.0,False,True,34.61751174926758,37.69380569458008,False,35.435401916503906,20.081974029541016
3138.5,False,False,34.61244583129883,37.68599319458008,False,35.435401916503906,20.081974029541016
3139.0,False,False,34.60737609863281,37.678192138671875,False,35.435401916503906,20.081974029541016
3139.5,False,False,34.602298736572266,37.67039489746094,False,35.435401916503906,20.081974029541016
3140.0,False,False,34.59722137451172,37.66260528564453,False,35.435401916503906,20.081974029541016
3140.5,False,False,34.59214401245117,37.654823303222656,False,35.435401916503906,20.081974029541016
3141.0,False,True,34.587059020996094,37.64704895019531,False,35.435401916503906,20.081974029541016
3141.5,False,False,34.581974029541016,37.639278411865234,False,35.435401916503906,20.081974029541016
3142.0,False,False,34.57688522338867,37.63151931762695,False,35.435401916503906,20.081974029541016
3142.5,False,False,34.57179260253906,37.62376403808594,False,35.435401916503906,20.081974029541016
3143.0,False,False,34.56669998168945,37.61601257324219,False,35.435401916503906,20.081974029541016
3143.5,False,False,34.56159973144531,37.608272552490234,False,35.435401916503906,20.081974029541016
3144.0,False,True,34.55649948120117,37.60053634643555,False,35.435401916503906,20.081974029541016
3144.5,False,False,34.55139923095703,37.592811584472656,False,35.435401916503906,20.081974029541016
3145.0,False,False,34.54629135131836,37.585086822509766,False,35.435401916503906,20.081974029541016
3145.5,False,False,34.54118347167969,37.57737350463867,False,35.435401916503906,20.081974029541016
3146.0,False,False,34.53607177734375,37.569664001464844,False,35.435401916503906,20.081974029541016
3146.5,False,False,34.53096008300781,37.56196212768555,False,35.435401916503906,20.081974029541016
3147.0,False,True,34.52584457397461,37.55426788330078,False,35.435401916503906,20.081974029541016
3147.5,False,False,34.52072525024414,37.54658126831055,False,35.435401916503906,20.081974029541016
3148.0,False,False,34.515602111816406,37.53889846801758,False,35.435401916503906,20.081974029541016
3148.5,False,False,34.51047897338867,37.53122329711914,False,35.435401916503906,20.081974029541016
3149.0,False,False,34.50535202026367,37.523555755615234,False,35.435401916503906,20.081974029541016
3149.5,False,False,34.50022506713867,37.515892028808594,False,35.435401916503906,20.081974029541016
3150.0,False,True,34.495094299316406,37.508235931396484,False,35.435401916503906,20.081974029541016
3150.5,False,False,34.489959716796875,37.500587463378906,False,35.435401916503906,20.081974029541016
3151.0,False,False,34.484825134277344,37.492942810058594,False,35.435401916503906,20.081974029541016
3151.5,False,False,34.47968673706055,37.48530578613281,False,35.435401916503906,20.081974029541016
3152.0,False,False,34.47454833984375,37.47767639160156,False,35.435401916503906,20.081974029541016
3152.5,False,False,34.46940612792969,37.47005081176758,False,35.435401916503906,20.081974029541016
3153.0,False,True,34.46426010131836,37.462432861328125,False,35.435401916503906,20.081974029541016
3153.5,False,False,34.45911407470703,37.4548225402832,False,35.435401916503906,20.081974029541016
3154.0,False,False,34.45396423339844,37.44721603393555,False,35.435401916503906,20.081974029541016
3154.5,False,False,34.448814392089844,37.43961715698242,False,35.435401916503906,20.081974029541016
3155.0,False,False,34.443660736083984,37.43202209472656,False,35.435401916503906,20.081974029541016
3155.5,False,False,34.43850326538086,37.424434661865234,False,35.435401916503906,20.081974029541016
3156.0,False,True,34.433345794677734,37.41685485839844,False,35.435401916503906,20.081974029541016
3156.5,False,False,34.42818832397461,37.40928268432617,False,35.435401916503906,20.081974029541016
3157.0,False,False,34.42302703857422,37.40171432495117,False,35.435401916503906,20.081974029541016
3157.5,False,False,34.41786193847656,37.39414978027344,False,35.435401916503906,20.081974029541016
3158.0,False,False,34.412696838378906,37.3865966796875,False,35.435401916503906,20.081974029541016
3158.5,False,False,34.40753173828125,37.37904357910156,False,35.435401916503906,20.081974029541016
3159.0,False,True,34.40236282348633,37.37150192260742,False,35.435401916503906,20.081974029541016
3159.5,False,False,34.39719009399414,37.36396408081055,False,35.435401916503906,20.081974029541016
3160.0,False,False,34.39201736450195,37.35643005371094,False,35.435401916503906,20.081974029541016
3160.5,False,False,34.386844635009766,37.34890365600586,False,35.435401916503906,20.081974029541016
3161.0,False,False,34.38166809082031,37.34138488769531,False,35.435401916503906,20.081974029541016
3161.5,False,False,34.37649154663086,37.33386993408203,False,35.435401916503906,20.081974029541016
3162.0,False,True,34.37131118774414,37.32636260986328,False,35.435401916503906,20.081974029541016
3162.5,False,False,34.36613082885742,37.3188591003418,False,35.435401916503906,20.081974029541016
3163.0,False,False,34.36094665527344,37.311363220214844,False,35.435401916503906,20.081974029541016
3163.5,False,False,34.35576248168945,37.30387496948242,False,35.435401916503906,20.081974029541016
3164.0,False,False,34.3505744934082,37.296390533447266,False,35.435401916503906,20.081974029541016
3164.5,False,False,34.34538650512695,37.288909912109375,False,35.435401916503906,20.081974029541016
3165.0,False,True,34.3401985168457,37.281436920166016,False,35.435401916503906,20.081974029541016
3165.5,False,False,34.33500671386719,37.27397155761719,False,35.435401916503906,20.081974029541016
3166.0,False,False,34.32981491088867,37.266510009765625,False,35.435401916503906,20.081974029541016
3166.5,False,False,34.32461929321289,37.25905227661133,False,35.435401916503906,20.081974029541016
3167.0,False,False,34.319427490234375,37.25160217285156,False,35.435401916503906,20.081974029541016
3167.5,False,False,34.31422805786133,37.24415969848633,False,35.435401916503906,20.081974029541016
3168.0,False,True,34.30902862548828,37.23672103881836,False,35.435401916503906,20.081974029541016
3168.5,False,False,34.303829193115234,37.22929000854492,False,35.435401916503906,20.081974029541016
3169.0,False,False,34.29862976074219,37.22186279296875,False,35.435401916503906,20.081974029541016
3169.5,False,False,34.293426513671875,37.214439392089844,False,35.435401916503906,20.081974029541016
3170.0,False,False,34.28822326660156,37.20702362060547,False,35.435401916503906,20.081974029541016
3170.5,False,False,34.28302001953125,37.199615478515625,False,35.435401916503906,20.081974029541016
3171.0,False,True,34.27781295776367,37.19220733642578,False,35.435401916503906,20.081974029541016
3171.5,False,False,34.272605895996094,37.184810638427734,False,35.435401916503906,20.081974029541016
3172.0,False,False,34.26739501953125,37.17741775512695,False,35.435401916503906,20.081974029541016
3172.5,False,False,34.262184143066406,37.17002868652344,False,35.435401916503906,20.081974029541016
3173.0,False,False,34.25697326660156,37.16264724731445,False,35.435401916503906,20.081974029541016
3173.5,False,False,34.25176239013672,37.155269622802734,False,35.435401916503906,20.081974029541016
3174.0,False,True,34.24654769897461,37.14789962768555,False,35.435401916503906,20.081974029541016
3174.5,False,False,34.2413330078125,37.140533447265625,False,35.435401916503906,20.081974029541016
3175.0,False,False,34.23611831665039,37.13317108154297,False,35.435401916503906,20.081974029541016
3175.5,False,False,34.230899810791016,37.125816345214844,False,35.435401916503906,20.081974029541016
3176.0,False,False,34.225685119628906,37.11846923828125,False,35.435401916503906,20.081974029541016
3176.5,False,False,34.220462799072266,37.111122131347656,False,35.435401916503906,20.081974029541016
3177.0,False,True,34.21524429321289,37.10378646850586,False,35.435401916503906,20.081974029541016
3177.5,False,False,34.21002197265625,37.09645080566406,False,35.435401916503906,20.081974029541016
3178.0,False,False,34.204803466796875,37.0891227722168,False,35.435401916503906,20.081974029541016
3178.5,False,False,34.19957733154297,37.08180236816406,False,35.435401916503906,20.081974029541016
3179.0,False,False,34.19435501098633,37.07448196411133,False,35.435401916503906,20.081974029541016
3179.5,False,False,34.18912887573242,37.06717300415039,False,35.435401916503906,20.081974029541016
3180.0,False,True,34.18390655517578,37.05986404418945,False,35.435401916503906,20.081974029541016
3180.5,False,False,34.17867660522461,37.05256271362305,False,35.435401916503906,20.081974029541016
3181.0,False,False,34.1734504699707,37.04526901245117,False,35.435401916503906,20.081974029541016
3181.5,False,False,34.1682243347168,37.0379753112793,False,35.435401916503906,20.081974029541016
3182.0,False,False,34.162994384765625,37.03068923950195,False,35.435401916503906,20.081974029541016
3182.5,False,False,34.15776443481445,37.02341079711914,False,35.435401916503906,20.081974029541016
3183.0,False,True,34.15253448486328,37.016136169433594,False,35.435401916503906,20.081974029541016
3183.5,False,False,34.14730453491211,37.00886535644531,False,35.435401916503906,20.081974029541016
3184.0,False,False,34.14207077026367,37.0015983581543,False,35.435401916503906,20.081974029541016
3184.5,False,False,34.136837005615234,36.99433898925781,False,35.435401916503906,20.081974029541016
3185.0,False,False,34.1316032409668,36.98708724975586,False,35.435401916503906,20.081974029541016
3185.5,False,False,34.12636947631836,36.979835510253906,False,35.435401916503906,20.081974029541016
3186.0,False,True,34.12113571166992,36.972591400146484,False,35.435401916503906,20.081974029541016
3186.5,False,False,34.115901947021484,36.96535110473633,False,35.435401916503906,20.081974029541016
3187.0,False,False,34.11066436767578,36.9581184387207,False,35.435401916503906,20.081974029541016
3187.5,False,False,34.10542678833008,36.950889587402344,False,35.435401916503906,20.081974029541016
3188.0,False,False,34.100189208984375,36.94366455078125,False,35.435401916503906,20.081974029541016
3188.5,False,False,34.09495162963867,36.93644714355469,False,35.435401916503906,20.081974029541016
3189.0,False,True,34.08971405029297,36.92923355102539,False,35.435401916503906,20.081974029541016
3189.5,False,False,34.084476470947266,36.92202377319336,False,35.435401916503906,20.081974029541016
3190.0,False,False,34.0792350769043,36.91482162475586,False,35.435401916503906,20.081974029541016
3190.5,False,False,34.073997497558594,36.90761947631836,False,35.435401916503906,20.081974029541016
3191.0,False,False,34.068756103515625,36.900428771972656,False,35.435401916503906,20.081974029541016
3191.5,False,False,34.063514709472656,36.89323806762695,False,35.435401916503906,20.081974029541016
3192.0,False,True,34.05827331542969,36.88605499267578,False,35.435401916503906,20.081974029541016
3192.5,False,False,34.05303192138672,36.878875732421875,False,35.435401916503906,20.081974029541016
3193.0,False,False,34.04779052734375,36.871700286865234,False,35.435401916503906,20.081974029541016
3193.5,False,False,34.04254913330078,36.864532470703125,False,35.435401916503906,20.081974029541016
3194.0,False,False,34.03730773925781,36.85736846923828,False,35.435401916503906,20.081974029541016
3194.5,False,False,34.03206253051758,36.8502082824707,False,35.435401916503906,20.081974029541016
3195.0,False,True,34.02682113647461,36.84305191040039,False,35.435401916503906,20.081974029541016
3195.5,False,False,34.021575927734375,36.83590316772461,False,35.435401916503906,20.081974029541016
3196.0,False,False,34.01633071899414,36.828758239746094,False,35.435401916503906,20.081974029541016
3196.5,False,False,34.01108932495117,36.821617126464844,False,35.435401916503906,20.081974029541016
3197.0,False,False,34.00584411621094,36.814483642578125,False,35.435401916503906,20.081974029541016
3197.5,False,False,34.0005989074707,36.80735397338867,False,35.435401916503906,20.081974029541016
3198.0,False,True,33.99535369873047,36.800228118896484,False,35.435401916503906,20.081974029541016
3198.5,False,False,33.990108489990234,36.79310607910156,False,35.435401916503906,20.081974029541016
3199.0,False,False,33.98486328125,36.78599166870117,False,35.435401916503906,20.081974029541016
3199.5,False,False,33.979618072509766,36.77887725830078,False,35.435401916503906,20.081974029541016
3200.0,False,False,33.974369049072266,36.77177047729492,False,35.435401916503906,20.081974029541016
3200.5,False,False,33.96912384033203,36.764671325683594,False,35.435401916503906,20.081974029541016
3201.0,False,True,33.9638786315918,36.757572174072266,False,35.435401916503906,20.081974029541016
3201.5,False,False,33.95863342285156,36.75048065185547,False,35.435401916503906,20.081974029541016
3202.0,False,False,33.95338439941406,36.74339294433594,False,35.435401916503906,20.081974029541016
3202.5,False,False,33.94813919067383,36.73630905151367,False,35.435401916503906,20.081974029541016
3203.0,False,False,33.942893981933594,36.72922897338867,False,35.435401916503906,20.081974029541016
3203.5,False,False,33.937644958496094,36.7221565246582,False,35.435401916503906,20.081974029541016
3204.0,False,True,33.93239974975586,36.715087890625,False,35.435401916503906,20.081974029541016
3204.5,False,False,33.927154541015625,36.70802307128906,False,35.435401916503906,20.081974029541016
3205.0,False,False,33.921905517578125,36.70096206665039,False,35.435401916503906,20.081974029541016
3205.5,False,False,33.91666030883789,36.69390869140625,False,35.435401916503906,20.081974029541016
3206.0,False,False,33.91141128540039,36.68685531616211,False,35.435401916503906,20.081974029541016
3206.5,False,False,33.906166076660156,36.6798095703125,False,35.435401916503906,20.081974029541016
3207.0,False,True,33.900917053222656,36.672767639160156,False,35.435401916503906,20.081974029541016
3207.5,False,False,33.89567184448242,36.665733337402344,False,35.435401916503906,20.081974029541016
3208.0,False,False,33.89042663574219,36.65869903564453,False,35.435401916503906,20.081974029541016
3208.5,False,False,33.88517761230469,36.65167236328125,False,35.435401916503906,20.081974029541016
3209.0,False,False,33.87993240356445,36.64464569091797,False,35.435401916503906,20.081974029541016
3209.5,False,False,33.87468719482422,36.63762664794922,False,35.435401916503906,20.081974029541016
3210.0,False,True,33.86943817138672,36.630615234375,False,35.435401916503906,20.081974029541016
3210.5,False,False,33.864192962646484,36.62360382080078,False,35.435401916503906,20.081974029541016
3211.0,False,False,33.85894775390625,36.616600036621094,False,35.435401916503906,20.081974029541016
3211.5,False,False,33.853702545166016,36.609596252441406,False,35.435401916503906,20.081974029541016
3212.0,False,False,33.84845733642578,36.60260009765625,False,35.435401916503906,20.081974029541016
3212.5,False,False,33.84321212768555,36.59560775756836,False,35.435401916503906,20.081974029541016
3213.0,False,True,33.83796691894531,36.588619232177734,False,35.435401916503906,20.081974029541016
3213.5,False,False,33.83272171020508,36.58163833618164,False,35.435401916503906,20.081974029541016
3214.0,False,False,33.827476501464844,36.57465744018555,False,35.435401916503906,20.081974029541016
3214.5,False,False,33.82223129272461,36.567684173583984,False,35.435401916503906,20.081974029541016
3215.0,False,False,33.816986083984375,36.56071472167969,False,35.435401916503906,20.081974029541016
3215.5,False,False,33.811744689941406,36.553749084472656,False,35.435401916503906,20.081974029541016
3216.0,False,True,33.80649948120117,36.54678726196289,False,35.435401916503906,20.081974029541016
3216.5,False,False,33.80125427246094,36.53982925415039,False,35.435401916503906,20.081974029541016
3217.0,False,False,33.79601287841797,36.53287887573242,False,35.435401916503906,20.081974029541016
3217.5,False,False,33.790767669677734,36.52592849731445,False,35.435401916503906,20.081974029541016
3218.0,False,False,33.785526275634766,36.518985748291016,False,35.435401916503906,20.081974029541016
3218.5,False,False,33.7802848815918,36.512046813964844,False,35.435401916503906,20.081974029541016
3219.0,False,True,33.77504348754883,36.50511169433594,False,35.435401916503906,20.081974029541016
3219.5,False,False,33.76980209350586,36.4981803894043,False,35.435401916503906,20.081974029541016
3220.0,False,False,33.76456069946289,36.49125289916992,False,35.435401916503906,20.081974029541016
3220.5,False,False,33.75931930541992,36.48432922363281,False,35.435401916503906,20.081974029541016
3221.0,False,False,33.75407791137695,36.477413177490234,False,35.435401916503906,20.081974029541016
3221.5,False,False,33.74884033203125,36.470497131347656,False,35.435401916503906,20.081974029541016
3222.0,False,True,33.74359893798828,36.46358871459961,False,35.435401916503906,20.081974029541016
3222.5,False,False,33.73836135864258,36.45668411254883,False,35.435401916503906,20.081974029541016
3223.0,False,False,33.73311996459961,36.44978332519531,False,35.435401916503906,20.081974029541016
3223.5,False,False,33.727882385253906,36.44288635253906,False,35.435401916503906,20.081974029541016
3224.0,False,False,33.7226448059082,36.43599319458008,False,35.435401916503906,20.081974029541016
3224.5,False,False,33.7174072265625,36.42910385131836,False,35.435401916503906,20.081974029541016
3225.0,False,True,33.7121696472168,36.422218322753906,False,35.435401916503906,20.081974029541016
3225.5,False,False,33.70693588256836,36.415340423583984,False,35.435401916503906,20.081974029541016
3226.0,False,False,33.701698303222656,36.40846252441406,False,35.435401916503906,20.081974029541016
3226.5,False,False,33.69646453857422,36.40159225463867,False,35.435401916503906,20.081974029541016
3227.0,False,False,33.69123077392578,36.39472198486328,False,35.435401916503906,20.081974029541016
3227.5,False,False,33.68599319458008,36.38785934448242,False,35.435401916503906,20.081974029541016
3228.0,False,True,33.68075942993164,36.38100051879883,False,35.435401916503906,20.081974029541016
3228.5,False,False,33.67552947998047,36.3741455078125,False,35.435401916503906,20.081974029541016
3229.0,False,False,33.67029571533203,36.36729431152344,False,35.435401916503906,20.081974029541016
3229.5,False,False,33.665061950683594,36.36044692993164,False,35.435401916503906,20.081974029541016
3230.0,False,False,33.65983200073242,36.35360336303711,False,35.435401916503906,20.081974029541016
3230.5,False,False,33.65460205078125,36.346763610839844,False,35.435401916503906,20.081974029541016
3231.0,False,True,33.64937210083008,36.33993148803711,False,35.435401916503906,20.081974029541016
3231.5,False,False,33.644142150878906,36.333099365234375,False,35.435401916503906,20.081974029541016
3232.0,False,False,33.638912200927734,36.326271057128906,False,35.435401916503906,20.081974029541016
3232.5,False,False,33.63368606567383,36.31945037841797,False,35.435401916503906,20.081974029541016
3233.0,False,False,33.628456115722656,36.31262969970703,False,35.435401916503906,20.081974029541016
3233.5,False,False,33.62322998046875,36.305816650390625,False,35.435401916503906,20.081974029541016
3234.0,False,True,33.618003845214844,36.299007415771484,False,35.435401916503906,20.081974029541016
3234.5,False,False,33.61277770996094,36.29220199584961,False,35.435401916503906,20.081974029541016
3235.0,False,False,33.6075553894043,36.285396575927734,False,35.435401916503906,20.081974029541016
3235.5,False,False,33.60232925415039,36.27859878540039,False,35.435401916503906,20.081974029541016
3236.0,False,False,33.59710693359375,36.27180480957031,False,35.435401916503906,20.081974029541016
3236.5,False,False,33.59188461303711,36.2650146484375,False,35.435401916503906,20.081974029541016
3237.0,False,True,33.58666229248047,36.25822830200195,False,35.435401916503906,20.081974029541016
3237.5,False,False,33.58143997192383,36.25144577026367,False,35.435401916503906,20.081974029541016
3238.0,False,False,33.57621765136719,36.244667053222656,False,35.435401916503906,20.081974029541016
3238.5,False,False,33.57099914550781,36.237892150878906,False,35.435401916503906,20.081974029541016
3239.0,False,False,33.56578063964844,36.23112106323242,False,35.435401916503906,20.081974029541016
3239.5,False,False,33.56056213378906,36.2243537902832,False,35.435401916503906,20.081974029541016
3240.0,False,True,33.55534362792969,36.21759033203125,False,35.435401916503906,20.081974029541016
3240.5,False,False,33.55012893676758,36.21083450317383,False,35.435401916503906,20.081974029541016
3241.0,False,False,33.54491424560547,36.204078674316406,False,35.435401916503906,20.081974029541016
3241.5,False,False,33.539695739746094,36.19732666015625,False,35.435401916503906,20.081974029541016
3242.0,False,False,33.53448486328125,36.19057846069336,False,35.435401916503906,20.081974029541016
3242.5,False,False,33.52927017211914,36.183837890625,False,35.435401916503906,20.081974029541016
3243.0,False,True,33.5240592956543,36.17709732055664,False,35.435401916503906,20.081974029541016
3243.5,False,False,33.51884460449219,36.17036056518555,False,35.435401916503906,20.081974029541016
3244.0,False,False,33.513633728027344,36.163631439208984,False,35.435401916503906,20.081974029541016
3244.5,False,False,33.508426666259766,36.15690231323242,False,35.435401916503906,20.081974029541016
3245.0,False,False,33.50321578979492,36.15018081665039,False,35.435401916503906,20.081974029541016
3245.5,False,False,33.498008728027344,36.14345932006836,False,35.435401916503906,20.081974029541016
3246.0,False,True,33.492801666259766,36.136741638183594,False,35.435401916503906,20.081974029541016
3246.5,False,False,33.48759460449219,36.13003158569336,False,35.435401916503906,20.081974029541016
3247.0,False,False,33.48238754272461,36.123321533203125,False,35.435401916503906,20.081974029541016
3247.5,False,False,33.4771842956543,36.116615295410156,False,35.435401916503906,20.081974029541016
3248.0,False,False,33.471981048583984,36.10991668701172,False,35.435401916503906,20.081974029541016
3248.5,False,False,33.46677780151367,36.10321807861328,False,35.435401916503906,20.081974029541016
3249.0,False,True,33.46157455444336,36.096527099609375,False,35.435401916503906,20.081974029541016
3249.5,False,False,33.45637512207031,36.08983612060547,False,35.435401916503906,20.081974029541016
3250.0,False,False,33.451175689697266,36.08314895629883,False,35.435401916503906,20.081974029541016
3250.5,False,False,33.44597625732422,36.07646942138672,False,35.435401916503906,20.081974029541016
3251.0,False,False,33.44077682495117,36.06978988647461,False,35.435401916503906,20.081974029541016
3251.5,False,False,33.43558120727539,36.063114166259766,False,35.435401916503906,20.081974029541016
3252.0,False,True,33.43038558959961,36.05644607543945,False,35.435401916503906,20.081974029541016
3252.5,False,False,33.42518997192383,36.04977798461914,False,35.435401916503906,20.081974029541016
3253.0,False,False,33.41999816894531,36.043113708496094,False,35.435401916503906,20.081974029541016
3253.5,False,False,33.41480255126953,36.03645706176758,False,35.435401916503906,20.081974029541016
3254.0,False,False,33.409610748291016,36.02980041503906,False,35.435401916503906,20.081974029541016
3254.5,False,False,33.404422760009766,36.02314758300781,False,35.435401916503906,20.081974029541016
3255.0,False,True,33.39923095703125,36.01649856567383,False,35.435401916503906,20.081974029541016
3255.5,False,False,33.39404296875,36.00985336303711,False,35.435401916503906,20.081974029541016
3256.0,False,False,33.38885498046875,36.003211975097656,False,35.435401916503906,20.081974029541016
3256.5,False,False,33.3836669921875,35.99657440185547,False,35.435401916503906,20.081974029541016
3257.0,False,False,33.378482818603516,35.98994445800781,False,35.435401916503906,20.081974029541016
3257.5,False,False,33.37329864501953,35.983314514160156,False,35.435401916503906,20.081974029541016
3258.0,False,True,33.36811447143555,35.976688385009766,False,35.435401916503906,20.081974029541016
3258.5,False,False,33.36293029785156,35.970062255859375,False,35.435401916503906,20.081974029541016
3259.0,False,False,33.357749938964844,35.963443756103516,False,35.435401916503906,20.081974029541016
3259.5,False,False,33.352569580078125,35.95682907104492,False,35.435401916503906,20.081974029541016
3260.0,False,False,33.347389221191406,35.950218200683594,False,35.435401916503906,20.081974029541016
3260.5,False,False,33.34221267700195,35.94361114501953,False,35.435401916503906,20.081974029541016
3261.0,False,True,33.3370361328125,35.93700408935547,False,35.435401916503906,20.081974029541016
3261.5,False,False,33.33185958862305,35.93040466308594,False,35.435401916503906,20.081974029541016
3262.0,False,False,33.326683044433594,35.92380905151367,False,35.435401916503906,20.081974029541016
3262.5,False,False,33.321510314941406,35.917213439941406,False,35.435401916503906,20.081974029541016
3263.0,False,False,33.31633758544922,35.91062545776367,False,35.435401916503906,20.081974029541016
3263.5,False,False,33.3111686706543,35.90403747558594,False,35.435401916503906,20.081974029541016
3264.0,False,True,33.30599594116211,35.897457122802734,False,35.435401916503906,20.081974029541016
3264.5,False,False,33.30082702636719,35.89087677001953,False,35.435401916503906,20.081974029541016
3265.0,False,False,33.29566192626953,35.884300231933594,False,35.435401916503906,20.081974029541016
3265.5,False,False,33.29049301147461,35.87772750854492,False,35.435401916503906,20.081974029541016
3266.0,False,False,33.28532791137695,35.871158599853516,False,35.435401916503906,20.081974029541016
3266.5,False,False,33.2801628112793,35.86459732055664,False,35.435401916503906,20.081974029541016
3267.0,False,True,33.275001525878906,35.858036041259766,False,35.435401916503906,20.081974029541016
3267.5,False,False,33.269840240478516,35.85147476196289,False,35.435401916503906,20.081974029541016
3268.0,False,False,33.264678955078125,35.84492111206055,False,35.435401916503906,20.081974029541016
3268.5,False,False,33.259517669677734,35.83837127685547,False,35.435401916503906,20.081974029541016
3269.0,False,False,33.25436019897461,35.831825256347656,False,35.435401916503906,20.081974029541016
3269.5,False,False,33.249202728271484,35.825279235839844,False,35.435401916503906,20.081974029541016
3270.0,False,True,33.244049072265625,35.81874084472656,False,35.435401916503906,20.081974029541016
3270.5,False,False,33.2388916015625,35.81220245361328,False,35.435401916503906,20.081974029541016
3271.0,False,False,33.23373794555664,35.80567169189453,False,35.435401916503906,20.081974029541016
3271.5,False,False,33.22858810424805,35.79914093017578,False,35.435401916503906,20.081974029541016
3272.0,False,False,33.22343826293945,35.7926139831543,False,35.435401916503906,20.081974029541016
3272.5,False,False,33.21828842163086,35.786094665527344,False,35.435401916503906,20.081974029541016
3273.0,False,True,33.213138580322266,35.77957534790039,False,35.435401916503906,20.081974029541016
3273.5,False,False,33.20799255371094,35.7730598449707,False,35.435401916503906,20.081974029541016
3274.0,False,False,33.20284652709961,35.76654815673828,False,35.435401916503906,20.081974029541016
3274.5,False,False,33.19770050048828,35.76003646850586,False,35.435401916503906,20.081974029541016
3275.0,False,False,33.19255828857422,35.75353240966797,False,35.435401916503906,20.081974029541016
3275.5,False,False,33.187416076660156,35.747032165527344,False,35.435401916503906,20.081974029541016
3276.0,False,True,33.182273864746094,35.74053192138672,False,35.435401916503906,20.081974029541016
3276.5,False,False,33.1771354675293,35.734039306640625,False,35.435401916503906,20.081974029541016
3277.0,False,False,33.1719970703125,35.72754669189453,False,35.435401916503906,20.081974029541016
3277.5,False,False,33.16686248779297,35.7210578918457,False,35.435401916503906,20.081974029541016
3278.0,False,False,33.16172409057617,35.71457290649414,False,35.435401916503906,20.081974029541016
3278.5,False,False,33.156593322753906,35.708091735839844,False,35.435401916503906,20.081974029541016
3279.0,False,True,33.151458740234375,35.70161437988281,False,35.435401916503906,20.081974029541016
3279.5,False,False,33.14632797241211,35.69514083862305,False,35.435401916503906,20.081974029541016
3280.0,False,False,33.141197204589844,35.68867111206055,False,35.435401916503906,20.081974029541016
3280.5,False,False,33.13606643676758,35.68220138549805,False,35.435401916503906,20.081974029541016
3281.0,False,False,33.13093948364258,35.67573928833008,False,35.435401916503906,20.081974029541016
3281.5,False,False,33.125816345214844,35.66927719116211,False,35.435401916503906,20.081974029541016
3282.0,False,True,33.120689392089844,35.662818908691406,False,35.435401916503906,20.081974029541016
3282.5,False,False,33.11556625366211,35.656368255615234,False,35.435401916503906,20.081974029541016
3283.0,False,False,33.110443115234375,35.64991760253906,False,35.435401916503906,20.081974029541016
3283.5,False,False,33.105323791503906,35.64346694946289,False,35.435401916503906,20.081974029541016
3284.0,False,False,33.10020446777344,35.63702392578125,False,35.435401916503906,20.081974029541016
3284.5,False,False,33.09508514404297,35.630584716796875,False,35.435401916503906,20.081974029541016
3285.0,False,True,33.089969635009766,35.624149322509766,False,35.435401916503906,20.081974029541016
3285.5,False,False,33.08485412597656,35.617713928222656,False,35.435401916503906,20.081974029541016
3286.0,False,False,33.079742431640625,35.61128234863281,False,35.435401916503906,20.081974029541016
3286.5,False,False,33.07463073730469,35.6048583984375,False,35.435401916503906,20.081974029541016
3287.0,False,False,33.06951904296875,35.59843444824219,False,35.435401916503906,20.081974029541016
3287.5,False,False,33.06440734863281,35.59201431274414,False,35.435401916503906,20.081974029541016
3288.0,False,True,33.05929946899414,35.585594177246094,False,35.435401916503906,20.081974029541016
3288.5,False,False,33.054195404052734,35.57918167114258,False,35.435401916503906,20.081974029541016
3289.0,False,False,33.04908752441406,35.57277297973633,False,35.435401916503906,20.081974029541016
3289.5,False,False,33.043983459472656,35.56636428833008,False,35.435401916503906,20.081974029541016
3290.0,False,False,33.038883209228516,35.559959411621094,False,35.435401916503906,20.081974029541016
3290.5,False,False,33.033782958984375,35.553558349609375,False,35.435401916503906,20.081974029541016
3291.0,False,True,33.028682708740234,35.54716491699219,False,35.435401916503906,20.081974029541016
3291.5,False,False,33.023582458496094,35.540767669677734,False,35.435401916503906,20.081974029541016
3292.0,False,False,33.01848602294922,35.53437805175781,False,35.435401916503906,20.081974029541016
3292.5,False,False,33.01339340209961,35.527992248535156,False,35.435401916503906,20.081974029541016
3293.0,False,False,33.008296966552734,35.5216064453125,False,35.435401916503906,20.081974029541016
3293.5,False,False,33.00320816040039,35.515228271484375,False,35.435401916503906,20.081974029541016
3294.0,False,True,32.99811553955078,35.50885009765625,False,35.435401916503906,20.081974029541016
3294.5,False,False,32.99302673339844,35.50247573852539,False,35.435401916503906,20.081974029541016
3295.0,False,False,32.987937927246094,35.4961051940918,False,35.435401916503906,20.081974029541016
3295.5,False,False,32.982852935791016,35.4897346496582,False,35.435401916503906,20.081974029541016
3296.0,False,False,32.97776794433594,35.48337173461914,False,35.435401916503906,20.081974029541016
3296.5,False,False,32.97268295288086,35.477012634277344,False,35.435401916503906,20.081974029541016
3297.0,False,True,32.96760177612305,35.47065353393555,False,35.435401916503906,20.081974029541016
3297.5,False,False,32.962520599365234,35.464298248291016,False,35.435401916503906,20.081974029541016
3298.0,False,False,32.95744323730469,35.45794677734375,False,35.435401916503906,20.081974029541016
3298.5,False,False,32.95236587524414,35.45159912109375,False,35.435401916503906,20.081974029541016
3299.0,False,False,32.947288513183594,35.445255279541016,False,35.435401916503906,20.081974029541016
3299.5,False,False,32.94221496582031,35.43891143798828,False,35.435401916503906,20.081974029541016
3300.0,False,True,32.93714141845703,35.43257141113281,False,35.435401916503906,20.081974029541016
3300.5,False,False,32.932071685791016,35.426239013671875,False,35.435401916503906,20.081974029541016
3301.0,False,False,32.927001953125,35.41990661621094,False,35.435401916503906,20.081974029541016
3301.5,False,False,32.921932220458984,35.413578033447266,False,35.435401916503906,20.081974029541016
3302.0,False,False,32.916866302490234,35.407249450683594,False,35.435401916503906,20.081974029541016
3302.5,False,False,32.911800384521484,35.40092849731445,False,35.435401916503906,20.081974029541016
3303.0,False,True,32.906734466552734,35.39460754394531,False,35.435401916503906,20.081974029541016
3303.5,False,False,32.90167236328125,35.3882942199707,False,35.435401916503906,20.081974029541016
3304.0,False,False,32.89661407470703,35.381980895996094,False,35.435401916503906,20.081974029541016
3304.5,False,False,32.89155578613281,35.37567138671875,False,35.435401916503906,20.081974029541016
3305.0,False,False,32.886497497558594,35.36936569213867,False,35.435401916503906,20.081974029541016
3305.5,False,False,32.881439208984375,35.363059997558594,False,35.435401916503906,20.081974029541016
3306.0,False,True,32.87638473510742,35.35676193237305,False,35.435401916503906,20.081974029541016
3306.5,False,False,32.871334075927734,35.3504638671875,False,35.435401916503906,20.081974029541016
3307.0,False,False,32.86627960205078,35.34416961669922,False,35.435401916503906,20.081974029541016
3307.5,False,False,32.86123275756836,35.3378791809082,False,35.435401916503906,20.081974029541016
3308.0,False,False,32.85618209838867,35.33158874511719,False,35.435401916503906,20.081974029541016
3308.5,False,False,32.85113525390625,35.3253059387207,False,35.435401916503906,20.081974029541016
3309.0,False,True,32.846092224121094,35.31902313232422,False,35.435401916503906,20.081974029541016
3309.5,False,False,32.84104919433594,35.312747955322266,False,35.435401916503906,20.081974029541016
3310.0,False,False,32.83600616455078,35.30647277832031,False,35.435401916503906,20.081974029541016
3310.5,False,False,32.83096694946289,35.30019760131836,False,35.435401916503906,20.081974029541016
3311.0,False,False,32.825927734375,35.29393005371094,False,35.435401916503906,20.081974029541016
3311.5,False,False,32.82088851928711,35.28766632080078,False,35.435401916503906,20.081974029541016
3312.0,False,True,32.815853118896484,35.281402587890625,False,35.435401916503906,20.081974029541016
3312.5,False,False,32.810821533203125,35.275142669677734,False,35.435401916503906,20.081974029541016
3313.0,False,False,32.8057861328125,35.26888656616211,False,35.435401916503906,20.081974029541016
3313.5,False,False,32.800758361816406,35.26263427734375,False,35.435401916503906,20.081974029541016
3314.0,False,False,32.79572677612305,35.25638198852539,False,35.435401916503906,20.081974029541016
3314.5,False,False,32.79069900512695,35.25013732910156,False,35.435401916503906,20.081974029541016
3315.0,False,True,32.785675048828125,35.243892669677734,False,35.435401916503906,20.081974029541016
3315.5,False,False,32.7806510925293,35.23765182495117,False,35.435401916503906,20.081974029541016
3316.0,False,False,32.77562713623047,35.231414794921875,False,35.435401916503906,20.081974029541016
3316.5,False,False,32.770606994628906,35.22517776489258,False,35.435401916503906,20.081974029541016
3317.0,False,False,32.765586853027344,35.21894836425781,False,35.435401916503906,20.081974029541016
3317.5,False,False,32.76056671142578,35.21271896362305,False,35.435401916503906,20.081974029541016
3318.0,False,True,32.755550384521484,35.20649337768555,False,35.435401916503906,20.081974029541016
3318.5,False,False,32.75053787231445,35.20027160644531,False,35.435401916503906,20.081974029541016
3319.0,False,False,32.74552536010742,35.19404983520508,False,35.435401916503906,20.081974029541016
3319.5,False,False,32.74051284790039,35.187835693359375,False,35.435401916503906,20.081974029541016
3320.0,False,False,32.735504150390625,35.18162155151367,False,35.435401916503906,20.081974029541016
3320.5,False,False,32.73049545288086,35.175411224365234,False,35.435401916503906,20.081974029541016
3321.0,False,True,32.725486755371094,35.16920471191406,False,35.435401916503906,20.081974029541016
3321.5,False,False,32.720481872558594,35.163002014160156,False,35.435401916503906,20.081974029541016
3322.0,False,False,32.71548080444336,35.15679931640625,False,35.435401916503906,20.081974029541016
3322.5,False,False,32.710479736328125,35.15060043334961,False,35.435401916503906,20.081974029541016
3323.0,False,False,32.70547866821289,35.144405364990234,False,35.435401916503906,20.081974029541016
3323.5,False,False,32.70048141479492,35.138214111328125,False,35.435401916503906,20.081974029541016
3324.0,False,True,32.69548416137695,35.13202667236328,False,35.435401916503906,20.081974029541016
3324.5,False,False,32.69049072265625,35.12583923339844,False,35.435401916503906,20.081974029541016
3325.0,False,False,32.68549728393555,35.119659423828125,False,35.435401916503906,20.081974029541016
3325.5,False,False,32.680503845214844,35.11347961425781,False,35.435401916503906,20.081974029541016
3326.0,False,False,32.675514221191406,35.1072998046875,False,35.435401916503906,20.081974029541016
3326.5,False,False,32.67052459716797,35.10112762451172,False,35.435401916503906,20.081974029541016
3327.0,False,True,32.6655387878418,35.09495544433594,False,35.435401916503906,20.081974029541016
3327.5,False,False,32.660552978515625,35.08878707885742,False,35.435401916503906,20.081974029541016
3328.0,False,False,32.65557098388672,35.08262252807617,False,35.435401916503906,20.081974029541016
3328.5,False,False,32.65058898925781,35.07646179199219,False,35.435401916503906,20.081974029541016
3329.0,False,False,32.64561080932617,35.07030487060547,False,35.435401916503906,20.081974029541016
3329.5,False,False,32.64063262939453,35.06414794921875,False,35.435401916503906,20.081974029541016
3330.0,False,True,32.63565444946289,35.0579948425293,False,35.435401916503906,20.081974029541016
3330.5,False,False,32.630680084228516,35.05184555053711,False,35.435401916503906,20.081974029541016
3331.0,False,False,32.625709533691406,35.04570007324219,False,35.435401916503906,20.081974029541016
3331.5,False,False,32.62073516845703,35.039554595947266,False,35.435401916503906,20.081974029541016
3332.0,False,False,32.61576843261719,35.03341293334961,False,35.435401916503906,20.081974029541016
3332.5,False,False,32.61079788208008,35.02727508544922,False,35.435401916503906,20.081974029541016
3333.0,False,True,32.605831146240234,35.021141052246094,False,35.435401916503906,20.081974029541016
3333.5,False,False,32.600868225097656,35.015010833740234,False,35.435401916503906,20.081974029541016
3334.0,False,False,32.59590530395508,35.008880615234375,False,35.435401916503906,20.081974029541016
3334.5,False,False,32.5909423828125,35.00275421142578,False,35.435401916503906,20.081974029541016
3335.0,False,False,32.58598327636719,34.99663162231445,False,35.435401916503906,20.081974029541016
3335.5,False,False,32.58102798461914,34.99051284790039,False,35.435401916503906,20.081974029541016
3336.0,False,True,32.57606887817383,34.98439407348633,False,35.435401916503906,20.081974029541016
3336.5,False,False,32.57111740112305,34.97827911376953,False,35.435401916503906,20.081974029541016
3337.0,False,False,32.566162109375,34.97216796875,False,35.435401916503906,20.081974029541016
3337.5,False,False,32.56121063232422,34.966060638427734,False,35.435401916503906,20.081974029541016
3338.0,False,False,32.5562629699707,34.95995330810547,False,35.435401916503906,20.081974029541016
3338.5,False,False,32.55131530761719,34.953853607177734,False,35.435401916503906,20.081974029541016
3339.0,False,True,32.54637145996094,34.94775390625,False,35.435401916503906,20.081974029541016
3339.5,False,False,32.54142761230469,34.94165802001953,False,35.435401916503906,20.081974029541016
3340.0,False,False,32.53648376464844,34.93556213378906,False,35.435401916503906,20.081974029541016
3340.5,False,False,32.53154373168945,34.929473876953125,False,35.435401916503906,20.081974029541016
3341.0,False,False,32.52660369873047,34.92338562011719,False,35.435401916503906,20.081974029541016
3341.5,False,False,32.52166748046875,34.917301177978516,False,35.435401916503906,20.081974029541016
3342.0,False,True,32.51673126220703,34.911216735839844,False,35.435401916503906,20.081974029541016
3342.5,False,False,32.51179885864258,34.9051399230957,False,35.435401916503906,20.081974029541016
3343.0,False,False,32.506866455078125,34.89906311035156,False,35.435401916503906,20.081974029541016
3343.5,False,False,32.50193786621094,34.89299011230469,False,35.435401916503906,20.081974029541016
3344.0,False,False,32.49700927734375,34.88691711425781,False,35.435401916503906,20.081974029541016
3344.5,False,False,32.49208068847656,34.88085174560547,False,35.435401916503906,20.081974029541016
3345.0,False,True,32.48715591430664,34.874786376953125,False,35.435401916503906,20.081974029541016
3345.5,False,False,32.482234954833984,34.86872482299805,False,35.435401916503906,20.081974029541016
3346.0,False,False,32.47731018066406,34.862667083740234,False,35.435401916503906,20.081974029541016
3346.5,False,False,32.47239303588867,34.85660934448242,False,35.435401916503906,20.081974029541016
3347.0,False,False,32.46747589111328,34.850555419921875,False,35.435401916503906,20.081974029541016
3347.5,False,False,32.46255874633789,34.844505310058594,False,35.435401916503906,20.081974029541016
3348.0,False,True,32.457645416259766,34.83845901489258,False,35.435401916503906,20.081974029541016
3348.5,False,False,32.45273208618164,34.83241653442383,False,35.435401916503906,20.081974029541016
3349.0,False,False,32.447818756103516,34.82637405395508,False,35.435401916503906,20.081974029541016
3349.5,False,False,32.44291305541992,34.820335388183594,False,35.435401916503906,20.081974029541016
3350.0,False,False,32.43800354003906,34.814300537109375,False,35.435401916503906,20.081974029541016
3350.5,False,False,32.43309783935547,34.808265686035156,False,35.435401916503906,20.081974029541016
3351.0,False,True,32.42819595336914,34.80223846435547,False,35.435401916503906,20.081974029541016
3351.5,False,False,32.42329406738281,34.79621124267578,False,35.435401916503906,20.081974029541016
3352.0,False,False,32.418392181396484,34.790184020996094,False,35.435401916503906,20.081974029541016
3352.5,False,False,32.41349411010742,34.78416442871094,False,35.435401916503906,20.081974029541016
3353.0,False,False,32.40859603881836,34.77814483642578,False,35.435401916503906,20.081974029541016
3353.5,False,False,32.40370178222656,34.77212905883789,False,35.435401916503906,20.081974029541016
3354.0,False,True,32.398807525634766,34.766117095947266,False,35.435401916503906,20.081974029541016
3354.5,False,False,32.393917083740234,34.76010513305664,False,35.435401916503906,20.081974029541016
3355.0,False,False,32.3890266418457,34.75410079956055,False,35.435401916503906,20.081974029541016
3355.5,False,False,32.38414001464844,34.74809646606445,False,35.435401916503906,20.081974029541016
3356.0,False,False,32.37925338745117,34.74209213256836,False,35.435401916503906,20.081974029541016
3356.5,False,False,32.37437057495117,34.7360954284668,False,35.435401916503906,20.081974029541016
3357.0,False,True,32.36948776245117,34.730098724365234,False,35.435401916503906,20.081974029541016
3357.5,False,False,32.36460494995117,34.72410583496094,False,35.435401916503906,20.081974029541016
3358.0,False,False,32.35972595214844,34.718116760253906,False,35.435401916503906,20.081974029541016
3358.5,False,False,32.35485076904297,34.712127685546875,False,35.435401916503906,20.081974029541016
3359.0,False,False,32.3499755859375,34.70614242553711,False,35.435401916503906,20.081974029541016
3359.5,False,False,32.34510040283203,34.70016098022461,False,35.435401916503906,20.081974029541016
3360.0,False,True,32.34022903442383,34.694183349609375,False,35.435401916503906,20.081974029541016
3360.5,False,False,32.33536148071289,34.68820571899414,False,35.435401916503906,20.081974029541016
3361.0,False,False,32.33049011230469,34.68223190307617,False,35.435401916503906,20.081974029541016
3361.5,False,False,32.325626373291016,34.67626190185547,False,35.435401916503906,20.081974029541016
3362.0,False,False,32.32075881958008,34.67029571533203,False,35.435401916503906,20.081974029541016
3362.5,False,False,32.31589889526367,34.664329528808594,False,35.435401916503906,20.081974029541016
3363.0,False,True,32.31103515625,34.65836715698242,False,35.435401916503906,20.081974029541016
3363.5,False,False,32.30617904663086,34.652408599853516,False,35.435401916503906,20.081974029541016
3364.0,False,False,32.30131912231445,34.646453857421875,False,35.435401916503906,20.081974029541016
3364.5,False,False,32.29646301269531,34.640499114990234,False,35.435401916503906,20.081974029541016
3365.0,False,False,32.29161071777344,34.63454818725586,False,35.435401916503906,20.081974029541016
3365.5,False,False,32.28675842285156,34.62860107421875,False,35.435401916503906,20.081974029541016
3366.0,False,True,32.28190994262695,34.62265396118164,False,35.435401916503906,20.081974029541016
3366.5,False,False,32.277061462402344,34.6167106628418,False,35.435401916503906,20.081974029541016
3367.0,False,False,32.272212982177734,34.61077117919922,False,35.435401916503906,20.081974029541016
3367.5,False,False,32.26736831665039,34.604835510253906,False,35.435401916503906,20.081974029541016
3368.0,False,False,32.26252746582031,34.598899841308594,False,35.435401916503906,20.081974029541016
3368.5,False,False,32.25768280029297,34.59296798706055,False,35.435401916503906,20.081974029541016
3369.0,False,True,32.252845764160156,34.587039947509766,False,35.435401916503906,20.081974029541016
3369.5,False,False,32.248008728027344,34.581111907958984,False,35.435401916503906,20.081974029541016
3370.0,False,False,32.24317169189453,34.575191497802734,False,35.435401916503906,20.081974029541016
3370.5,False,False,32.238338470458984,34.569271087646484,False,35.435401916503906,20.081974029541016
3371.0,False,False,32.23350524902344,34.563350677490234,False,35.435401916503906,20.081974029541016
3371.5,False,False,32.228675842285156,34.557437896728516,False,35.435401916503906,20.081974029541016
3372.0,False,True,32.223846435546875,34.5515251159668,False,35.435401916503906,20.081974029541016
3372.5,False,False,32.21902084350586,34.545616149902344,False,35.435401916503906,20.081974029541016
3373.0,False,False,32.214195251464844,34.53970718383789,False,35.435401916503906,20.081974029541016
3373.5,False,False,32.209373474121094,34.53380584716797,False,35.435401916503906,20.081974029541016
3374.0,False,False,32.204551696777344,34.52790451049805,False,35.435401916503906,20.081974029541016
3374.5,False,False,32.19973373413086,34.52200698852539,False,35.435401916503906,20.081974029541016
3375.0,False,True,32.194915771484375,34.516109466552734,False,35.435401916503906,20.081974029541016
3375.5,False,False,32.19009780883789,34.510215759277344,False,35.435401916503906,20.081974029541016
3376.0,False,False,32.18528366088867,34.50432586669922,False,35.435401916503906,20.081974029541016
3376.5,False,False,32.18047332763672,34.49843978881836,False,35.435401916503906,20.081974029541016
3377.0,False,False,32.175662994384766,34.4925537109375,False,35.435401916503906,20.081974029541016
3377.5,False,False,32.17085647583008,34.486671447753906,False,35.435401916503906,20.081974029541016
3378.0,False,True,32.16604995727539,34.48079299926758,False,35.435401916503906,20.081974029541016
3378.5,False,False,32.1612434387207,34.47491455078125,False,35.435401916503906,20.081974029541016
3379.0,False,False,32.15644073486328,34.46904373168945,False,35.435401916503906,20.081974029541016
3379.5,False,False,32.15163803100586,34.463172912597656,False,35.435401916503906,20.081974029541016
3380.0,False,False,32.1468391418457,34.45730209350586,False,35.435401916503906,20.081974029541016
3380.5,False,False,32.14204406738281,34.45143508911133,False,35.435401916503906,20.081974029541016
3381.0,False,True,32.13724899291992,34.44557571411133,False,35.435401916503906,20.081974029541016
3381.5,False,False,32.13245391845703,34.43971252441406,False,35.435401916503906,20.081974029541016
3382.0,False,False,32.127662658691406,34.43385696411133,False,35.435401916503906,20.081974029541016
3382.5,False,False,32.12287139892578,34.428001403808594,False,35.435401916503906,20.081974029541016
3383.0,False,False,32.11808395385742,34.422149658203125,False,35.435401916503906,20.081974029541016
3383.5,False,False,32.11329650878906,34.416297912597656,False,35.435401916503906,20.081974029541016
3384.0,False,True,32.10851287841797,34.41045379638672,False,35.435401916503906,20.081974029541016
3384.5,False,False,32.103729248046875,34.40460968017578,False,35.435401916503906,20.081974029541016
3385.0,False,False,32.09894943237305,34.398765563964844,False,35.435401916503906,20.081974029541016
3385.5,False,False,32.09416961669922,34.39292907714844,False,35.435401916503906,20.081974029541016
3386.0,False,False,32.089393615722656,34.38709259033203,False,35.435401916503906,20.081974029541016
3386.5,False,False,32.084617614746094,34.38125991821289,False,35.435401916503906,20.081974029541016
3387.0,False,True,32.0798454284668,34.37542724609375,False,35.435401916503906,20.081974029541016
3387.5,False,False,32.0750732421875,34.36960220336914,False,35.435401916503906,20.081974029541016
3388.0,False,False,32.0703010559082,34.363773345947266,False,35.435401916503906,20.081974029541016
3388.5,False,False,32.06553268432617,34.35795211791992,False,35.435401916503906,20.081974029541016
3389.0,False,False,32.060768127441406,34.35213088989258,False,35.435401916503906,20.081974029541016
3389.5,False,False,32.05600357055664,34.3463134765625,False,35.435401916503906,20.081974029541016
3390.0,False,True,32.05124282836914,34.34049987792969,False,35.435401916503906,20.081974029541016
3390.5,False,False,32.04648208618164,34.33469009399414,False,35.435401916503906,20.081974029541016
3391.0,False,False,32.04172134399414,34.328880310058594,False,35.435401916503906,20.081974029541016
3391.5,False,False,32.036964416503906,34.32307434082031,False,35.435401916503906,20.081974029541016
3392.0,False,False,32.03221130371094,34.31726837158203,False,35.435401916503906,20.081974029541016
3392.5,False,False,32.02745819091797,34.311466217041016,False,35.435401916503906,20.081974029541016
3393.0,False,True,32.022705078125,34.305667877197266,False,35.435401916503906,20.081974029541016
3393.5,False,False,32.0179557800293,34.29987335205078,False,35.435401916503906,20.081974029541016
3394.0,False,False,32.01321029663086,34.2940788269043,False,35.435401916503906,20.081974029541016
3394.5,False,False,32.00846481323242,34.28828811645508,False,35.435401916503906,20.081974029541016
3395.0,False,False,32.003719329833984,34.282501220703125,False,35.435401916503906,20.081974029541016
3395.5,False,False,31.998977661132812,34.27671432495117,False,35.435401916503906,20.081974029541016
3396.0,False,True,31.99423599243164,34.27093505859375,False,35.435401916503906,20.081974029541016
3396.5,False,False,31.989498138427734,34.26515197753906,False,35.435401916503906,20.081974029541016
3397.0,False,False,31.98476219177246,34.259376525878906,False,35.435401916503906,20.081974029541016
3397.5,False,False,31.980026245117188,34.25360107421875,False,35.435401916503906,20.081974029541016
3398.0,False,False,31.97529411315918,34.24782943725586,False,35.435401916503906,20.081974029541016
3398.5,False,False,31.970563888549805,34.242061614990234,False,35.435401916503906,20.081974029541016
3399.0,False,True,31.96583366394043,34.23629379272461,False,35.435401916503906,20.081974029541016
3399.5,False,False,31.96110725402832,34.23052978515625,False,35.435401916503906,20.081974029541016
3400.0,False,False,31.95638084411621,34.22476577758789,False,35.435401916503906,20.081974029541016
3400.5,False,False,31.951658248901367,34.21900939941406,False,35.435401916503906,20.081974029541016
3401.0,False,False,31.946935653686523,34.213253021240234,False,35.435401916503906,20.081974029541016
3401.5,False,False,31.942216873168945,34.207496643066406,False,35.435401916503906,20.081974029541016
3402.0,False,True,31.937498092651367,34.20174789428711,False,35.435401916503906,20.081974029541016
3402.5,False,False,31.932783126831055,34.19599914550781,False,35.435401916503906,20.081974029541016
3403.0,False,False,31.928068161010742,34.19025421142578,False,35.435401916503906,20.081974029541016
3403.5,False,False,31.923355102539062,34.18450927734375,False,35.435401916503906,20.081974029541016
3404.0,False,False,31.91864585876465,34.178768157958984,False,35.435401916503906,20.081974029541016
3404.5,False,False,31.913936614990234,34.173030853271484,False,35.435401916503906,20.081974029541016
3405.0,False,True,31.909229278564453,34.16729736328125,False,35.435401916503906,20.081974029541016
3405.5,False,False,31.904523849487305,34.161563873291016,False,35.435401916503906,20.081974029541016
3406.0,False,False,31.899822235107422,34.15583419799805,False,35.435401916503906,20.081974029541016
3406.5,False,False,31.89512062072754,34.15010452270508,False,35.435401916503906,20.081974029541016
3407.0,False,False,31.89042091369629,34.14438247680664,False,35.435401916503906,20.081974029541016
3407.5,False,False,31.885723114013672,34.1386604309082,False,35.435401916503906,20.081974029541016
3408.0,False,True,31.881027221679688,34.132938385009766,False,35.435401916503906,20.081974029541016
3408.5,False,False,31.876333236694336,34.127220153808594,False,35.435401916503906,20.081974029541016
3409.0,False,False,31.87164306640625,34.12150573730469,False,35.435401916503906,20.081974029541016
3409.5,False,False,31.866952896118164,34.11579513549805,False,35.435401916503906,20.081974029541016
3410.0,False,False,31.86226463317871,34.110084533691406,False,35.435401916503906,20.081974029541016
3410.5,False,False,31.85757827758789,34.10437774658203,False,35.435401916503906,20.081974029541016
3411.0,False,True,31.852893829345703,34.09867477416992,False,35.435401916503906,20.081974029541016
3411.5,False,False,31.84821128845215,34.09297561645508,False,35.435401916503906,20.081974029541016
3412.0,False,False,31.843528747558594,34.087276458740234,False,35.435401916503906,20.081974029541016
3412.5,False,False,31.838850021362305,34.08157730102539,False,35.435401916503906,20.081974029541016
3413.0,False,False,31.83417320251465,34.07588577270508,False,35.435401916503906,20.081974029541016
3413.5,False,False,31.829498291015625,34.070194244384766,False,35.435401916503906,20.081974029541016
3414.0,False,True,31.824825286865234,34.06450653076172,False,35.435401916503906,20.081974029541016
3414.5,False,False,31.820154190063477,34.05881881713867,False,35.435401916503906,20.081974029541016
3415.0,False,False,31.81548500061035,34.05313491821289,False,35.435401916503906,20.081974029541016
3415.5,False,False,31.810815811157227,34.047454833984375,False,35.435401916503906,20.081974029541016
3416.0,False,False,31.806150436401367,34.04177474975586,False,35.435401916503906,20.081974029541016
3416.5,False,False,31.80148696899414,34.036102294921875,False,35.435401916503906,20.081974029541016
3417.0,False,True,31.796825408935547,34.030426025390625,False,35.435401916503906,20.081974029541016
3417.5,False,False,31.792163848876953,34.024757385253906,False,35.435401916503906,20.081974029541016
3418.0,False,False,31.787506103515625,34.01908874511719,False,35.435401916503906,20.081974029541016
3418.5,False,False,31.78285026550293,34.013423919677734,False,35.435401916503906,20.081974029541016
3419.0,False,False,31.778194427490234,34.00775909423828,False,35.435401916503906,20.081974029541016
3419.5,False,False,31.773542404174805,34.002098083496094,False,35.435401916503906,20.081974029541016
3420.0,False,True,31.768892288208008,33.99644088745117,False,35.435401916503906,20.081974029541016
3420.5,False,False,31.76424217224121,33.990787506103516,False,35.435401916503906,20.081974029541016
3421.0,False,False,31.75959587097168,33.98513412475586,False,35.435401916503906,20.081974029541016
3421.5,False,False,31.75494956970215,33.97948455810547,False,35.435401916503906,20.081974029541016
3422.0,False,False,31.750307083129883,33.97383499145508,False,35.435401916503906,20.081974029541016
3422.5,False,False,31.745664596557617,33.96819305419922,False,35.435401916503906,20.081974029541016
3423.0,False,True,31.741025924682617,33.962547302246094,False,35.435401916503906,20.081974029541016
3423.5,False,False,31.736387252807617,33.9569091796875,False,35.435401916503906,20.081974029541016
3424.0,False,False,31.731752395629883,33.951271057128906,False,35.435401916503906,20.081974029541016
3424.5,False,False,31.72711753845215,33.94563674926758,False,35.435401916503906,20.081974029541016
3425.0,False,False,31.722484588623047,33.94000244140625,False,35.435401916503906,20.081974029541016
3425.5,False,False,31.71785545349121,33.93437576293945,False,35.435401916503906,20.081974029541016
3426.0,False,True,31.713226318359375,33.928749084472656,False,35.435401916503906,20.081974029541016
3426.5,False,False,31.708599090576172,33.92312240600586,False,35.435401916503906,20.081974029541016
3427.0,False,False,31.703975677490234,33.91749954223633,False,35.435401916503906,20.081974029541016
3427.5,False,False,31.699352264404297,33.91188049316406,False,35.435401916503906,20.081974029541016
3428.0,False,False,31.694730758666992,33.90626525878906,False,35.435401916503906,20.081974029541016
3428.5,False,False,31.690113067626953,33.90065002441406,False,35.435401916503906,20.081974029541016
3429.0,False,True,31.685495376586914,33.89503860473633,False,35.435401916503906,20.081974029541016
3429.5,False,False,31.680879592895508,33.889427185058594,False,35.435401916503906,20.081974029541016
3430.0,False,False,31.676265716552734,33.883819580078125,False,35.435401916503906,20.081974029541016
3430.5,False,False,31.671653747558594,33.87821578979492,False,35.435401916503906,20.081974029541016
3431.0,False,False,31.66704559326172,33.872615814208984,False,35.435401916503906,20.081974029541016
3431.5,False,False,31.662437438964844,33.86701583862305,False,35.435401916503906,20.081974029541016
3432.0,False,True,31.6578311920166,33.86141586303711,False,35.435401916503906,20.081974029541016
3432.5,False,False,31.653226852416992,33.8558235168457,False,35.435401916503906,20.081974029541016
3433.0,False,False,31.648624420166016,33.8502311706543,False,35.435401916503906,20.081974029541016
3433.5,False,False,31.644023895263672,33.844642639160156,False,35.435401916503906,20.081974029541016
3434.0,False,False,31.63942527770996,33.839054107666016,False,35.435401916503906,20.081974029541016
3434.5,False,False,31.634828567504883,33.83346939086914,False,35.435401916503906,20.081974029541016
3435.0,False,True,31.630233764648438,33.82788848876953,False,35.435401916503906,20.081974029541016
3435.5,False,False,31.625640869140625,33.82231140136719,False,35.435401916503906,20.081974029541016
3436.0,False,False,31.621049880981445,33.816734313964844,False,35.435401916503906,20.081974029541016
3436.5,False,False,31.6164608001709,33.8111572265625,False,35.435401916503906,20.081974029541016
3437.0,False,False,31.611873626708984,33.80558776855469,False,35.435401916503906,20.081974029541016
3437.5,False,False,31.607288360595703,33.800018310546875,False,35.435401916503906,20.081974029541016
3438.0,False,True,31.602705001831055,33.79444885253906,False,35.435401916503906,20.081974029541016
3438.5,False,False,31.598121643066406,33.78888702392578,False,35.435401916503906,20.081974029541016
3439.0,False,False,31.593542098999023,33.7833251953125,False,35.435401916503906,20.081974029541016
3439.5,False,False,31.588964462280273,33.77776336669922,False,35.435401916503906,20.081974029541016
3440.0,False,False,31.584388732910156,33.77220916748047,False,35.435401916503906,20.081974029541016
3440.5,False,False,31.579814910888672,33.76665496826172,False,35.435401916503906,20.081974029541016
3441.0,False,True,31.575241088867188,33.76110076904297,False,35.435401916503906,20.081974029541016
3441.5,False,False,31.57067108154297,33.755550384521484,False,35.435401916503906,20.081974029541016
3442.0,False,False,31.566102981567383,33.750003814697266,False,35.435401916503906,20.081974029541016
3442.5,False,False,31.561534881591797,33.74446105957031,False,35.435401916503906,20.081974029541016
3443.0,False,False,31.556970596313477,33.73891830444336,False,35.435401916503906,20.081974029541016
3443.5,False,False,31.55240821838379,33.73337936401367,False,35.435401916503906,20.081974029541016
3444.0,False,True,31.5478458404541,33.72784423828125,False,35.435401916503906,20.081974029541016
3444.5,False,False,31.54328727722168,33.72230911254883,False,35.435401916503906,20.081974029541016
3445.0,False,False,31.53873062133789,33.71677780151367,False,35.435401916503906,20.081974029541016
3445.5,False,False,31.5341739654541,33.711246490478516,False,35.435401916503906,20.081974029541016
3446.0,False,False,31.529621124267578,33.705718994140625,False,35.435401916503906,20.081974029541016
3446.5,False,False,31.525068283081055,33.7001953125,False,35.435401916503906,20.081974029541016
3447.0,False,True,31.520519256591797,33.694671630859375,False,35.435401916503906,20.081974029541016
3447.5,False,False,31.51597023010254,33.689151763916016,False,35.435401916503906,20.081974029541016
3448.0,False,False,31.511425018310547,33.68363571166992,False,35.435401916503906,20.081974029541016
3448.5,False,False,31.506879806518555,33.67811965942383,False,35.435401916503906,20.081974029541016
3449.0,False,False,31.502336502075195,33.672607421875,False,35.435401916503906,20.081974029541016
3449.5,False,False,31.4977970123291,33.66709899902344,False,35.435401916503906,20.081974029541016
3450.0,False,True,31.493257522583008,33.661590576171875,False,35.435401916503906,20.081974029541016
3450.5,False,False,31.48872184753418,33.65608596801758,False,35.435401916503906,20.081974029541016
3451.0,False,False,31.48418617248535,33.65058517456055,False,35.435401916503906,20.081974029541016
3451.5,False,False,31.479652404785156,33.645084381103516,False,35.435401916503906,20.081974029541016
3452.0,False,False,31.475122451782227,33.63958740234375,False,35.435401916503906,20.081974029541016
3452.5,False,False,31.470592498779297,33.634090423583984,False,35.435401916503906,20.081974029541016
3453.0,False,True,31.466064453125,33.628597259521484,False,35.435401916503906,20.081974029541016
3453.5,False,False,31.461538314819336,33.62310791015625,False,35.435401916503906,20.081974029541016
3454.0,False,False,31.457014083862305,33.61762237548828,False,35.435401916503906,20.081974029541016
3454.5,False,False,31.45249366760254,33.61213684082031,False,35.435401916503906,20.081974029541016
3455.0,False,False,31.447973251342773,33.606651306152344,False,35.435401916503906,20.081974029541016
3455.5,False,False,31.44345474243164,33.601173400878906,False,35.435401916503906,20.081974029541016
3456.0,False,True,31.43893814086914,33.59569549560547,False,35.435401916503906,20.081974029541016
3456.5,False,False,31.434423446655273,33.59021759033203,False,35.435401916503906,20.081974029541016
3457.0,False,False,31.42991065979004,33.584747314453125,False,35.435401916503906,20.081974029541016
3457.5,False,False,31.425399780273438,33.57927322387695,False,35.435401916503906,20.081974029541016
3458.0,False,False,31.42089080810547,33.57380676269531,False,35.435401916503906,20.081974029541016
3458.5,False,False,31.416383743286133,33.56834030151367,False,35.435401916503906,20.081974029541016
3459.0,False,True,31.41187858581543,33.5628776550293,False,35.435401916503906,20.081974029541016
3459.5,False,False,31.40737533569336,33.55741882324219,False,35.435401916503906,20.081974029541016
3460.0,False,False,31.402873992919922,33.55195999145508,False,35.435401916503906,20.081974029541016
3460.5,False,False,31.398374557495117,33.54650115966797,False,35.435401916503906,20.081974029541016
3461.0,False,False,31.393877029418945,33.54104995727539,False,35.435401916503906,20.081974029541016
3461.5,False,False,31.389381408691406,33.53559875488281,False,35.435401916503906,20.081974029541016
3462.0,False,True,31.3848876953125,33.530147552490234,False,35.435401916503906,20.081974029541016
3462.5,False,False,31.380393981933594,33.52470397949219,False,35.435401916503906,20.081974029541016
3463.0,False,False,31.375904083251953,33.51926040649414,False,35.435401916503906,20.081974029541016
3463.5,False,False,31.371416091918945,33.513816833496094,False,35.435401916503906,20.081974029541016
3464.0,False,False,31.36693000793457,33.50837707519531,False,35.435401916503906,20.081974029541016
3464.5,False,False,31.362443923950195,33.5029411315918,False,35.435401916503906,20.081974029541016
3465.0,False,True,31.357961654663086,33.49750900268555,False,35.435401916503906,20.081974029541016
3465.5,False,False,31.35348129272461,33.4920768737793,False,35.435401916503906,20.081974029541016
3466.0,False,False,31.349000930786133,33.48664474487305,False,35.435401916503906,20.081974029541016
3466.5,False,False,31.344524383544922,33.48122024536133,False,35.435401916503906,20.081974029541016
3467.0,False,False,31.340049743652344,33.47579574584961,False,35.435401916503906,20.081974029541016
3467.5,False,False,31.335575103759766,33.47037124633789,False,35.435401916503906,20.081974029541016
3468.0,False,True,31.331104278564453,33.46495056152344,False,35.435401916503906,20.081974029541016
3468.5,False,False,31.32663345336914,33.45953369140625,False,35.435401916503906,20.081974029541016
3469.0,False,False,31.322166442871094,33.45412063598633,False,35.435401916503906,20.081974029541016
3469.5,False,False,31.317699432373047,33.448707580566406,False,35.435401916503906,20.081974029541016
3470.0,False,False,31.313236236572266,33.44329833984375,False,35.435401916503906,20.081974029541016
3470.5,False,False,31.308773040771484,33.437889099121094,False,35.435401916503906,20.081974029541016
3471.0,False,True,31.304311752319336,33.4324836730957,False,35.435401916503906,20.081974029541016
3471.5,False,False,31.299854278564453,33.42708206176758,False,35.435401916503906,20.081974029541016
3472.0,False,False,31.29539680480957,33.42168045043945,False,35.435401916503906,20.081974029541016
3472.5,False,False,31.29094123840332,33.416282653808594,False,35.435401916503906,20.081974029541016
3473.0,False,False,31.286489486694336,33.410888671875,False,35.435401916503906,20.081974029541016
3473.5,False,False,31.28203773498535,33.405494689941406,False,35.435401916503906,20.081974029541016
3474.0,False,True,31.277587890625,33.40010070800781,False,35.435401916503906,20.081974029541016
3474.5,False,False,31.27313995361328,33.39471435546875,False,35.435401916503906,20.081974029541016
3475.0,False,False,31.268693923950195,33.38932800292969,False,35.435401916503906,20.081974029541016
3475.5,False,False,31.264251708984375,33.38394546508789,False,35.435401916503906,20.081974029541016
3476.0,False,False,31.259809494018555,33.378562927246094,False,35.435401916503906,20.081974029541016
3476.5,False,False,31.255369186401367,33.37318420410156,False,35.435401916503906,20.081974029541016
3477.0,False,True,31.250930786132812,33.36780548095703,False,35.435401916503906,20.081974029541016
3477.5,False,False,31.24649429321289,33.36243438720703,False,35.435401916503906,20.081974029541016
3478.0,False,False,31.2420597076416,33.357059478759766,False,35.435401916503906,20.081974029541016
3478.5,False,False,31.237627029418945,33.35169219970703,False,35.435401916503906,20.081974029541016
3479.0,False,False,31.233196258544922,33.3463249206543,False,35.435401916503906,20.081974029541016
3479.5,False,False,31.22876739501953,33.34095764160156,False,35.435401916503906,20.081974029541016
3480.0,False,True,31.22433853149414,33.33559799194336,False,35.435401916503906,20.081974029541016
3480.5,False,False,31.219913482666016,33.330238342285156,False,35.435401916503906,20.081974029541016
3481.0,False,False,31.215490341186523,33.32487869262695,False,35.435401916503906,20.081974029541016
3481.5,False,False,31.211069107055664,33.319522857666016,False,35.435401916503906,20.081974029541016
3482.0,False,False,31.206649780273438,33.314170837402344,False,35.435401916503906,20.081974029541016
3482.5,False,False,31.20223045349121,33.30881881713867,False,35.435401916503906,20.081974029541016
3483.0,False,True,31.19781494140625,33.303470611572266,False,35.435401916503906,20.081974029541016
3483.5,False,False,31.193401336669922,33.298126220703125,False,35.435401916503906,20.081974029541016
3484.0,False,False,31.188987731933594,33.292781829833984,False,35.435401916503906,20.081974029541016
3484.5,False,False,31.18457794189453,33.28744125366211,False,35.435401916503906,20.081974029541016
3485.0,False,False,31.1801700592041,33.2821044921875,False,35.435401916503906,20.081974029541016
3485.5,False,False,31.175762176513672,33.27676773071289,False,35.435401916503906,20.081974029541016
3486.0,False,True,31.171358108520508,33.27143478393555,False,35.435401916503906,20.081974029541016
3486.5,False,False,31.166954040527344,33.2661018371582,False,35.435401916503906,20.081974029541016
3487.0,False,False,31.162553787231445,33.260772705078125,False,35.435401916503906,20.081974029541016
3487.5,False,False,31.158153533935547,33.25544357299805,False,35.435401916503906,20.081974029541016
3488.0,False,False,31.15375518798828,33.2501220703125,False,35.435401916503906,20.081974029541016
3488.5,False,False,31.14936065673828,33.24480056762695,False,35.435401916503906,20.081974029541016
3489.0,False,True,31.14496612548828,33.239479064941406,False,35.435401916503906,20.081974029541016
3489.5,False,False,31.140573501586914,33.234161376953125,False,35.435401916503906,20.081974029541016
3490.0,False,False,31.13618278503418,33.22884750366211,False,35.435401916503906,20.081974029541016
3490.5,False,False,31.13179588317871,33.223533630371094,False,35.435401916503906,20.081974029541016
3491.0,False,False,31.127408981323242,33.218223571777344,False,35.435401916503906,20.081974029541016
3491.5,False,False,31.123023986816406,33.212913513183594,False,35.435401916503906,20.081974029541016
3492.0,False,True,31.118640899658203,33.20760726928711,False,35.435401916503906,20.081974029541016
3492.5,False,False,31.114259719848633,33.20230484008789,False,35.435401916503906,20.081974029541016
3493.0,False,False,31.109880447387695,33.19700622558594,False,35.435401916503906,20.081974029541016
3493.5,False,False,31.10550308227539,33.191707611083984,False,35.435401916503906,20.081974029541016
3494.0,False,False,31.10112762451172,33.18640899658203,False,35.435401916503906,20.081974029541016
3494.5,False,False,31.09675407409668,33.181114196777344,False,35.435401916503906,20.081974029541016
3495.0,False,True,31.092382431030273,33.17582321166992,False,35.435401916503906,20.081974029541016
3495.5,False,False,31.0880126953125,33.170536041259766,False,35.435401916503906,20.081974029541016
3496.0,False,False,31.08364486694336,33.16524887084961,False,35.435401916503906,20.081974029541016
3496.5,False,False,31.07927703857422,33.15996170043945,False,35.435401916503906,20.081974029541016
3497.0,False,False,31.074913024902344,33.15467834472656,False,35.435401916503906,20.081974029541016
3497.5,False,False,31.0705509185791,33.14939880371094,False,35.435401916503906,20.081974029541016
3498.0,False,True,31.066190719604492,33.14412307739258,False,35.435401916503906,20.081974029541016
3498.5,False,False,31.061830520629883,33.13884735107422,False,35.435401916503906,20.081974029541016
3499.0,False,False,31.05747413635254,33.133575439453125,False,35.435401916503906,20.081974029541016
3499.5,False,False,31.053117752075195,33.12830352783203,False,35.435401916503906,20.081974029541016
3500.0,False,False,31.048765182495117,33.1230354309082,False,35.435401916503906,20.081974029541016
3500.5,False,False,31.04441261291504,33.117767333984375,False,35.435401916503906,20.081974029541016
3501.0,False,True,31.040063858032227,33.11250305175781,False,35.435401916503906,20.081974029541016
3501.5,False,False,31.035715103149414,33.107242584228516,False,35.435401916503906,20.081974029541016
3502.0,False,False,31.031370162963867,33.101985931396484,False,35.435401916503906,20.081974029541016
3502.5,False,False,31.02702522277832,33.09672927856445,False,35.435401916503906,20.081974029541016
3503.0,False,False,31.022682189941406,33.09147262573242,False,35.435401916503906,20.081974029541016
3503.5,False,False,31.018342971801758,33.086219787597656,False,35.435401916503906,20.081974029541016
3504.0,False,True,31.01400375366211,33.080970764160156,False,35.435401916503906,20.081974029541016
3504.5,False,False,31.009666442871094,33.075721740722656,False,35.435401916503906,20.081974029541016
3505.0,False,False,31.00533103942871,33.07047653198242,False,35.435401916503906,20.081974029541016
3505.5,False,False,31.00099754333496,33.06523513793945,False,35.435401916503906,20.081974029541016
3506.0,False,False,30.996665954589844,33.059993743896484,False,35.435401916503906,20.081974029541016
3506.5,False,False,30.99233627319336,33.05475616455078,False,35.435401916503906,20.081974029541016
3507.0,False,True,30.988008499145508,33.04951858520508,False,35.435401916503906,20.081974029541016
3507.5,False,False,30.98368263244629,33.04428482055664,False,35.435401916503906,20.081974029541016
3508.0,False,False,30.979358673095703,33.03905487060547,False,35.435401916503906,20.081974029541016
3508.5,False,False,30.97503662109375,33.0338249206543,False,35.435401916503906,20.081974029541016
3509.0,False,False,30.97071647644043,33.02859878540039,False,35.435401916503906,20.081974029541016
3509.5,False,False,30.96639633178711,33.02337646484375,False,35.435401916503906,20.081974029541016
3510.0,False,True,30.962080001831055,33.01815414428711,False,35.435401916503906,20.081974029541016
3510.5,False,False,30.957765579223633,33.01293182373047,False,35.435401916503906,20.081974029541016
3511.0,False,False,30.95345115661621,33.007713317871094,False,35.435401916503906,20.081974029541016
3511.5,False,False,30.949140548706055,33.002498626708984,False,35.435401916503906,20.081974029541016
3512.0,False,False,30.94483184814453,32.99728775024414,False,35.435401916503906,20.081974029541016
3512.5,False,False,30.940523147583008,32.9920768737793,False,35.435401916503906,20.081974029541016
3513.0,False,True,30.936216354370117,32.98686599731445,False,35.435401916503906,20.081974029541016
3513.5,False,False,30.931913375854492,32.98166275024414,False,35.435401916503906,20.081974029541016
3514.0,False,False,30.927610397338867,32.97645568847656,False,35.435401916503906,20.081974029541016
3514.5,False,False,30.923311233520508,32.971256256103516,False,35.435401916503906,20.081974029541016
3515.0,False,False,30.91901206970215,32.96605682373047,False,35.435401916503906,20.081974029541016
3515.5,False,False,30.914714813232422,32.96086120605469,False,35.435401916503906,20.081974029541016
3516.0,False,True,30.910419464111328,32.955665588378906,False,35.435401916503906,20.081974029541016
3516.5,False,False,30.906126022338867,32.95047378540039,False,35.435401916503906,20.081974029541016
3517.0,False,False,30.90183448791504,32.945281982421875,False,35.435401916503906,20.081974029541016
3517.5,False,False,30.897544860839844,32.940093994140625,False,35.435401916503906,20.081974029541016
3518.0,False,False,30.89325714111328,32.93490982055664,False,35.435401916503906,20.081974029541016
3518.5,False,False,30.88897132873535,32.929725646972656,False,35.435401916503906,20.081974029541016
3519.0,False,True,30.884687423706055,32.92454528808594,False,35.435401916503906,20.081974029541016
3519.5,False,False,30.88040542602539,32.91936492919922,False,35.435401916503906,20.081974029541016
3520.0,False,False,30.87612533569336,32.914188385009766,False,35.435401916503906,20.081974029541016
3520.5,False,False,30.87184715270996,32.90901565551758,False,35.435401916503906,20.081974029541016
3521.0,False,False,30.867568969726562,32.90384292602539,False,35.435401916503906,20.081974029541016
3521.5,False,False,30.86329460144043,32.89867401123047,False,35.435401916503906,20.081974029541016
3522.0,False,True,30.85902214050293,32.89350509643555,False,35.435401916503906,20.081974029541016
3522.5,False,False,30.85474967956543,32.88833999633789,False,35.435401916503906,20.081974029541016
3523.0,False,False,30.850481033325195,32.8831787109375,False,35.435401916503906,20.081974029541016
3523.5,False,False,30.84621238708496,32.87801742553711,False,35.435401916503906,20.081974029541016
3524.0,False,False,30.841947555541992,32.872859954833984,False,35.435401916503906,20.081974029541016
3524.5,False,False,30.837682723999023,32.86770248413086,False,35.435401916503906,20.081974029541016
3525.0,False,True,30.833419799804688,32.862548828125,False,35.435401916503906,20.081974029541016
3525.5,False,False,30.829158782958984,32.857398986816406,False,35.435401916503906,20.081974029541016
3526.0,False,False,30.824901580810547,32.85224914550781,False,35.435401916503906,20.081974029541016
3526.5,False,False,30.82064437866211,32.847103118896484,False,35.435401916503906,20.081974029541016
3527.0,False,False,30.816389083862305,32.841957092285156,False,35.435401916503906,20.081974029541016
3527.5,False,False,30.812135696411133,32.836814880371094,False,35.435401916503906,20.081974029541016
3528.0,False,True,30.807884216308594,32.8316764831543,False,35.435401916503906,20.081974029541016
3528.5,False,False,30.803634643554688,32.8265380859375,False,35.435401916503906,20.081974029541016
3529.0,False,False,30.799386978149414,32.8213996887207,False,35.435401916503906,20.081974029541016
3529.5,False,False,30.795141220092773,32.81626892089844,False,35.435401916503906,20.081974029541016
3530.0,False,False,30.790895462036133,32.81113815307617,False,35.435401916503906,20.081974029541016
3530.5,False,False,30.786653518676758,32.806007385253906,False,35.435401916503906,20.081974029541016
3531.0,False,True,30.782413482666016,32.800880432128906,False,35.435401916503906,20.081974029541016
3531.5,False,False,30.778173446655273,32.79575729370117,False,35.435401916503906,20.081974029541016
3532.0,False,False,30.773937225341797,32.79063415527344,False,35.435401916503906,20.081974029541016
3532.5,False,False,30.76970100402832,32.78551483154297,False,35.435401916503906,20.081974029541016
3533.0,False,False,30.76546859741211,32.7803955078125,False,35.435401916503906,20.081974029541016
3533.5,False,False,30.7612361907959,32.7752799987793,False,35.435401916503906,20.081974029541016
3534.0,False,True,30.757007598876953,32.77016830444336,False,35.435401916503906,20.081974029541016
3534.5,False,False,30.752779006958008,32.76505661010742,False,35.435401916503906,20.081974029541016
3535.0,False,False,30.748552322387695,32.75994873046875,False,35.435401916503906,20.081974029541016
3535.5,False,False,30.744327545166016,32.75484085083008,False,35.435401916503906,20.081974029541016
3536.0,False,False,30.74010467529297,32.74973678588867,False,35.435401916503906,20.081974029541016
3536.5,False,False,30.735883712768555,32.74463653564453,False,35.435401916503906,20.081974029541016
3537.0,False,True,30.731664657592773,32.73953628540039,False,35.435401916503906,20.081974029541016
3537.5,False,False,30.727447509765625,32.734439849853516,False,35.435401916503906,20.081974029541016
3538.0,False,False,30.72323226928711,32.72934341430664,False,35.435401916503906,20.081974029541016
3538.5,False,False,30.719018936157227,32.72425079345703,False,35.435401916503906,20.081974029541016
3539.0,False,False,30.714807510375977,32.71915817260742,False,35.435401916503906,20.081974029541016
3539.5,False,False,30.71059799194336,32.71406936645508,False,35.435401916503906,20.081974029541016
3540.0,False,True,30.706388473510742,32.708984375,False,35.435401916503906,20.081974029541016
3540.5,False,False,30.70218276977539,32.70389938354492,False,35.435401916503906,20.081974029541016
3541.0,False,False,30.69797706604004,32.69881820678711,False,35.435401916503906,20.081974029541016
3541.5,False,False,30.693775177001953,32.6937370300293,False,35.435401916503906,20.081974029541016
3542.0,False,False,30.689573287963867,32.68865966796875,False,35.435401916503906,20.081974029541016
3542.5,False,False,30.685375213623047,32.68358612060547,False,35.435401916503906,20.081974029541016
3543.0,False,True,30.681177139282227,32.67851257324219,False,35.435401916503906,20.081974029541016
3543.5,False,False,30.67698097229004,32.67344284057617,False,35.435401916503906,20.081974029541016
3544.0,False,False,30.672786712646484,32.668373107910156,False,35.435401916503906,20.081974029541016
3544.5,False,False,30.668594360351562,32.663307189941406,False,35.435401916503906,20.081974029541016
3545.0,False,False,30.664403915405273,32.658241271972656,False,35.435401916503906,20.081974029541016
3545.5,False,False,30.660215377807617,32.65317916870117,False,35.435401916503906,20.081974029541016
3546.0,False,True,30.656028747558594,32.64812088012695,False,35.435401916503906,20.081974029541016
3546.5,False,False,30.651844024658203,32.643062591552734,False,35.435401916503906,20.081974029541016
3547.0,False,False,30.647661209106445,32.63800811767578,False,35.435401916503906,20.081974029541016
3547.5,False,False,30.643478393554688,32.632957458496094,False,35.435401916503906,20.081974029541016
3548.0,False,False,30.639299392700195,32.62790298461914,False,35.435401916503906,20.081974029541016
3548.5,False,False,30.635122299194336,32.62285614013672,False,35.435401916503906,20.081974029541016
3549.0,False,True,30.630945205688477,32.6178092956543,False,35.435401916503906,20.081974029541016
3549.5,False,False,30.626771926879883,32.61276626586914,False,35.435401916503906,20.081974029541016
3550.0,False,False,30.62259864807129,32.607723236083984,False,35.435401916503906,20.081974029541016
3550.5,False,False,30.618427276611328,32.602684020996094,False,35.435401916503906,20.081974029541016
3551.0,False,False,30.614259719848633,32.5976448059082,False,35.435401916503906,20.081974029541016
3551.5,False,False,30.610092163085938,32.59260940551758,False,35.435401916503906,20.081974029541016
3552.0,False,True,30.605926513671875,32.58757781982422,False,35.435401916503906,20.081974029541016
3552.5,False,False,30.601762771606445,32.58254623413086,False,35.435401916503906,20.081974029541016
3553.0,False,False,30.59760093688965,32.577518463134766,False,35.435401916503906,20.081974029541016
3553.5,False,False,30.593441009521484,32.57249069213867,False,35.435401916503906,20.081974029541016
3554.0,False,False,30.589282989501953,32.567466735839844,False,35.435401916503906,20.081974029541016
3554.5,False,False,30.585126876831055,32.56244659423828,False,35.435401916503906,20.081974029541016
3555.0,False,True,30.580970764160156,32.55742645263672,False,35.435401916503906,20.081974029541016
3555.5,False,False,30.576818466186523,32.552406311035156,False,35.435401916503906,20.081974029541016
3556.0,False,False,30.57266616821289,32.54738998413086,False,35.435401916503906,20.081974029541016
3556.5,False,False,30.568517684936523,32.54237747192383,False,35.435401916503906,20.081974029541016
3557.0,False,False,30.564369201660156,32.53736877441406,False,35.435401916503906,20.081974029541016
3557.5,False,False,30.560224533081055,32.53235626220703,False,35.435401916503906,20.081974029541016
3558.0,False,True,30.556079864501953,32.52735137939453,False,35.435401916503906,20.081974029541016
3558.5,False,False,30.551937103271484,32.52234649658203,False,35.435401916503906,20.081974029541016
3559.0,False,False,30.54779624938965,32.5173454284668,False,35.435401916503906,20.081974029541016
3559.5,False,False,30.543657302856445,32.51234436035156,False,35.435401916503906,20.081974029541016
3560.0,False,False,30.539520263671875,32.507347106933594,False,35.435401916503906,20.081974029541016
3560.5,False,False,30.535385131835938,32.502349853515625,False,35.435401916503906,20.081974029541016
3561.0,False,True,30.531251907348633,32.49735641479492,False,35.435401916503906,20.081974029541016
3561.5,False,False,30.52712059020996,32.49236297607422,False,35.435401916503906,20.081974029541016
3562.0,False,False,30.522991180419922,32.48737716674805,False,35.435401916503906,20.081974029541016
3562.5,False,False,30.518861770629883,32.48238754272461,False,35.435401916503906,20.081974029541016
3563.0,False,False,30.51473617553711,32.47740173339844,False,35.435401916503906,20.081974029541016
3563.5,False,False,30.510610580444336,32.47241973876953,False,35.435401916503906,20.081974029541016
3564.0,False,True,30.506488800048828,32.46744155883789,False,35.435401916503906,20.081974029541016
3564.5,False,False,30.50236701965332,32.46246337890625,False,35.435401916503906,20.081974029541016
3565.0,False,False,30.498249053955078,32.45748519897461,False,35.435401916503906,20.081974029541016
3565.5,False,False,30.494131088256836,32.452510833740234,False,35.435401916503906,20.081974029541016
3566.0,False,False,30.490015029907227,32.447540283203125,False,35.435401916503906,20.081974029541016
3566.5,False,False,30.48590087890625,32.442569732666016,False,35.435401916503906,20.081974029541016
3567.0,False,True,30.481788635253906,32.43760299682617,False,35.435401916503906,20.081974029541016
3567.5,False,False,30.477678298950195,32.43263626098633,False,35.435401916503906,20.081974029541016
3568.0,False,False,30.473569869995117,32.42767333984375,False,35.435401916503906,20.081974029541016
3568.5,False,False,30.46946144104004,32.42271423339844,False,35.435401916503906,20.081974029541016
3569.0,False,False,30.465356826782227,32.417755126953125,False,35.435401916503906,20.081974029541016
3569.5,False,False,30.461254119873047,32.41279602050781,False,35.435401916503906,20.081974029541016
3570.0,False,True,30.457151412963867,32.407840728759766,False,35.435401916503906,20.081974029541016
3570.5,False,False,30.45305061340332,32.402889251708984,False,35.435401916503906,20.081974029541016
3571.0,False,False,30.44895362854004,32.39794158935547,False,35.435401916503906,20.081974029541016
3571.5,False,False,30.444856643676758,32.39299011230469,False,35.435401916503906,20.081974029541016
3572.0,False,False,30.44076156616211,32.38804626464844,False,35.435401916503906,20.081974029541016
3572.5,False,False,30.436668395996094,32.38310241699219,False,35.435401916503906,20.081974029541016
3573.0,False,True,30.43257713317871,32.3781623840332,False,35.435401916503906,20.081974029541016
3573.5,True,False,30.42848777770996,32.37322235107422,True,35.435401916503906,20.040868759155273
3574.0,False,False,30.424400329589844,32.368282318115234,True,35.435401916503906,20.040868759155273
3574.5,False,False,30.42031478881836,32.36334991455078,True,35.435401916503906,20.040868759155273
3575.0,False,False,30.416231155395508,32.35841751098633,True,35.435401916503906,20.040868759155273
3575.5,False,False,30.412147521972656,32.353485107421875,True,35.435401916503906,20.040868759155273
3576.0,False,True,30.40806770324707,32.34855651855469,True,35.435401916503906,20.040868759155273
3576.5,False,False,30.403987884521484,32.37199783325195,True,35.435401916503906,20.040868759155273
3577.0,False,False,30.399999618530273,32.39536666870117,True,35.435401916503906,20.040868759155273
3577.5,False,False,30.396100997924805,32.41866683959961,True,35.435401916503906,20.040868759155273
3578.0,False,False,30.392292022705078,32.441898345947266,True,35.435401916503906,20.040868759155273
3578.5,False,False,30.38857078552246,32.46506118774414,True,35.435401916503906,20.040868759155273
3579.0,False,True,30.384937286376953,32.488155364990234,True,35.435401916503906,20.040868759155273
3579.5,False,False,30.381391525268555,32.51118469238281,True,35.435401916503906,20.040868759155273
3580.0,False,False,30.377933502197266,32.53414535522461,True,35.435401916503906,20.040868759155273
3580.5,False,False,30.374561309814453,32.557037353515625,True,35.435401916503906,20.040868759155273
3581.0,False,False,30.371274948120117,32.57986068725586,True,35.435401916503906,20.040868759155273
3581.5,False,False,30.368072509765625,32.602622985839844,True,35.435401916503906,20.040868759155273
3582.0,False,True,30.36495590209961,32.62531280517578,True,35.435401916503906,20.040868759155273
3582.5,False,False,30.361923217773438,32.64794158935547,True,35.435401916503906,20.040868759155273
3583.0,False,False,30.358972549438477,32.67050552368164,True,35.435401916503906,20.040868759155273
3583.5,False,False,30.35610580444336,32.6930046081543,True,35.435401916503906,20.040868759155273
3584.0,False,False,30.353322982788086,32.71543884277344,True,35.435401916503906,20.040868759155273
3584.5,False,False,30.35062026977539,32.73780822753906,True,35.435401916503906,20.040868759155273
3585.0,False,True,30.347997665405273,32.76011276245117,True,35.435401916503906,20.040868759155273
3585.5,False,False,30.345457077026367,32.78235626220703,True,35.435401916503906,20.040868759155273
3586.0,False,False,30.342998504638672,32.804534912109375,True,35.435401916503906,20.040868759155273
3586.5,False,False,30.34061622619629,32.82665252685547,True,35.435401916503906,20.040868759155273
3587.0,False,False,30.338315963745117,32.84870910644531,True,35.435401916503906,20.040868759155273
3587.5,False,False,30.336091995239258,32.87070083618164,True,35.435401916503906,20.040868759155273
3588.0,False,True,30.333948135375977,32.89263153076172,True,35.435401916503906,20.040868759155273
3588.5,False,False,30.331880569458008,32.91450119018555,True,35.435401916503906,20.040868759155273
3589.0,False,False,30.32988929748535,32.93631362915039,True,35.435401916503906,20.040868759155273
3589.5,False,False,30.32797622680664,32.95806121826172,True,35.435401916503906,20.040868759155273
3590.0,False,False,30.32613754272461,32.97975158691406,True,35.435401916503906,20.040868759155273
3590.5,False,False,30.32437515258789,33.001380920410156,True,35.435401916503906,20.040868759155273
3591.0,False,True,30.322689056396484,33.022953033447266,True,35.435401916503906,20.040868759155273
3591.5,False,False,30.321075439453125,33.044464111328125,True,35.435401916503906,20.040868759155273
3592.0,False,False,30.319536209106445,33.065914154052734,True,35.435401916503906,20.040868759155273
3592.5,False,False,30.318071365356445,33.087310791015625,True,35.435401916503906,20.040868759155273
3593.0,False,False,30.316679000854492,33.108646392822266,True,35.435401916503906,20.040868759155273
3593.5,False,False,30.315359115600586,33.12992477416992,True,35.435401916503906,20.040868759155273
3594.0,False,True,30.314111709594727,33.151145935058594,True,35.435401916503906,20.040868759155273
3594.5,False,False,30.31293487548828,33.17230987548828,True,35.435401916503906,20.040868759155273
3595.0,False,False,30.311830520629883,33.193416595458984,True,35.435401916503906,20.040868759155273
3595.5,False,False,30.310794830322266,33.2144660949707,True,35.435401916503906,20.040868759155273
3596.0,False,False,30.309831619262695,33.2354621887207,True,35.435401916503906,20.040868759155273
3596.5,False,False,30.308937072753906,33.25640106201172,True,35.435401916503906,20.040868759155273
3597.0,False,True,30.3081111907959,33.27728271484375,True,35.435401916503906,20.040868759155273
3597.5,False,False,30.307353973388672,33.29811096191406,True,35.435401916503906,20.040868759155273
3598.0,False,False,30.306665420532227,33.318885803222656,True,35.435401916503906,20.040868759155273
3598.5,False,False,30.306045532226562,33.339603424072266,True,35.435401916503906,20.040868759155273
3599.0,False,False,30.305490493774414,33.36027145385742,True,35.435401916503906,20.040868759155273
3599.5,False,False,30.305004119873047,33.380882263183594,True,35.435401916503906,20.040868759155273
3600.0,False,True,30.304584503173828,33.40143966674805,True,35.435401916503906,20.040868759155273
3600.5,False,False,30.304229736328125,33.42194366455078,True,35.435401916503906,20.040868759155273
3601.0,False,False,30.30394172668457,33.4423942565918,True,35.435401916503906,20.040868759155273
3601.5,False,False,30.30371856689453,33.462791442871094,True,35.435401916503906,20.040868759155273
3602.0,False,False,30.303560256958008,33.48313903808594,True,35.435401916503906,20.040868759155273
3602.5,False,False,30.303464889526367,33.50343322753906,True,35.435401916503906,20.040868759155273
3603.0,False,True,30.303434371948242,33.523677825927734,True,35.435401916503906,20.040868759155273
3603.5,False,False,30.303466796875,33.54386901855469,True,35.435401916503906,20.040868759155273
3604.0,False,False,30.30356216430664,33.56400680541992,True,35.435401916503906,20.040868759155273
3604.5,False,False,30.303720474243164,33.5840950012207,True,35.435401916503906,20.040868759155273
3605.0,False,False,30.30394172668457,33.60413360595703,True,35.435401916503906,20.040868759155273
3605.5,False,False,30.304224014282227,33.624122619628906,True,35.435401916503906,20.040868759155273
3606.0,False,True,30.304567337036133,33.64406204223633,True,35.435401916503906,20.040868759155273
3606.5,False,False,30.30497169494629,33.66394805908203,True,35.435401916503906,20.040868759155273
3607.0,False,False,30.305435180664062,33.68378829956055,True,35.435401916503906,20.040868759155273
3607.5,False,False,30.305959701538086,33.70357894897461,True,35.435401916503906,20.040868759155273
3608.0,False,False,30.306543350219727,33.72332000732422,True,35.435401916503906,20.040868759155273
3608.5,False,False,30.307188034057617,33.743011474609375,True,35.435401916503906,20.040868759155273
3609.0,False,True,30.307889938354492,33.76265335083008,True,35.435401916503906,20.040868759155273
3609.5,False,False,30.308650970458984,33.782249450683594,True,35.435401916503906,20.040868759155273
3610.0,False,False,30.30946922302246,33.801795959472656,True,35.435401916503906,20.040868759155273
3610.5,False,False,30.310346603393555,33.82129669189453,True,35.435401916503906,20.040868759155273
3611.0,False,False,30.311279296875,33.84075164794922,True,35.435401916503906,20.040868759155273
3611.5,False,False,30.31226921081543,33.86015701293945,True,35.435401916503906,20.040868759155273
3612.0,False,True,30.313316345214844,33.8795166015625,True,35.435401916503906,20.040868759155273
3612.5,False,False,30.314420700073242,33.89883041381836,True,35.435401916503906,20.040868759155273
3613.0,False,False,30.31557846069336,33.918094635009766,True,35.435401916503906,20.040868759155273
3613.5,False,False,30.31679344177246,33.93731689453125,True,35.435401916503906,20.040868759155273
3614.0,False,False,30.31806182861328,33.95648956298828,True,35.435401916503906,20.040868759155273
3614.5,False,False,30.319385528564453,33.97562026977539,True,35.435401916503906,20.040868759155273
3615.0,False,True,30.320762634277344,33.99470520019531,True,35.435401916503906,20.040868759155273
3615.5,False,False,30.322195053100586,34.01374435424805,True,35.435401916503906,20.040868759155273
3616.0,False,False,30.323680877685547,34.032737731933594,True,35.435401916503906,20.040868759155273
3616.5,False,False,30.325218200683594,34.05168914794922,True,35.435401916503906,20.040868759155273
3617.0,False,False,30.32680892944336,34.070594787597656,True,35.435401916503906,20.040868759155273
3617.5,False,False,30.328453063964844,34.089454650878906,True,35.435401916503906,20.040868759155273
3618.0,False,True,30.330148696899414,34.108272552490234,True,35.435401916503906,20.040868759155273
3618.5,False,False,30.33189582824707,34.12704849243164,True,35.435401916503906,20.040868759155273
3619.0,False,False,30.333694458007812,34.14577865600586,True,35.435401916503906,20.040868759155273
3619.5,False,False,30.33554458618164,34.164466857910156,True,35.435401916503906,20.040868759155273
3620.0,False,False,30.337444305419922,34.18311309814453,True,35.435401916503906,20.040868759155273
3620.5,False,False,30.339393615722656,34.201717376708984,True,35.435401916503906,20.040868759155273
3621.0,False,True,30.341394424438477,34.220279693603516,True,35.435401916503906,20.040868759155273
3621.5,False,False,30.34344482421875,34.23879623413086,True,35.435401916503906,20.040868759155273
3622.0,False,False,30.345542907714844,34.25727462768555,True,35.435401916503906,20.040868759155273
3622.5,False,False,30.34769058227539,34.27571105957031,True,35.435401916503906,20.040868759155273
3623.0,False,False,30.34988784790039,34.294105529785156,True,35.435401916503906,20.040868759155273
3623.5,True,False,30.35213279724121,34.31245803833008,True,35.435401916503906,20.008750915527344
3624.0,False,True,30.35442543029785,34.33076858520508,True,35.435401916503906,20.008750915527344
3624.5,False,False,30.356765747070312,34.34904098510742,True,35.435401916503906,20.008750915527344
3625.0,False,False,30.359153747558594,34.367271423339844,True,35.435401916503906,20.008750915527344
3625.5,False,False,30.361587524414062,34.38546371459961,True,35.435401916503906,20.008750915527344
3626.0,False,False,30.36406898498535,34.40361404418945,True,35.435401916503906,20.008750915527344
3626.5,False,False,30.366596221923828,34.42172622680664,True,35.435401916503906,20.008750915527344
3627.0,False,True,30.369169235229492,34.439796447753906,True,35.435401916503906,20.008750915527344
3627.5,False,False,30.371788024902344,34.457828521728516,True,35.435401916503906,20.008750915527344
3628.0,False,False,30.374452590942383,34.47582244873047,True,35.435401916503906,20.008750915527344
3628.5,False,False,30.37716293334961,34.4937744140625,True,35.435401916503906,20.008750915527344
3629.0,False,False,30.37991714477539,34.51169204711914,True,35.435401916503906,20.008750915527344
3629.5,False,False,30.382715225219727,34.52956771850586,True,35.435401916503906,20.008750915527344
3630.0,False,True,30.385557174682617,34.54740524291992,True,35.435401916503906,20.008750915527344
3630.5,False,False,30.388444900512695,34.565208435058594,True,35.435401916503906,20.008750915527344
3631.0,False,False,30.391374588012695,34.582969665527344,True,35.435401916503906,20.008750915527344
3631.5,False,False,30.39434814453125,34.60069274902344,True,35.435401916503906,20.008750915527344
3632.0,False,False,30.397363662719727,34.61838150024414,True,35.435401916503906,20.008750915527344
3632.5,False,False,30.400423049926758,34.63603210449219,True,35.435401916503906,20.008750915527344
3633.0,False,True,30.403522491455078,34.65364456176758,True,35.435401916503906,20.008750915527344
3633.5,False,False,30.406665802001953,34.67122268676758,True,35.435401916503906,20.008750915527344
3634.0,False,False,30.40985107421875,34.68876266479492,True,35.435401916503906,20.008750915527344
3634.5,False,False,30.413076400756836,34.70626449584961,True,35.435401916503906,20.008750915527344
3635.0,False,False,30.416343688964844,34.723731994628906,True,35.435401916503906,20.008750915527344
3635.5,False,False,30.41965103149414,34.74116134643555,True,35.435401916503906,20.008750915527344
3636.0,False,True,30.42300033569336,34.7585563659668,True,35.435401916503906,20.008750915527344
3636.5,False,False,30.426389694213867,34.775917053222656,True,35.435401916503906,20.008750915527344
3637.0,False,False,30.42981719970703,34.793243408203125,True,35.435401916503906,20.008750915527344
3637.5,False,False,30.433286666870117,34.81053161621094,True,35.435401916503906,20.008750915527344
3638.0,False,False,30.43679428100586,34.82778549194336,True,35.435401916503906,20.008750915527344
3638.5,False,False,30.44034194946289,34.845001220703125,True,35.435401916503906,20.008750915527344
3639.0,False,True,30.443927764892578,34.862186431884766,True,35.435401916503906,20.008750915527344
3639.5,False,False,30.447551727294922,34.879337310791016,True,35.435401916503906,20.008750915527344
3640.0,False,False,30.451215744018555,34.89645004272461,True,35.435401916503906,20.008750915527344
3640.5,False,False,30.45491600036621,34.91353225708008,True,35.435401916503906,20.008750915527344
3641.0,False,False,30.458656311035156,34.930580139160156,True,35.435401916503906,20.008750915527344
3641.5,False,False,30.462432861328125,34.947593688964844,True,35.435401916503906,20.008750915527344
3642.0,False,True,30.466245651245117,34.96457290649414,True,35.435401916503906,20.008750915527344
3642.5,False,False,30.470096588134766,34.98151779174805,True,35.435401916503906,20.008750915527344
3643.0,False,False,30.473983764648438,34.99843215942383,True,35.435401916503906,20.008750915527344
3643.5,False,False,30.477909088134766,35.01531219482422,True,35.435401916503906,20.008750915527344
3644.0,False,False,30.481868743896484,35.03215789794922,True,35.435401916503906,20.008750915527344
3644.5,False,False,30.485864639282227,35.048973083496094,True,35.435401916503906,20.008750915527344
3645.0,False,True,30.489896774291992,35.06575393676758,True,35.435401916503906,20.008750915527344
3645.5,False,False,30.49396514892578,35.08250427246094,True,35.435401916503906,20.008750915527344
3646.0,False,False,30.49806785583496,35.09922409057617,True,35.435401916503906,20.008750915527344
3646.5,False,False,30.50220489501953,35.11590576171875,True,35.435401916503906,20.008750915527344
3647.0,False,False,30.506378173828125,35.13256072998047,True,35.435401916503906,20.008750915527344
3647.5,False,False,30.51058578491211,35.1491813659668,True,35.435401916503906,20.008750915527344
3648.0,False,True,30.514827728271484,35.165771484375,True,35.435401916503906,20.008750915527344
3648.5,False,False,30.519102096557617,35.18233108520508,True,35.435401916503906,20.008750915527344
3649.0,False,False,30.52341079711914,35.19886016845703,True,35.435401916503906,20.008750915527344
3649.5,False,False,30.527753829956055,35.215354919433594,True,35.435401916503906,20.008750915527344
3650.0,False,False,30.532129287719727,35.2318229675293,True,35.435401916503906,20.008750915527344
3650.5,False,False,30.53653907775879,35.24825668334961,True,35.435401916503906,20.008750915527344
3651.0,False,True,30.54098129272461,35.2646598815918,True,35.435401916503906,20.008750915527344
3651.5,False,False,30.545455932617188,35.281036376953125,True,35.435401916503906,20.008750915527344
3652.0,False,False,30.549962997436523,35.29737854003906,True,35.435401916503906,20.008750915527344
3652.5,False,False,30.554500579833984,35.31369400024414,True,35.435401916503906,20.008750915527344
3653.0,False,False,30.559072494506836,35.329978942871094,True,35.435401916503906,20.008750915527344
3653.5,False,False,30.563674926757812,35.34623336791992,True,35.435401916503906,20.008750915527344
3654.0,False,True,30.568307876586914,35.362457275390625,True,35.435401916503906,20.008750915527344
3654.5,False,False,30.572973251342773,35.3786506652832,True,35.435401916503906,20.008750915527344
3655.0,False,False,30.577669143676758,35.39481735229492,True,35.435401916503906,20.008750915527344
3655.5,False,False,30.5823974609375,35.410953521728516,True,35.435401916503906,20.008750915527344
3656.0,False,False,30.587154388427734,35.42706298828125,True,35.435401916503906,20.008750915527344
3656.5,False,False,30.591941833496094,35.44314193725586,True,35.435401916503906,20.008750915527344
3657.0,False,True,30.596759796142578,35.459190368652344,True,35.435401916503906,20.008750915527344
3657.5,False,False,30.601608276367188,35.47521209716797,True,35.435401916503906,20.008750915527344
3658.0,False,False,30.60648536682129,35.491207122802734,True,35.435401916503906,20.008750915527344
3658.5,False,False,30.611392974853516,35.507171630859375,True,35.435401916503906,20.008750915527344
3659.0,False,False,30.616329193115234,35.523109436035156,True,35.435401916503906,20.008750915527344
3659.5,False,False,30.621294021606445,35.53902053833008,True,35.435401916503906,20.008750915527344
3660.0,False,True,30.62628746032715,35.554901123046875,True,35.435401916503906,20.008750915527344
3660.5,False,False,30.631311416625977,35.57075500488281,True,35.435401916503906,20.008750915527344
3661.0,False,False,30.636362075805664,35.58658218383789,True,35.435401916503906,20.008750915527344
3661.5,False,False,30.641441345214844,35.602378845214844,True,35.435401916503906,20.008750915527344
3662.0,False,False,30.646549224853516,35.6181526184082,True,35.435401916503906,20.008750915527344
3662.5,False,False,30.651683807373047,35.63389587402344,True,35.435401916503906,20.008750915527344
3663.0,False,True,30.65684700012207,35.64961242675781,True,35.435401916503906,20.008750915527344
3663.5,False,False,30.662036895751953,35.665306091308594,True,35.435401916503906,20.008750915527344
3664.0,False,False,30.667255401611328,35.68096923828125,True,35.435401916503906,20.008750915527344
3664.5,False,False,30.672500610351562,35.69660568237305,True,35.435401916503906,20.008750915527344
3665.0,False,False,30.677770614624023,35.71221923828125,True,35.435401916503906,20.008750915527344
3665.5,False,False,30.683069229125977,35.72780227661133,True,35.435401916503906,20.008750915527344
3666.0,False,True,30.68839454650879,35.74336242675781,True,35.435401916503906,20.008750915527344
3666.5,False,False,30.693744659423828,35.75889587402344,True,35.435401916503906,20.008750915527344
3667.0,False,False,30.699121475219727,35.7744026184082,True,35.435401916503906,20.008750915527344
3667.5,False,False,30.70452308654785,35.789886474609375,True,35.435401916503906,20.008750915527344
3668.0,False,False,30.709951400756836,35.80533981323242,True,35.435401916503906,20.008750915527344
3668.5,False,False,30.71540641784668,35.820770263671875,True,35.435401916503906,20.008750915527344
3669.0,False,True,30.720884323120117,35.836177825927734,True,35.435401916503906,20.008750915527344
3669.5,False,False,30.726388931274414,35.85155487060547,True,35.435401916503906,20.008750915527344
3670.0,False,False,30.731918334960938,35.866912841796875,True,35.435401916503906,20.008750915527344
3670.5,False,False,30.737472534179688,35.882240295410156,True,35.435401916503906,20.008750915527344
3671.0,False,False,30.74304962158203,35.897544860839844,True,35.435401916503906,20.008750915527344
3671.5,False,False,30.748653411865234,35.91282653808594,True,35.435401916503906,20.008750915527344
3672.0,False,True,30.75428009033203,35.92808151245117,True,35.435401916503906,20.008750915527344
3672.5,False,False,30.759931564331055,35.94331359863281,True,35.435401916503906,20.008750915527344
3673.0,False,False,30.765605926513672,35.95852279663086,True,35.435401916503906,20.008750915527344
3673.5,True,False,30.771305084228516,35.97370529174805,True,35.435401916503906,20.008750915527344
3674.0,False,False,30.777027130126953,35.988861083984375,True,35.435401916503906,20.008750915527344
3674.5,False,False,30.782772064208984,36.003997802734375,True,35.435401916503906,20.008750915527344
3675.0,False,True,30.78853988647461,36.019107818603516,True,35.435401916503906,20.008750915527344
3675.5,False,False,30.79433250427246,36.03419494628906,True,35.435401916503906,20.008750915527344
3676.0,False,False,30.800146102905273,36.049259185791016,True,35.435401916503906,20.008750915527344
3676.5,False,False,30.80598258972168,36.064300537109375,True,35.435401916503906,20.008750915527344
3677.0,False,False,30.81184196472168,36.079315185546875,True,35.435401916503906,20.008750915527344
3677.5,False,False,30.817724227905273,36.09431076049805,True,35.435401916503906,20.008750915527344
3678.0,False,True,30.823627471923828,36.10927963256836,True,35.435401916503906,20.008750915527344
3678.5,False,False,30.829553604125977,36.124229431152344,True,35.435401916503906,20.008750915527344
3679.0,False,False,30.835500717163086,36.13915252685547,True,35.435401916503906,20.008750915527344
3679.5,False,False,30.84147071838379,36.154052734375,True,35.435401916503906,20.008750915527344
3680.0,False,False,30.84745979309082,36.1689338684082,True,35.435401916503906,20.008750915527344
3680.5,False,False,30.853471755981445,36.18378829956055,True,35.435401916503906,20.008750915527344
3681.0,False,True,30.859506607055664,36.19862365722656,True,35.435401916503906,20.008750915527344
3681.5,False,False,30.86556053161621,36.213436126708984,True,35.435401916503906,20.008750915527344
3682.0,False,False,30.87163543701172,36.22822570800781,True,35.435401916503906,20.008750915527344
3682.5,False,False,30.877731323242188,36.24299240112305,True,35.435401916503906,20.008750915527344
3683.0,False,False,30.883846282958984,36.25773620605469,True,35.435401916503906,20.008750915527344
3683.5,False,False,30.889984130859375,36.2724609375,True,35.435401916503906,20.008750915527344
3684.0,False,True,30.89613914489746,36.28716278076172,True,35.435401916503906,20.008750915527344
3684.5,False,False,30.90231704711914,36.301841735839844,True,35.435401916503906,20.008750915527344
3685.0,False,False,30.90851402282715,36.31650161743164,True,35.435401916503906,20.008750915527344
3685.5,False,False,30.914730072021484,36.331138610839844,True,35.435401916503906,20.008750915527344
3686.0,False,False,30.92096519470215,36.34575271606445,True,35.435401916503906,20.008750915527344
3686.5,False,False,30.927221298217773,36.360347747802734,True,35.435401916503906,20.008750915527344
3687.0,False,True,30.933496475219727,36.37491989135742,True,35.435401916503906,20.008750915527344
3687.5,False,False,30.939790725708008,36.38947296142578,True,35.435401916503906,20.008750915527344
3688.0,False,False,30.946104049682617,36.40400314331055,True,35.435401916503906,20.008750915527344
3688.5,False,False,30.952436447143555,36.418514251708984,True,35.435401916503906,20.008750915527344
3689.0,False,False,30.958786010742188,36.43300247192383,True,35.435401916503906,20.008750915527344
3689.5,False,False,30.96515464782715,36.447471618652344,True,35.435401916503906,20.008750915527344
3690.0,False,True,30.971542358398438,36.46192169189453,True,35.435401916503906,20.008750915527344
3690.5,False,False,30.977949142456055,36.476348876953125,True,35.435401916503906,20.008750915527344
3691.0,False,False,30.984373092651367,36.49075698852539,True,35.435401916503906,20.008750915527344
3691.5,False,False,30.990816116333008,36.50514221191406,True,35.435401916503906,20.008750915527344
3692.0,False,False,30.997276306152344,36.519508361816406,True,35.435401916503906,20.008750915527344
3692.5,False,False,31.003753662109375,36.53385543823242,True,35.435401916503906,20.008750915527344
3693.0,False,True,31.0102481842041,36.54818344116211,True,35.435401916503906,20.008750915527344
3693.5,False,False,31.016761779785156,36.5624885559082,True,35.435401916503906,20.008750915527344
3694.0,False,False,31.023292541503906,36.576778411865234,True,35.435401916503906,20.008750915527344
3694.5,False,False,31.02983856201172,36.59104537963867,True,35.435401916503906,20.008750915527344
3695.0,False,False,31.03640365600586,36.60529327392578,True,35.435401916503906,20.008750915527344
3695.5,False,False,31.042984008789062,36.61952209472656,True,35.435401916503906,20.008750915527344
3696.0,False,True,31.049583435058594,36.63372802734375,True,35.435401916503906,20.008750915527344
3696.5,False,False,31.056198120117188,36.647918701171875,True,35.435401916503906,20.008750915527344
3697.0,False,False,31.062829971313477,36.66209030151367,True,35.435401916503906,20.008750915527344
3697.5,False,False,31.069477081298828,36.67624282836914,True,35.435401916503906,20.008750915527344
3698.0,False,False,31.076141357421875,36.690372467041016,True,35.435401916503906,20.008750915527344
3698.5,False,False,31.082820892333984,36.70448684692383,True,35.435401916503906,20.008750915527344
3699.0,False,True,31.08951759338379,36.71858215332031,True,35.435401916503906,20.008750915527344
3699.5,False,False,31.096229553222656,36.73265838623047,True,35.435401916503906,20.008750915527344
3700.0,False,False,31.102956771850586,36.74671173095703,True,35.435401916503906,20.008750915527344
3700.5,False,False,31.10970115661621,36.76074981689453,True,35.435401916503906,20.008750915527344
3701.0,False,False,31.1164608001709,36.77477264404297,True,35.435401916503906,20.008750915527344
3701.5,False,False,31.12323570251465,36.78877258300781,True,35.435401916503906,20.008750915527344
3702.0,False,True,31.130023956298828,36.802757263183594,True,35.435401916503906,20.008750915527344
3702.5,False,False,31.136829376220703,36.81671905517578,True,35.435401916503906,20.008750915527344
3703.0,False,False,31.14365005493164,36.830665588378906,True,35.435401916503906,20.008750915527344
3703.5,False,False,31.150484085083008,36.84459686279297,True,35.435401916503906,20.008750915527344
3704.0,False,False,31.157333374023438,36.85850524902344,True,35.435401916503906,20.008750915527344
3704.5,False,False,31.16419792175293,36.872398376464844,True,35.435401916503906,20.008750915527344
3705.0,False,True,31.171077728271484,36.88627243041992,True,35.435401916503906,20.008750915527344
3705.5,False,False,31.17797088623047,36.90013122558594,True,35.435401916503906,20.008750915527344
3706.0,False,False,31.184879302978516,36.913970947265625,True,35.435401916503906,20.008750915527344
3706.5,False,False,31.191801071166992,36.927791595458984,True,35.435401916503906,20.008750915527344
3707.0,False,False,31.1987361907959,36.94159698486328,True,35.435401916503906,20.008750915527344
3707.5,False,False,31.205686569213867,36.95538330078125,True,35.435401916503906,20.008750915527344
3708.0,False,True,31.212650299072266,36.96915054321289,True,35.435401916503906,20.008750915527344
3708.5,False,False,31.219627380371094,36.98290252685547,True,35.435401916503906,20.008750915527344
3709.0,False,False,31.226619720458984,36.996639251708984,True,35.435401916503906,20.008750915527344
3709.5,False,False,31.233623504638672,37.01035690307617,True,35.435401916503906,20.008750915527344
3710.0,False,False,31.240642547607422,37.02405548095703,True,35.435401916503906,20.008750915527344
3710.5,False,False,31.24767303466797,37.03773880004883,True,35.435401916503906,20.008750915527344
3711.0,False,True,31.254718780517578,37.05140686035156,True,35.435401916503906,20.008750915527344
3711.5,False,False,31.261775970458984,37.06505584716797,True,35.435401916503906,20.008750915527344
3712.0,False,False,31.26884651184082,37.07868957519531,True,35.435401916503906,20.008750915527344
3712.5,False,False,31.275930404663086,37.092308044433594,True,35.435401916503906,20.008750915527344
3713.0,False,False,31.28302764892578,37.10590744018555,True,35.435401916503906,20.008750915527344
3713.5,False,False,31.290136337280273,37.11949157714844,True,35.435401916503906,20.008750915527344
3714.0,False,True,31.297258377075195,37.133056640625,True,35.435401916503906,20.008750915527344
3714.5,False,False,31.304391860961914,37.146610260009766,True,35.435401916503906,20.008750915527344
3715.0,False,False,31.311538696289062,37.1601448059082,True,35.435401916503906,20.008750915527344
3715.5,False,False,31.318696975708008,37.17366027832031,True,35.435401916503906,20.008750915527344
3716.0,False,False,31.325868606567383,37.187164306640625,True,35.435401916503906,20.008750915527344
3716.5,False,False,31.333051681518555,37.20064926147461,True,35.435401916503906,20.008750915527344
3717.0,False,True,31.340246200561523,37.21411895751953,True,35.435401916503906,20.008750915527344
3717.5,False,False,31.347454071044922,37.22757339477539,True,35.435401916503906,20.008750915527344
3718.0,False,False,31.354671478271484,37.24101257324219,True,35.435401916503906,20.008750915527344
3718.5,False,False,31.361902236938477,37.254432678222656,True,35.435401916503906,20.008750915527344
3719.0,False,False,31.369144439697266,37.26784133911133,True,35.435401916503906,20.008750915527344
3719.5,False,False,31.37639617919922,37.28123092651367,True,35.435401916503906,20.008750915527344
3720.0,False,True,31.3836612701416,37.29460906982422,True,35.435401916503906,20.008750915527344
3720.5,False,False,31.39093780517578,37.30796813964844,True,35.435401916503906,20.008750915527344
3721.0,False,False,31.398223876953125,37.321311950683594,True,35.435401916503906,20.008750915527344
3721.5,False,False,31.4055233001709,37.33464050292969,True,35.435401916503906,20.008750915527344
3722.0,False,False,31.412832260131836,37.34795379638672,True,35.435401916503906,20.008750915527344
3722.5,False,False,31.420150756835938,37.36125183105469,True,35.435401916503906,20.008750915527344
3723.0,False,True,31.42748260498047,37.37453842163086,True,35.435401916503906,20.008750915527344
3723.5,False,False,31.434823989868164,37.3878059387207,True,35.435401916503906,20.008750915527344
3724.0,False,False,31.442174911499023,37.401058197021484,True,35.435401916503906,20.008750915527344
3724.5,False,False,31.449539184570312,37.4142951965332,True,35.435401916503906,20.008750915527344
3725.0,False,False,31.456911087036133,37.427520751953125,True,35.435401916503906,20.008750915527344
3725.5,False,False,31.46429443359375,37.44072723388672,True,35.435401916503906,20.008750915527344
3726.0,False,True,31.47168731689453,37.453922271728516,True,35.435401916503906,20.008750915527344
3726.5,False,False,31.47909164428711,37.46710205078125,True,35.435401916503906,20.008750915527344
3727.0,False,False,31.48650550842285,37.48026657104492,True,35.435401916503906,20.008750915527344
3727.5,False,False,31.493928909301758,37.49341583251953,True,35.435401916503906,20.008750915527344
3728.0,False,False,31.50136375427246,37.50654983520508,True,35.435401916503906,20.008750915527344
3728.5,False,False,31.508806228637695,37.51967239379883,True,35.435401916503906,20.008750915527344
3729.0,False,True,31.516260147094727,37.53277587890625,True,35.435401916503906,20.008750915527344
3729.5,False,False,31.52372169494629,37.545867919921875,True,35.435401916503906,20.008750915527344
3730.0,False,False,31.53119468688965,37.5589485168457,True,35.435401916503906,20.008750915527344
3730.5,False,False,31.538677215576172,37.5720100402832,True,35.435401916503906,20.008750915527344
3731.0,False,False,31.546167373657227,37.585060119628906,True,35.435401916503906,20.008750915527344
3731.5,False,False,31.553668975830078,37.59809494018555,True,35.435401916503906,20.008750915527344
3732.0,False,True,31.56117820739746,37.611114501953125,True,35.435401916503906,20.008750915527344
3732.5,False,False,31.568696975708008,37.624122619628906,True,35.435401916503906,20.008750915527344
3733.0,False,False,31.57622528076172,37.637115478515625,True,35.435401916503906,20.008750915527344
3733.5,False,False,31.58376121520996,37.65009689331055,True,35.435401916503906,20.008750915527344
3734.0,False,False,31.591306686401367,37.66305923461914,True,35.435401916503906,20.008750915527344
3734.5,False,False,31.598861694335938,37.6760139465332,True,35.435401916503906,20.008750915527344
3735.0,False,True,31.60642433166504,37.68894958496094,True,35.435401916503906,20.008750915527344
3735.5,False,False,31.613996505737305,37.701873779296875,True,35.435401916503906,20.008750915527344
3736.0,False,False,31.6215763092041,37.714786529541016,True,35.435401916503906,20.008750915527344
3736.5,False,False,31.629165649414062,37.727684020996094,True,35.435401916503906,20.008750915527344
3737.0,False,False,31.636762619018555,37.74056625366211,True,35.435401916503906,20.008750915527344
3737.5,False,False,31.64436912536621,37.75343704223633,True,35.435401916503906,20.008750915527344
3738.0,False,True,31.6519832611084,37.766292572021484,True,35.435401916503906,20.008750915527344
3738.5,False,False,31.659605026245117,37.779136657714844,True,35.435401916503906,20.008750915527344
3739.0,False,False,31.667234420776367,37.791969299316406,True,35.435401916503906,20.008750915527344
3739.5,False,False,31.67487335205078,37.804786682128906,True,35.435401916503906,20.008750915527344
3740.0,False,False,31.682519912719727,37.817588806152344,True,35.435401916503906,20.008750915527344
3740.5,False,False,31.69017219543457,37.830379486083984,True,35.435401916503906,20.008750915527344
3741.0,False,True,31.697834014892578,37.84315872192383,True,35.435401916503906,20.008750915527344
3741.5,False,False,31.705503463745117,37.85592269897461,True,35.435401916503906,20.008750915527344
3742.0,False,False,31.713180541992188,37.868675231933594,True,35.435401916503906,20.008750915527344
3742.5,False,False,31.72086524963379,37.881412506103516,True,35.435401916503906,20.008750915527344
3743.0,False,False,31.728557586669922,37.894142150878906,True,35.435401916503906,20.008750915527344
3743.5,False,False,31.736257553100586,37.90685272216797,True,35.435401916503906,20.008750915527344
3744.0,False,True,31.74396514892578,37.9195556640625,True,35.435401916503906,20.008750915527344
3744.5,False,False,31.751680374145508,37.93224334716797,True,35.435401916503906,20.008750915527344
3745.0,False,False,31.759401321411133,37.94491958618164,True,35.435401916503906,20.008750915527344
3745.5,False,False,31.76712989807129,37.95758056640625,True,35.435401916503906,20.008750915527344
3746.0,False,False,31.774866104125977,37.97023010253906,True,35.435401916503906,20.008750915527344
3746.5,False,False,31.782608032226562,37.98286819458008,True,35.435401916503906,20.008750915527344
3747.0,False,True,31.79035758972168,37.9954948425293,True,35.435401916503906,20.008750915527344
3747.5,False,False,31.798114776611328,38.00811004638672,True,35.435401916503906,20.008750915527344
3748.0,False,False,31.805877685546875,38.02070999145508,True,35.435401916503906,20.008750915527344
3748.5,False,False,31.813648223876953,38.03329849243164,True,35.435401916503906,20.008750915527344
3749.0,False,False,31.821426391601562,38.04587173461914,True,35.435401916503906,20.008750915527344
3749.5,False,False,31.829208374023438,38.05843734741211,True,35.435401916503906,20.008750915527344
3750.0,False,True,31.836999893188477,38.070987701416016,True,35.435401916503906,20.008750915527344
3750.5,False,False,31.84479522705078,38.08353042602539,True,35.435401916503906,20.008750915527344
3751.0,False,False,31.852598190307617,38.0960578918457,True,35.435401916503906,20.008750915527344
3751.5,False,False,31.860408782958984,38.10857391357422,True,35.435401916503906,20.008750915527344
3752.0,False,False,31.868223190307617,38.12107849121094,True,35.435401916503906,20.008750915527344
3752.5,False,False,31.87604522705078,38.133567810058594,True,35.435401916503906,20.008750915527344
3753.0,False,True,31.883872985839844,38.14604949951172,True,35.435401916503906,20.008750915527344
3753.5,False,False,31.891708374023438,38.15851593017578,True,35.435401916503906,20.008750915527344
3754.0,False,False,31.899547576904297,38.17097473144531,True,35.435401916503906,20.008750915527344
3754.5,False,False,31.907394409179688,38.18341827392578,True,35.435401916503906,20.008750915527344
3755.0,False,False,31.915245056152344,38.19585037231445,True,35.435401916503906,20.008750915527344
3755.5,False,False,31.92310333251953,38.208274841308594,True,35.435401916503906,20.008750915527344
3756.0,False,True,31.930967330932617,38.22068405151367,True,35.435401916503906,20.008750915527344
3756.5,False,False,31.9388370513916,38.23308181762695,True,35.435401916503906,20.008750915527344
3757.0,False,False,31.946712493896484,38.24546813964844,True,35.435401916503906,20.008750915527344
3757.5,False,False,31.954591751098633,38.257843017578125,True,35.435401916503906,20.008750915527344
3758.0,False,False,31.962478637695312,38.270206451416016,True,35.435401916503906,20.008750915527344
3758.5,False,False,31.970369338989258,38.28255844116211,True,35.435401916503906,20.008750915527344
3759.0,False,True,31.978267669677734,38.29490280151367,True,35.435401916503906,20.008750915527344
3759.5,False,False,31.986169815063477,38.30723190307617,True,35.435401916503906,20.008750915527344
3760.0,False,False,31.994077682495117,38.319549560546875,True,35.435401916503906,20.008750915527344
3760.5,False,False,32.001991271972656,38.33185958862305,True,35.435401916503906,20.008750915527344
3761.0,False,False,32.009910583496094,38.344154357910156,True,35.435401916503906,20.008750915527344
3761.5,False,False,32.0178337097168,38.35643768310547,True,35.435401916503906,20.008750915527344
3762.0,False,True,32.025760650634766,38.36871337890625,True,35.435401916503906,20.008750915527344
3762.5,False,False,32.033695220947266,38.380977630615234,True,35.435401916503906,20.008750915527344
3763.0,False,False,32.04163360595703,38.39323043823242,True,35.435401916503906,20.008750915527344
3763.5,False,False,32.04957580566406,38.40547180175781,True,35.435401916503906,20.008750915527344
3764.0,False,False,32.057525634765625,38.417701721191406,True,35.435401916503906,20.008750915527344
3764.5,False,False,32.06547927856445,38.4299201965332,True,35.435401916503906,20.008750915527344
3765.0,False,True,32.07343673706055,38.4421272277832,True,35.435401916503906,20.008750915527344
3765.5,False,False,32.081398010253906,38.45432662963867,True,35.435401916503906,20.008750915527344
3766.0,False,False,32.0893669128418,38.466514587402344,True,35.435401916503906,20.008750915527344
3766.5,False,False,32.09733581542969,38.47869110107422,True,35.435401916503906,20.008750915527344
3767.0,False,False,32.10531234741211,38.4908561706543,True,35.435401916503906,20.008750915527344
3767.5,False,False,32.1132926940918,38.50300979614258,True,35.435401916503906,20.008750915527344
3768.0,False,True,32.121280670166016,38.51515579223633,True,35.435401916503906,20.008750915527344
3768.5,False,False,32.129268646240234,38.52729034423828,True,35.435401916503906,20.008750915527344
3769.0,False,False,32.137264251708984,38.53941345214844,True,35.435401916503906,20.008750915527344
3769.5,False,False,32.145259857177734,38.5515251159668,True,35.435401916503906,20.008750915527344
3770.0,False,False,32.153263092041016,38.563629150390625,True,35.435401916503906,20.008750915527344
3770.5,False,False,32.16127014160156,38.575721740722656,True,35.435401916503906,20.008750915527344
3771.0,False,True,32.169281005859375,38.58780288696289,True,35.435401916503906,20.008750915527344
3771.5,False,False,32.17729568481445,38.59987258911133,True,35.435401916503906,20.008750915527344
3772.0,False,False,32.1853141784668,38.611934661865234,True,35.435401916503906,20.008750915527344
3772.5,False,False,32.19334030151367,38.623985290527344,True,35.435401916503906,20.008750915527344
3773.0,False,False,32.20136642456055,38.636024475097656,True,35.435401916503906,20.008750915527344
3773.5,False,False,32.20939636230469,38.64805603027344,True,35.435401916503906,20.008750915527344
3774.0,False,True,32.217430114746094,38.66007614135742,True,35.435401916503906,20.008750915527344
3774.5,False,False,32.225467681884766,38.67208480834961,True,35.435401916503906,20.008750915527344
3775.0,False,False,32.23351287841797,38.684085845947266,True,35.435401916503906,20.008750915527344
3775.5,False,False,32.24155807495117,38.696075439453125,True,35.435401916503906,20.008750915527344
3776.0,False,False,32.24960708618164,38.70805740356445,True,35.435401916503906,20.008750915527344
3776.5,False,False,32.257659912109375,38.720027923583984,True,35.435401916503906,20.008750915527344
3777.0,False,True,32.265716552734375,38.73198699951172,True,35.435401916503906,20.008750915527344
3777.5,False,False,32.27377700805664,38.743934631347656,True,35.435401916503906,20.008750915527344
3778.0,False,False,32.28184127807617,38.75587844848633,True,35.435401916503906,20.008750915527344
3778.5,False,False,32.2899055480957,38.76780700683594,True,35.435401916503906,20.008750915527344
3779.0,False,False,32.297977447509766,38.779727935791016,True,35.435401916503906,20.008750915527344
3779.5,False,False,32.306053161621094,38.7916374206543,True,35.435401916503906,20.008750915527344
3780.0,False,True,32.31412887573242,38.80353927612305,True,35.435401916503906,20.008750915527344
3780.5,False,False,32.322208404541016,38.8154296875,True,35.435401916503906,20.008750915527344
3781.0,False,False,32.330291748046875,38.82731246948242,True,35.435401916503906,20.008750915527344
3781.5,False,False,32.33837890625,38.83918380737305,True,35.435401916503906,20.008750915527344
3782.0,False,False,32.34646987915039,38.85104751586914,True,35.435401916503906,20.008750915527344
3782.5,False,False,32.35456085205078,38.86289978027344,True,35.435401916503906,20.008750915527344
3783.0,False,True,32.36265563964844,38.8747444152832,True,35.435401916503906,20.008750915527344
3783.5,False,False,32.370758056640625,38.88657760620117,True,35.435401916503906,20.008750915527344
3784.0,False,False,32.37885665893555,38.89840316772461,True,35.435401916503906,20.008750915527344
3784.5,False,False,32.386962890625,38.91021728515625,True,35.435401916503906,20.008750915527344
3785.0,False,False,32.39506912231445,38.922019958496094,True,35.435401916503906,20.008750915527344
3785.5,False,False,32.40317916870117,38.93381881713867,True,35.435401916503906,20.008750915527344
3786.0,False,True,32.411293029785156,38.94560623168945,True,35.435401916503906,20.008750915527344
3786.5,False,False,32.419410705566406,38.95738220214844,True,35.435401916503906,20.008750915527344
3787.0,False,False,32.427528381347656,38.96915054321289,True,35.435401916503906,20.008750915527344
3787.5,False,False,32.43564987182617,38.98090744018555,True,35.435401916503906,20.008750915527344
3788.0,False,False,32.44377136230469,38.99265670776367,True,35.435401916503906,20.008750915527344
3788.5,False,False,32.451900482177734,39.004398345947266,True,35.435401916503906,20.008750915527344
3789.0,False,True,32.46002960205078,39.01612854003906,True,35.435401916503906,20.008750915527344
3789.5,False,False,32.46815872192383,39.02785110473633,True,35.435401916503906,20.008750915527344
3790.0,False,False,32.47629165649414,39.03956604003906,True,35.435401916503906,20.008750915527344
3790.5,False,False,32.48442840576172,39.05126953125,True,35.435401916503906,20.008750915527344
3791.0,False,False,32.49256896972656,39.062965393066406,True,35.435401916503906,20.008750915527344
3791.5,False,False,32.500709533691406,39.074649810791016,True,35.435401916503906,20.008750915527344
3792.0,False,True,32.508853912353516,39.086326599121094,True,35.435401916503906,20.008750915527344
3792.5,False,False,32.516998291015625,39.09799575805664,True,35.435401916503906,20.008750915527344
3793.0,False,False,32.525146484375,39.10965347290039,True,35.435401916503906,20.008750915527344
3793.5,False,False,32.533294677734375,39.12130355834961,True,35.435401916503906,20.008750915527344
3794.0,False,False,32.541446685791016,39.13294219970703,True,35.435401916503906,20.008750915527344
3794.5,False,False,32.54960250854492,39.14457702636719,True,35.435401916503906,20.008750915527344
3795.0,False,True,32.55775833129883,39.15620040893555,True,35.435401916503906,20.008750915527344
3795.5,False,False,32.56591796875,39.16781234741211,True,35.435401916503906,20.008750915527344
3796.0,False,False,32.57407760620117,39.179420471191406,True,35.435401916503906,20.008750915527344
3796.5,False,False,32.58224105834961,39.191017150878906,True,35.435401916503906,20.008750915527344
3797.0,False,False,32.59040451049805,39.202606201171875,True,35.435401916503906,20.008750915527344
3797.5,False,False,32.59857177734375,39.21418380737305,True,35.435401916503906,20.008750915527344
3798.0,False,True,32.60673904418945,39.22575759887695,True,35.435401916503906,20.008750915527344
3798.5,False,False,32.614906311035156,39.23731994628906,True,35.435401916503906,20.008750915527344
3799.0,False,False,32.62308120727539,39.248870849609375,True,35.435401916503906,20.008750915527344
3799.5,False,False,32.63125228881836,39.26041793823242,True,35.435401916503906,20.008750915527344
3800.0,False,False,32.639427185058594,39.27195358276367,True,35.435401916503906,20.008750915527344
3800.5,False,False,32.647605895996094,39.28348159790039,True,35.435401916503906,20.008750915527344
3801.0,False,True,32.655784606933594,39.29500198364258,True,35.435401916503906,20.008750915527344
3801.5,False,False,32.663963317871094,39.30651092529297,True,35.435401916503906,20.008750915527344
3802.0,False,False,32.67214584350586,39.318016052246094,True,35.435401916503906,20.008750915527344
3802.5,False,False,32.680328369140625,39.32950973510742,True,35.435401916503906,20.008750915527344
3803.0,False,False,32.68851089477539,39.34099578857422,True,35.435401916503906,20.008750915527344
3803.5,False,False,32.69669723510742,39.35247039794922,True,35.435401916503906,20.008750915527344
3804.0,False,True,32.70488739013672,39.36394119262695,True,35.435401916503906,20.008750915527344
3804.5,False,False,32.713077545166016,39.37540054321289,True,35.435401916503906,20.008750915527344
3805.0,False,False,32.72126770019531,39.3868522644043,True,35.435401916503906,20.008750915527344
3805.5,False,False,32.72945785522461,39.39829635620117,True,35.435401916503906,20.008750915527344
3806.0,False,False,32.73765182495117,39.409732818603516,True,35.435401916503906,20.008750915527344
3806.5,False,False,32.745845794677734,39.42116165161133,True,35.435401916503906,20.008750915527344
3807.0,False,True,32.75404357910156,39.43258285522461,True,35.435401916503906,20.008750915527344
3807.5,False,False,32.762237548828125,39.443992614746094,True,35.435401916503906,20.008750915527344
3808.0,False,False,32.77043533325195,39.45539474487305,True,35.435401916503906,20.008750915527344
3808.5,False,False,32.77863693237305,39.46678924560547,True,35.435401916503906,20.008750915527344
3809.0,False,False,32.78683853149414,39.47817611694336,True,35.435401916503906,20.008750915527344
3809.5,False,False,32.795040130615234,39.48955535888672,True,35.435401916503906,20.008750915527344
3810.0,False,True,32.80324172973633,39.50092697143555,True,35.435401916503906,20.008750915527344
3810.5,False,False,32.81144332885742,39.51228713989258,True,35.435401916503906,20.008750915527344
3811.0,False,False,32.81964874267578,39.523643493652344,True,35.435401916503906,20.008750915527344
3811.5,False,False,32.82785415649414,39.53498840332031,True,35.435401916503906,20.008750915527344
3812.0,False,False,32.836063385009766,39.546329498291016,True,35.435401916503906,20.008750915527344
3812.5,False,False,32.844268798828125,39.55765914916992,True,35.435401916503906,20.008750915527344
3813.0,False,True,32.85247802734375,39.5689811706543,True,35.435401916503906,20.008750915527344
3813.5,False,False,32.860687255859375,39.58029556274414,True,35.435401916503906,20.008750915527344
3814.0,False,False,32.868900299072266,39.59160232543945,True,35.435401916503906,20.008750915527344
3814.5,False,False,32.87710952758789,39.602901458740234,True,35.435401916503906,20.008750915527344
3815.0,False,False,32.88532257080078,39.614192962646484,True,35.435401916503906,20.008750915527344
3815.5,False,False,32.89353561401367,39.6254768371582,True,35.435401916503906,20.008750915527344
3816.0,False,True,32.90174865722656,39.63675308227539,True,35.435401916503906,20.008750915527344
3816.5,False,False,32.90996170043945,39.64802169799805,True,35.435401916503906,20.008750915527344
3817.0,False,False,32.91817855834961,39.65928268432617,True,35.435401916503906,20.008750915527344
3817.5,False,False,32.9263916015625,39.6705322265625,True,35.435401916503906,20.008750915527344
3818.0,False,False,32.934608459472656,39.68177795410156,True,35.435401916503906,20.008750915527344
3818.5,False,False,32.94282531738281,39.693016052246094,True,35.435401916503906,20.008750915527344
3819.0,False,True,32.95104217529297,39.704246520996094,True,35.435401916503906,20.008750915527344
3819.5,False,False,32.95926284790039,39.7154655456543,True,35.435401916503906,20.008750915527344
3820.0,False,False,32.96747970581055,39.726680755615234,True,35.435401916503906,20.008750915527344
3820.5,False,False,32.97570037841797,39.73788833618164,True,35.435401916503906,20.008750915527344
3821.0,False,False,32.983917236328125,39.74908447265625,True,35.435401916503906,20.008750915527344
3821.5,False,False,32.99213790893555,39.760276794433594,True,35.435401916503906,20.008750915527344
3822.0,False,True,33.00035858154297,39.771461486816406,True,35.435401916503906,20.008750915527344
3822.5,False,False,33.00857925415039,39.78263854980469,True,35.435401916503906,20.008750915527344
3823.0,False,False,33.01679992675781,39.79380416870117,True,35.435401916503906,20.008750915527344
3823.5,False,False,33.025020599365234,39.80496597290039,True,35.435401916503906,20.008750915527344
3824.0,False,False,33.033241271972656,39.81612014770508,True,35.435401916503906,20.008750915527344
3824.5,False,False,33.041465759277344,39.827266693115234,True,35.435401916503906,20.008750915527344
3825.0,False,True,33.049686431884766,39.83840560913086,True,35.435401916503906,20.008750915527344
3825.5,False,False,33.05791091918945,39.84953689575195,True,35.435401916503906,20.008750915527344
3826.0,False,False,33.066131591796875,39.860660552978516,True,35.435401916503906,20.008750915527344
3826.5,False,False,33.07435607910156,39.87177658081055,True,35.435401916503906,20.008750915527344
3827.0,False,False,33.08258056640625,39.88288879394531,True,35.435401916503906,20.008750915527344
3827.5,False,False,33.09080123901367,39.89398956298828,True,35.435401916503906,20.008750915527344
3828.0,False,True,33.09902572631836,39.90508270263672,True,35.435401916503906,20.008750915527344
3828.5,False,False,33.10725021362305,39.91617202758789,True,35.435401916503906,20.008750915527344
3829.0,False,False,33.115474700927734,39.92725372314453,True,35.435401916503906,20.008750915527344
3829.5,False,False,33.123695373535156,39.938323974609375,True,35.435401916503906,20.008750915527344
3830.0,False,False,33.131919860839844,39.94939041137695,True,35.435401916503906,20.008750915527344
3830.5,False,False,33.14014434814453,39.96044921875,True,35.435401916503906,20.008750915527344
3831.0,False,True,33.14836883544922,39.971500396728516,True,35.435401916503906,20.008750915527344
3831.5,False,False,33.156593322753906,39.9825439453125,True,35.435401916503906,20.008750915527344
3832.0,False,False,33.16481399536133,39.99358367919922,True,35.435401916503906,20.008750915527344
3832.5,False,False,33.173038482666016,40.00461196899414,True,35.435401916503906,20.008750915527344
3833.0,False,False,33.1812629699707,40.01563262939453,True,35.435401916503906,20.008750915527344
3833.5,False,False,33.18948745727539,40.026649475097656,True,35.435401916503906,20.008750915527344
3834.0,False,True,33.19770812988281,40.03765869140625,True,35.435401916503906,20.008750915527344
3834.5,False,False,33.2059326171875,40.04866027832031,True,35.435401916503906,20.008750915527344
3835.0,False,False,33.21415328979492,40.059654235839844,True,35.435401916503906,20.008750915527344
3835.5,False,False,33.22237777709961,40.070640563964844,True,35.435401916503906,20.008750915527344
3836.0,False,False,33.23059844970703,40.08162307739258,True,35.435401916503906,20.008750915527344
3836.5,False,False,33.23882293701172,40.092594146728516,True,35.435401916503906,20.008750915527344
3837.0,False,True,33.24704360961914,40.10356140136719,True,35.435401916503906,20.008750915527344
3837.5,False,False,33.25526428222656,40.11452102661133,True,35.435401916503906,20.008750915527344
3838.0,False,False,33.26348876953125,40.12547302246094,True,35.435401916503906,20.008750915527344
3838.5,False,False,33.27170944213867,40.136417388916016,True,35.435401916503906,20.008750915527344
3839.0,False,False,33.279930114746094,40.14735794067383,True,35.435401916503906,20.008750915527344
3839.5,False,False,33.288150787353516,40.15829086303711,True,35.435401916503906,20.008750915527344
3840.0,False,True,33.29636764526367,40.169212341308594,True,35.435401916503906,20.008750915527344
3840.5,False,False,33.304588317871094,40.18013000488281,True,35.435401916503906,20.008750915527344
3841.0,False,False,33.312808990478516,40.191043853759766,True,35.435401916503906,20.008750915527344
3841.5,False,False,33.32102584838867,40.20194625854492,True,35.435401916503906,20.008750915527344
3842.0,False,False,33.329246520996094,40.21284484863281,True,35.435401916503906,20.008750915527344
3842.5,False,False,33.33746337890625,40.22373580932617,True,35.435401916503906,20.008750915527344
3843.0,False,True,33.345680236816406,40.234619140625,True,35.435401916503906,20.008750915527344
3843.5,False,False,33.35389709472656,40.2454948425293,True,35.435401916503906,20.008750915527344
3844.0,False,False,33.36211395263672,40.25636672973633,True,35.435401916503906,20.008750915527344
3844.5,False,False,33.37032699584961,40.26723098754883,True,35.435401916503906,20.008750915527344
3845.0,False,False,33.378543853759766,40.2780876159668,True,35.435401916503906,20.008750915527344
3845.5,False,False,33.386756896972656,40.288936614990234,True,35.435401916503906,20.008750915527344
3846.0,False,True,33.39496994018555,40.299781799316406,True,35.435401916503906,20.008750915527344
3846.5,False,False,33.40318298339844,40.31061553955078,True,35.435401916503906,20.008750915527344
3847.0,False,False,33.41139602661133,40.32144546508789,True,35.435401916503906,20.008750915527344
3847.5,False,False,33.41960906982422,40.332271575927734,True,35.435401916503906,20.008750915527344
3848.0,False,False,33.427818298339844,40.34308624267578,True,35.435401916503906,20.008750915527344
3848.5,False,False,33.43602752685547,40.35389709472656,True,35.435401916503906,20.008750915527344
3849.0,False,True,33.44424057006836,40.36470031738281,True,35.435401916503906,20.008750915527344
3849.5,False,False,33.452449798583984,40.3754997253418,True,35.435401916503906,20.008750915527344
3850.0,False,False,33.460655212402344,40.386287689208984,True,35.435401916503906,20.008750915527344
3850.5,False,False,33.46886444091797,40.397071838378906,True,35.435401916503906,20.008750915527344
3851.0,False,False,33.47706985473633,40.4078483581543,True,35.435401916503906,20.008750915527344
3851.5,False,False,33.48527526855469,40.41862106323242,True,35.435401916503906,20.008750915527344
3852.0,False,True,33.49348068237305,40.429386138916016,True,35.435401916503906,20.008750915527344
3852.5,False,False,33.501686096191406,40.44014358520508,True,35.435401916503906,20.008750915527344
3853.0,False,False,33.5098876953125,40.45089340209961,True,35.435401916503906,20.008750915527344
3853.5,False,False,33.518089294433594,40.461639404296875,True,35.435401916503906,20.008750915527344
3854.0,False,False,33.52629089355469,40.47237777709961,True,35.435401916503906,20.008750915527344
3854.5,False,False,33.53449249267578,40.48310852050781,True,35.435401916503906,20.008750915527344
3855.0,False,True,33.54269027709961,40.49383544921875,True,35.435401916503906,20.008750915527344
3855.5,False,False,33.5508918762207,40.504554748535156,True,35.435401916503906,20.008750915527344
3856.0,False,False,33.55908966064453,40.51526641845703,True,35.435401916503906,20.008750915527344
3856.5,False,False,33.567283630371094,40.52597427368164,True,35.435401916503906,20.008750915527344
3857.0,False,False,33.57548141479492,40.53667449951172,True,35.435401916503906,20.008750915527344
3857.5,False,False,33.583675384521484,40.547367095947266,True,35.435401916503906,20.008750915527344
3858.0,False,True,33.59186935424805,40.55805587768555,True,35.435401916503906,20.008750915527344
3858.5,False,False,33.600059509277344,40.5687370300293,True,35.435401916503906,20.008750915527344
3859.0,False,False,33.608253479003906,40.579410552978516,True,35.435401916503906,20.008750915527344
3859.5,False,False,33.6164436340332,40.5900764465332,True,35.435401916503906,20.008750915527344
3860.0,False,False,33.6246337890625,40.600738525390625,True,35.435401916503906,20.008750915527344
3860.5,False,False,33.63282012939453,40.61139678955078,True,35.435401916503906,20.008750915527344
3861.0,False,True,33.64100646972656,40.622047424316406,True,35.435401916503906,20.008750915527344
3861.5,False,False,33.649192810058594,40.6326904296875,True,35.435401916503906,20.008750915527344
3862.0,False,False,33.657379150390625,40.64332580566406,True,35.435401916503906,20.008750915527344
3862.5,False,False,33.66556167602539,40.65395736694336,True,35.435401916503906,20.008750915527344
3863.0,False,False,33.673744201660156,40.664581298828125,True,35.435401916503906,20.008750915527344
3863.5,False,False,33.68192672729492,40.675201416015625,True,35.435401916503906,20.008750915527344
3864.0,False,True,33.69010543823242,40.68581008911133,True,35.435401916503906,20.008750915527344
3864.5,False,False,33.69828414916992,40.69641876220703,True,35.435401916503906,20.008750915527344
3865.0,False,False,33.70646286010742,40.70701599121094,True,35.435401916503906,20.008750915527344
3865.5,False,False,33.71464157104492,40.71760940551758,True,35.435401916503906,20.008750915527344
3866.0,False,False,33.722816467285156,40.72819900512695,True,35.435401916503906,20.008750915527344
3866.5,False,False,33.730987548828125,40.7387809753418,True,35.435401916503906,20.008750915527344
3867.0,False,True,33.73916244506836,40.74935531616211,True,35.435401916503906,20.008750915527344
3867.5,False,False,33.74733352661133,40.759925842285156,True,35.435401916503906,20.008750915527344
3868.0,False,False,33.7555046081543,40.77048873901367,True,35.435401916503906,20.008750915527344
3868.5,False,False,33.763671875,40.781044006347656,True,35.435401916503906,20.008750915527344
3869.0,False,False,33.7718391418457,40.791595458984375,True,35.435401916503906,20.008750915527344
3869.5,False,False,33.780006408691406,40.80213928222656,True,35.435401916503906,20.008750915527344
3870.0,False,True,33.788169860839844,40.812679290771484,True,35.435401916503906,20.008750915527344
3870.5,False,False,33.79633331298828,40.823211669921875,True,35.435401916503906,20.008750915527344
3871.0,False,False,33.80449295043945,40.833740234375,True,35.435401916503906,20.008750915527344
3871.5,False,False,33.81265640258789,40.844261169433594,True,35.435401916503906,20.008750915527344
3872.0,False,False,33.8208122253418,40.854774475097656,True,35.435401916503906,20.008750915527344
3872.5,False,False,33.82897186279297,40.86528396606445,True,35.435401916503906,20.008750915527344
3873.0,False,True,33.837127685546875,40.87578582763672,True,35.435401916503906,20.008750915527344
3873.5,False,False,33.84528350830078,40.88628387451172,True,35.435401916503906,20.008750915527344
3874.0,False,False,33.85343551635742,40.89677429199219,True,35.435401916503906,20.008750915527344
3874.5,False,False,33.86158752441406,40.90726089477539,True,35.435401916503906,20.008750915527344
3875.0,False,False,33.86973571777344,40.91773986816406,True,35.435401916503906,20.008750915527344
3875.5,False,False,33.87788772583008,40.9282112121582,True,35.435401916503906,20.008750915527344
3876.0,False,True,33.88603210449219,40.93867874145508,True,35.435401916503906,20.008750915527344
3876.5,False,False,33.89418029785156,40.94914245605469,True,35.435401916503906,20.008750915527344
3877.0,False,False,33.90232467651367,40.959598541259766,True,35.435401916503906,20.008750915527344
3877.5,False,False,33.910465240478516,40.97004699707031,True,35.435401916503906,20.008750915527344
3878.0,False,False,33.91860580444336,40.980491638183594,True,35.435401916503906,20.008750915527344
3878.5,False,False,33.9267463684082,40.990928649902344,True,35.435401916503906,20.008750915527344
3879.0,False,True,33.93488311767578,41.00136184692383,True,35.435401916503906,20.008750915527344
3879.5,False,False,33.94301986694336,41.01178741455078,True,35.435401916503906,20.008750915527344
3880.0,False,False,33.95115280151367,41.02220916748047,True,35.435401916503906,20.008750915527344
3880.5,False,False,33.959285736083984,41.032623291015625,True,35.435401916503906,20.008750915527344
3881.0,False,False,33.9674186706543,41.04302978515625,True,35.435401916503906,20.008750915527344
3881.5,False,False,33.975547790527344,41.05343246459961,True,35.435401916503906,20.008750915527344
3882.0,False,True,33.98367691040039,41.0638313293457,True,35.435401916503906,20.008750915527344
3882.5,False,False,33.99180221557617,41.074222564697266,True,35.435401916503906,20.008750915527344
3883.0,False,False,33.99992752075195,41.08460998535156,True,35.435401916503906,20.008750915527344
3883.5,False,False,34.00804901123047,41.09498977661133,True,35.435401916503906,20.008750915527344
3884.0,False,False,34.016170501708984,41.10536193847656,True,35.435401916503906,20.008750915527344
3884.5,False,False,34.0242919921875,41.11573028564453,True,35.435401916503906,20.008750915527344
3885.0,False,True,34.03240966796875,41.126094818115234,True,35.435401916503906,20.008750915527344
3885.5,False,False,34.040523529052734,41.136451721191406,True,35.435401916503906,20.008750915527344
3886.0,False,False,34.04863739013672,41.14680480957031,True,35.435401916503906,20.008750915527344
3886.5,False,False,34.0567512512207,41.15715026855469,True,35.435401916503906,20.008750915527344
3887.0,False,False,34.06486129760742,41.1674919128418,True,35.435401916503906,20.008750915527344
3887.5,False,False,34.07297134399414,41.177825927734375,True,35.435401916503906,20.008750915527344
3888.0,False,True,34.081077575683594,41.18815231323242,True,35.435401916503906,20.008750915527344
3888.5,False,False,34.08918380737305,41.1984748840332,True,35.435401916503906,20.008750915527344
3889.0,False,False,34.097286224365234,41.20879364013672,True,35.435401916503906,20.008750915527344
3889.5,False,False,34.10538864135742,41.2191047668457,True,35.435401916503906,20.008750915527344
3890.0,False,False,34.11349105834961,41.22941207885742,True,35.435401916503906,20.008750915527344
3890.5,False,False,34.12158966064453,41.23971176147461,True,35.435401916503906,20.008750915527344
3891.0,False,True,34.12968444824219,41.25000762939453,True,35.435401916503906,20.008750915527344
3891.5,False,False,34.137779235839844,41.26029968261719,True,35.435401916503906,20.008750915527344
3892.0,False,False,34.145870208740234,41.27058410644531,True,35.435401916503906,20.008750915527344
3892.5,False,False,34.153961181640625,41.280860900878906,True,35.435401916503906,20.008750915527344
3893.0,False,False,34.162052154541016,41.291133880615234,True,35.435401916503906,20.008750915527344
3893.5,False,False,34.17013931274414,41.3014030456543,True,35.435401916503906,20.008750915527344
3894.0,False,True,34.17822265625,41.31166458129883,True,35.435401916503906,20.008750915527344
3894.5,False,False,34.18630599975586,41.32191848754883,True,35.435401916503906,20.008750915527344
3895.0,False,False,34.19438552856445,41.33216857910156,True,35.435401916503906,20.008750915527344
3895.5,False,False,34.20246505737305,41.34241485595703,True,35.435401916503906,20.008750915527344
3896.0,False,False,34.21054458618164,41.352657318115234,True,35.435401916503906,20.008750915527344
3896.5,False,False,34.21862030029297,41.36288833618164,True,35.435401916503906,20.008750915527344
3897.0,False,True,34.22669219970703,41.37311935424805,True,35.435401916503906,20.008750915527344
3897.5,False,False,34.234764099121094,41.38334274291992,True,35.435401916503906,20.008750915527344
3898.0,False,False,34.24283218383789,41.393558502197266,True,35.435401916503906,20.008750915527344
3898.5,False,False,34.25090026855469,41.403770446777344,True,35.435401916503906,20.008750915527344
3899.0,False,False,34.25896453857422,41.413978576660156,True,35.435401916503906,20.008750915527344
3899.5,False,False,34.26702880859375,41.42417907714844,True,35.435401916503906,20.008750915527344
3900.0,False,True,34.275089263916016,41.43437576293945,True,35.435401916503906,20.008750915527344
3900.5,False,False,34.28314971923828,41.4445686340332,True,35.435401916503906,20.008750915527344
3901.0,False,False,34.29120635986328,41.45475387573242,True,35.435401916503906,20.008750915527344
3901.5,False,False,34.29926300048828,41.46493148803711,True,35.435401916503906,20.008750915527344
3902.0,False,False,34.307315826416016,41.4751091003418,True,35.435401916503906,20.008750915527344
3902.5,False,False,34.31536865234375,41.48527526855469,True,35.435401916503906,20.008750915527344
3903.0,False,True,34.32341766357422,41.49544143676758,True,35.435401916503906,20.008750915527344
3903.5,False,False,34.33146286010742,41.50559997558594,True,35.435401916503906,20.008750915527344
3904.0,False,False,34.339508056640625,41.515750885009766,True,35.435401916503906,20.008750915527344
3904.5,False,False,34.34755325317383,41.52589797973633,True,35.435401916503906,20.008750915527344
3905.0,False,False,34.355594635009766,41.536041259765625,True,35.435401916503906,20.008750915527344
3905.5,False,False,34.36363220214844,41.54617691040039,True,35.435401916503906,20.008750915527344
3906.0,False,True,34.37166976928711,41.55630874633789,True,35.435401916503906,20.008750915527344
3906.5,False,False,34.379703521728516,41.566436767578125,True,35.435401916503906,20.008750915527344
3907.0,False,False,34.38773727416992,41.57655715942383,True,35.435401916503906,20.008750915527344
3907.5,False,False,34.39576721191406,41.586673736572266,True,35.435401916503906,20.008750915527344
3908.0,False,False,34.40379333496094,41.59678268432617,True,35.435401916503906,20.008750915527344
3908.5,False,False,34.41181945800781,41.60688781738281,True,35.435401916503906,20.008750915527344
3909.0,False,True,34.41984176635742,41.61698913574219,True,35.435401916503906,20.008750915527344
3909.5,False,False,34.42786407470703,41.62708282470703,True,35.435401916503906,20.008750915527344
3910.0,False,False,34.43588638305664,41.63717269897461,True,35.435401916503906,20.008750915527344
3910.5,False,False,34.44390106201172,41.647254943847656,True,35.435401916503906,20.008750915527344
3911.0,False,False,34.4519157409668,41.6573371887207,True,35.435401916503906,20.008750915527344
3911.5,False,False,34.459930419921875,41.66740798950195,True,35.435401916503906,20.008750915527344
3912.0,False,True,34.46794128417969,41.6774787902832,True,35.435401916503906,20.008750915527344
3912.5,False,False,34.475948333740234,41.68754196166992,True,35.435401916503906,20.008750915527344
3913.0,False,False,34.48395538330078,41.69759750366211,True,35.435401916503906,20.008750915527344
3913.5,False,False,34.49195861816406,41.7076530456543,True,35.435401916503906,20.008750915527344
3914.0,False,False,34.499961853027344,41.71769714355469,True,35.435401916503906,20.008750915527344
3914.5,False,False,34.50796127319336,41.72774124145508,True,35.435401916503906,20.008750915527344
3915.0,False,True,34.515960693359375,41.73777770996094,True,35.435401916503906,20.008750915527344
3915.5,False,False,34.52395248413086,41.74781036376953,True,35.435401916503906,20.008750915527344
3916.0,False,False,34.53194808959961,41.757835388183594,True,35.435401916503906,20.008750915527344
3916.5,False,False,34.53993606567383,41.767860412597656,True,35.435401916503906,20.008750915527344
3917.0,False,False,34.54792785644531,41.77787399291992,True,35.435401916503906,20.008750915527344
3917.5,False,False,34.555912017822266,41.78788757324219,True,35.435401916503906,20.008750915527344
3918.0,False,True,34.56389617919922,41.79789352416992,True,35.435401916503906,20.008750915527344
3918.5,False,False,34.571876525878906,41.807891845703125,True,35.435401916503906,20.008750915527344
3919.0,False,False,34.579856872558594,41.81789016723633,True,35.435401916503906,20.008750915527344
3919.5,False,False,34.587833404541016,41.827880859375,True,35.435401916503906,20.008750915527344
3920.0,False,False,34.59580993652344,41.837867736816406,True,35.435401916503906,20.008750915527344
3920.5,False,False,34.60377883911133,41.84784698486328,True,35.435401916503906,20.008750915527344
3921.0,False,True,34.611751556396484,41.85782241821289,True,35.435401916503906,20.008750915527344
3921.5,False,False,34.61971664428711,41.867794036865234,True,35.435401916503906,20.008750915527344
3922.0,False,False,34.627681732177734,41.87775802612305,True,35.435401916503906,20.008750915527344
3922.5,False,False,34.63564682006836,41.887718200683594,True,35.435401916503906,20.008750915527344
3923.0,False,False,34.64360809326172,41.897674560546875,True,35.435401916503906,20.008750915527344
3923.5,False,False,34.65156555175781,41.907623291015625,True,35.435401916503906,20.008750915527344
3924.0,False,True,34.659523010253906,41.91756820678711,True,35.435401916503906,20.008750915527344
3924.5,False,False,34.667476654052734,41.92750930786133,True,35.435401916503906,20.008750915527344
3925.0,False,False,34.6754264831543,41.937442779541016,True,35.435401916503906,20.008750915527344
3925.5,False,False,34.68337631225586,41.94737243652344,True,35.435401916503906,20.008750915527344
3926.0,False,False,34.691322326660156,41.957298278808594,True,35.435401916503906,20.008750915527344
3926.5,False,False,34.69926452636719,41.96721649169922,True,35.435401916503906,20.008750915527344
3927.0,False,True,34.70720672607422,41.97713088989258,True,35.435401916503906,20.008750915527344
3927.5,False,False,34.715145111083984,41.98704147338867,True,35.435401916503906,20.008750915527344
3928.0,False,False,34.72308349609375,41.9969482421875,True,35.435401916503906,20.008750915527344
3928.5,False,False,34.73101806640625,42.0068473815918,True,35.435401916503906,20.008750915527344
3929.0,False,False,34.738948822021484,42.01674270629883,True,35.435401916503906,20.008750915527344
3929.5,False,False,34.74687957763672,42.02663040161133,True,35.435401916503906,20.008750915527344
3930.0,False,True,34.75480651855469,42.03651809692383,True,35.435401916503906,20.008750915527344
3930.5,False,False,34.762733459472656,42.0463981628418,True,35.435401916503906,20.008750915527344
3931.0,False,False,34.770652770996094,42.056270599365234,True,35.435401916503906,20.008750915527344
3931.5,False,False,34.7785758972168,42.06614303588867,True,35.435401916503906,20.008750915527344
3932.0,False,False,34.78649139404297,42.07600784301758,True,35.435401916503906,20.008750915527344
3932.5,False,False,34.79440689086914,42.08586502075195,True,35.435401916503906,20.008750915527344
3933.0,False,True,34.80231857299805,42.09572219848633,True,35.435401916503906,20.008750915527344
3933.5,False,False,34.81023025512695,42.10557174682617,True,35.435401916503906,20.008750915527344
3934.0,False,False,34.818138122558594,42.11541748046875,True,35.435401916503906,20.008750915527344
3934.5,False,False,34.82604217529297,42.12525939941406,True,35.435401916503906,20.008750915527344
3935.0,False,False,34.833946228027344,42.135093688964844,True,35.435401916503906,20.008750915527344
3935.5,False,False,34.84184646606445,42.14492416381836,True,35.435401916503906,20.008750915527344
3936.0,False,True,34.8497428894043,42.15475082397461,True,35.435401916503906,20.008750915527344
3936.5,False,False,34.85763931274414,42.16456985473633,True,35.435401916503906,20.008750915527344
3937.0,False,False,34.86553192138672,42.17438507080078,True,35.435401916503906,20.008750915527344
3937.5,False,False,34.87342071533203,42.18419647216797,True,35.435401916503906,20.008750915527344
3938.0,False,False,34.881309509277344,42.19400405883789,True,35.435401916503906,20.008750915527344
3938.5,False,False,34.88919448852539,42.20380401611328,True,35.435401916503906,20.008750915527344
3939.0,False,True,34.89707565307617,42.213600158691406,True,35.435401916503906,20.008750915527344
3939.5,False,False,34.90495681762695,42.223392486572266,True,35.435401916503906,20.008750915527344
3940.0,False,False,34.91283416748047,42.233177185058594,True,35.435401916503906,20.008750915527344
3940.5,False,False,34.920711517333984,42.24296188354492,True,35.435401916503906,20.008750915527344
3941.0,False,False,34.92858123779297,42.25273895263672,True,35.435401916503906,20.008750915527344
3941.5,False,False,34.93645477294922,42.262508392333984,True,35.435401916503906,20.008750915527344
3942.0,False,True,34.94432067871094,42.27227783203125,True,35.435401916503906,20.008750915527344
3942.5,False,False,34.952186584472656,42.282039642333984,True,35.435401916503906,20.008750915527344
3943.0,False,False,34.96004867553711,42.29179763793945,True,35.435401916503906,20.008750915527344
3943.5,False,False,34.9679069519043,42.301551818847656,True,35.435401916503906,20.008750915527344
3944.0,False,False,34.975765228271484,42.31129837036133,True,35.435401916503906,20.008750915527344
3944.5,False,False,34.983619689941406,42.321041107177734,True,35.435401916503906,20.008750915527344
3945.0,False,True,34.99147033691406,42.330780029296875,True,35.435401916503906,20.008750915527344
3945.5,False,False,34.99932098388672,42.34051513671875,True,35.435401916503906,20.008750915527344
3946.0,False,False,35.00716781616211,42.350242614746094,True,35.435401916503906,20.008750915527344
3946.5,False,False,35.0150146484375,42.35996627807617,True,35.435401916503906,20.008750915527344
3947.0,False,False,35.02285385131836,42.369686126708984,True,35.435401916503906,20.008750915527344
3947.5,False,False,35.03069305419922,42.37940216064453,True,35.435401916503906,20.008750915527344
3948.0,False,True,35.03853225708008,42.38911056518555,True,35.435401916503906,20.008750915527344
3948.5,False,False,35.046363830566406,42.3988151550293,True,35.435401916503906,20.008750915527344
3949.0,False,False,35.054195404052734,42.40851593017578,True,35.435401916503906,20.008750915527344
3949.5,False,False,35.06202697753906,42.418212890625,True,35.435401916503906,20.008750915527344
3950.0,False,False,35.06985092163086,42.42790222167969,True,35.435401916503906,20.008750915527344
3950.5,False,False,35.077674865722656,42.43758773803711,True,35.435401916503906,20.008750915527344
3951.0,False,True,35.08549880981445,42.447269439697266,True,35.435401916503906,20.008750915527344
3951.5,False,False,35.09331512451172,42.456947326660156,True,35.435401916503906,20.008750915527344
3952.0,False,False,35.101131439208984,42.466617584228516,True,35.435401916503906,20.008750915527344
3952.5,False,False,35.108943939208984,42.47628402709961,True,35.435401916503906,20.008750915527344
3953.0,False,False,35.116756439208984,42.48594665527344,True,35.435401916503906,20.008750915527344
3953.5,False,False,35.12456512451172,42.49560546875,True,35.435401916503906,20.008750915527344
3954.0,False,True,35.13236999511719,42.5052604675293,True,35.435401916503906,20.008750915527344
3954.5,False,False,35.14017105102539,42.51490783691406,True,35.435401916503906,20.008750915527344
3955.0,False,False,35.147972106933594,42.52455139160156,True,35.435401916503906,20.008750915527344
3955.5,False,False,35.15576934814453,42.5341911315918,True,35.435401916503906,20.008750915527344
3956.0,False,False,35.1635627746582,42.5438232421875,True,35.435401916503906,20.008750915527344
3956.5,False,False,35.171356201171875,42.5534553527832,True,35.435401916503906,20.008750915527344
3957.0,False,True,35.17914581298828,42.563079833984375,True,35.435401916503906,20.008750915527344
3957.5,False,False,35.18693161010742,42.57270050048828,True,35.435401916503906,20.008750915527344
3958.0,False,False,35.19471740722656,42.582313537597656,True,35.435401916503906,20.008750915527344
3958.5,False,False,35.20249557495117,42.59192657470703,True,35.435401916503906,20.008750915527344
3959.0,False,False,35.21027755737305,42.601531982421875,True,35.435401916503906,20.008750915527344
3959.5,False,False,35.21805191040039,42.61113357543945,True,35.435401916503906,20.008750915527344
3960.0,False,True,35.225826263427734,42.620731353759766,True,35.435401916503906,20.008750915527344
3960.5,False,False,35.23359680175781,42.63032531738281,True,35.435401916503906,20.008750915527344
3961.0,False,False,35.241363525390625,42.63991165161133,True,35.435401916503906,20.008750915527344
3961.5,False,False,35.24913024902344,42.64949417114258,True,35.435401916503906,20.008750915527344
3962.0,False,False,35.256893157958984,42.65907287597656,True,35.435401916503906,20.008750915527344
3962.5,False,False,35.264652252197266,42.66864776611328,True,35.435401916503906,20.008750915527344
3963.0,False,True,35.27241134643555,42.678218841552734,True,35.435401916503906,20.008750915527344
3963.5,False,False,35.2801628112793,42.687782287597656,True,35.435401916503906,20.008750915527344
3964.0,False,False,35.28791427612305,42.69734191894531,True,35.435401916503906,20.008750915527344
3964.5,False,False,35.2956657409668,42.7068977355957,True,35.435401916503906,20.008750915527344
3965.0,False,False,35.30341339111328,42.71644973754883,True,35.435401916503906,20.008750915527344
3965.5,False,False,35.3111572265625,42.72599411010742,True,35.435401916503906,20.008750915527344
3966.0,False,True,35.31889724731445,42.735538482666016,True,35.435401916503906,20.008750915527344
3966.5,False,False,35.32663345336914,42.74507522583008,True,35.435401916503906,20.008750915527344
3967.0,False,False,35.33436965942383,42.754608154296875,True,35.435401916503906,20.008750915527344
3967.5,False,False,35.34210205078125,42.764137268066406,True,35.435401916503906,20.008750915527344
3968.0,False,False,35.34983444213867,42.773658752441406,True,35.435401916503906,20.008750915527344
3968.5,False,False,35.35755920410156,42.783180236816406,True,35.435401916503906,20.008750915527344
3969.0,False,True,35.36528396606445,42.792694091796875,True,35.435401916503906,20.008750915527344
3969.5,False,False,35.373008728027344,42.80220413208008,True,35.435401916503906,20.008750915527344
3970.0,False,False,35.3807258605957,42.811710357666016,True,35.435401916503906,20.008750915527344
3970.5,False,False,35.38844299316406,42.82120895385742,True,35.435401916503906,20.008750915527344
3971.0,False,False,35.396156311035156,42.83070755004883,True,35.435401916503906,20.008750915527344
3971.5,False,False,35.40386962890625,42.8401985168457,True,35.435401916503906,20.008750915527344
3972.0,False,True,35.41157531738281,42.84968566894531,True,35.435401916503906,20.008750915527344
3972.5,False,False,35.419281005859375,42.859169006347656,True,35.435401916503906,20.008750915527344
3973.0,False,False,35.42698287963867,42.868648529052734,True,35.435401916503906,20.008750915527344
3973.5,False,False,35.43468475341797,42.87812042236328,True,35.435401916503906,20.008750915527344
3974.0,False,False,35.4423828125,42.88758850097656,True,35.435401916503906,20.008750915527344
3974.5,True,False,35.450077056884766,42.897056579589844,False,35.20976638793945,20.008750915527344
3975.0,False,True,35.457767486572266,42.90651321411133,False,35.20976638793945,20.008750915527344
3975.5,False,False,35.465457916259766,42.887603759765625,False,35.20976638793945,20.008750915527344
3976.0,False,False,35.473052978515625,42.8687629699707,False,35.20976638793945,20.008750915527344
3976.5,False,False,35.480560302734375,42.8499870300293,False,35.20976638793945,20.008750915527344
3977.0,False,False,35.48797607421875,42.831275939941406,False,35.20976638793945,20.008750915527344
3977.5,False,False,35.495304107666016,42.8126335144043,False,35.20976638793945,20.008750915527344
3978.0,False,True,35.502540588378906,42.7940559387207,False,35.20976638793945,20.008750915527344
3978.5,False,False,35.50968933105469,42.775543212890625,False,35.20976638793945,20.008750915527344
3979.0,False,False,35.516754150390625,42.75709915161133,False,35.20976638793945,20.008750915527344
3979.5,False,False,35.52372741699219,42.73871612548828,False,35.20976638793945,20.008750915527344
3980.0,False,False,35.53061294555664,42.72039794921875,False,35.20976638793945,20.008750915527344
3980.5,False,False,35.53741455078125,42.702144622802734,False,35.20976638793945,20.008750915527344
3981.0,False,True,35.544132232666016,42.683956146240234,False,35.20976638793945,20.008750915527344
3981.5,False,False,35.55076217651367,42.665828704833984,False,35.20976638793945,20.008750915527344
3982.0,False,False,35.557308197021484,42.64776611328125,False,35.20976638793945,20.008750915527344
3982.5,False,False,35.56377029418945,42.629764556884766,False,35.20976638793945,20.008750915527344
3983.0,False,False,35.57014846801758,42.6118278503418,False,35.20976638793945,20.008750915527344
3983.5,False,False,35.57644271850586,42.59394836425781,False,35.20976638793945,20.008750915527344
3984.0,False,True,35.58265686035156,42.576133728027344,False,35.20976638793945,20.008750915527344
3984.5,False,False,35.58879089355469,42.558380126953125,False,35.20976638793945,20.008750915527344
3985.0,False,False,35.59484100341797,42.54068374633789,False,35.20976638793945,20.008750915527344
3985.5,False,False,35.60081100463867,42.523048400878906,False,35.20976638793945,20.008750915527344
3986.0,False,False,35.60669708251953,42.50547790527344,False,35.20976638793945,20.008750915527344
3986.5,False,False,35.61250686645508,42.48796081542969,False,35.20976638793945,20.008750915527344
3987.0,False,True,35.61824035644531,42.47050476074219,False,35.20976638793945,20.008750915527344
3987.5,False,False,35.6238899230957,42.45310974121094,False,35.20976638793945,20.008750915527344
3988.0,False,False,35.62946701049805,42.43577194213867,False,35.20976638793945,20.008750915527344
3988.5,False,False,35.63496017456055,42.41849136352539,False,35.20976638793945,20.008750915527344
3989.0,False,False,35.640380859375,42.40127182006836,False,35.20976638793945,20.008750915527344
3989.5,False,False,35.64572525024414,42.38410568237305,False,35.20976638793945,20.008750915527344
3990.0,False,True,35.6509895324707,42.367000579833984,False,35.20976638793945,20.008750915527344
3990.5,False,False,35.65618133544922,42.34994888305664,False,35.20976638793945,20.008750915527344
3991.0,False,False,35.66129684448242,42.33295440673828,False,35.20976638793945,20.008750915527344
3991.5,False,False,35.66633987426758,42.316017150878906,False,35.20976638793945,20.008750915527344
3992.0,False,False,35.67130661010742,42.29913330078125,False,35.20976638793945,20.008750915527344
3992.5,False,False,35.67620086669922,42.28230667114258,False,35.20976638793945,20.008750915527344
3993.0,False,True,35.6810188293457,42.26553726196289,False,35.20976638793945,20.008750915527344
3993.5,False,False,35.685768127441406,42.24882125854492,False,35.20976638793945,20.008750915527344
3994.0,False,False,35.69044494628906,42.23215866088867,False,35.20976638793945,20.008750915527344
3994.5,False,False,35.695045471191406,42.21554946899414,False,35.20976638793945,20.008750915527344
3995.0,False,False,35.699581146240234,42.198997497558594,False,35.20976638793945,20.008750915527344
3995.5,False,False,35.70404052734375,42.1824951171875,False,35.20976638793945,20.008750915527344
3996.0,False,True,35.70843505859375,42.16604995727539,False,35.20976638793945,20.008750915527344
3996.5,False,False,35.71275329589844,42.149654388427734,False,35.20976638793945,20.008750915527344
3997.0,False,False,35.71700668334961,42.1333122253418,False,35.20976638793945,20.008750915527344
3997.5,False,False,35.72119140625,42.11702346801758,False,35.20976638793945,20.008750915527344
3998.0,False,False,35.725303649902344,42.10078430175781,False,35.20976638793945,20.008750915527344
3998.5,False,False,35.72935104370117,42.084598541259766,False,35.20976638793945,20.008750915527344
3999.0,False,True,35.73332977294922,42.06846618652344,False,35.20976638793945,20.008750915527344
3999.5,False,False,35.73724365234375,42.0523796081543,False,35.20976638793945,20.008750915527344
4000.0,False,False,35.7410888671875,42.03635025024414,False,35.20976638793945,20.008750915527344
4000.5,False,False,35.744869232177734,42.02036666870117,False,35.20976638793945,20.008750915527344
4001.0,False,False,35.74858093261719,42.004432678222656,False,35.20976638793945,20.008750915527344
4001.5,False,False,35.752227783203125,41.98855209350586,False,35.20976638793945,20.008750915527344
4002.0,False,True,35.75581359863281,41.972721099853516,False,35.20976638793945,20.008750915527344
4002.5,False,False,35.75933074951172,41.95693588256836,False,35.20976638793945,20.008750915527344
4003.0,False,False,35.762786865234375,41.941200256347656,False,35.20976638793945,20.008750915527344
4003.5,False,False,35.76617431640625,41.92551803588867,False,35.20976638793945,20.008750915527344
4004.0,False,False,35.76950454711914,41.90987777709961,False,35.20976638793945,20.008750915527344
4004.5,False,False,35.77276611328125,41.894290924072266,False,35.20976638793945,20.008750915527344
4005.0,False,True,35.775970458984375,41.87874984741211,False,35.20976638793945,20.008750915527344
4005.5,False,False,35.779109954833984,41.86325454711914,False,35.20976638793945,20.008750915527344
4006.0,False,False,35.782188415527344,41.847808837890625,False,35.20976638793945,20.008750915527344
4006.5,False,False,35.78520584106445,41.8324089050293,False,35.20976638793945,20.008750915527344
4007.0,False,False,35.78816223144531,41.81705856323242,False,35.20976638793945,20.008750915527344
4007.5,False,False,35.79105758666992,41.80175018310547,False,35.20976638793945,20.008750915527344
4008.0,False,True,35.79389572143555,41.78649139404297,False,35.20976638793945,20.008750915527344
4008.5,False,False,35.79667282104492,41.771278381347656,False,35.20976638793945,20.008750915527344
4009.0,False,False,35.79938888549805,41.75611114501953,False,35.20976638793945,20.008750915527344
4009.5,False,False,35.80204772949219,41.74098587036133,False,35.20976638793945,20.008750915527344
4010.0,False,False,35.80464553833008,41.72591018676758,False,35.20976638793945,20.008750915527344
4010.5,False,False,35.80718994140625,41.71087646484375,False,35.20976638793945,20.008750915527344
4011.0,False,True,35.80967330932617,41.69588851928711,False,35.20976638793945,20.008750915527344
4011.5,False,False,35.81209945678711,41.680946350097656,False,35.20976638793945,20.008750915527344
4012.0,False,False,35.81447219848633,41.666046142578125,False,35.20976638793945,20.008750915527344
4012.5,False,False,35.8167839050293,41.651187896728516,False,35.20976638793945,20.008750915527344
4013.0,False,False,35.81904220581055,41.636375427246094,False,35.20976638793945,20.008750915527344
4013.5,False,False,35.82124328613281,41.62160873413086,False,35.20976638793945,20.008750915527344
4014.0,False,True,35.82339096069336,41.60688018798828,False,35.20976638793945,20.008750915527344
4014.5,False,False,35.82548141479492,41.59219741821289,False,35.20976638793945,20.008750915527344
4015.0,False,False,35.827518463134766,41.57756042480469,False,35.20976638793945,20.008750915527344
4015.5,False,False,35.829498291015625,41.56296157836914,False,35.20976638793945,20.008750915527344
4016.0,False,False,35.83142852783203,41.548404693603516,False,35.20976638793945,20.008750915527344
4016.5,False,False,35.83330154418945,41.53388977050781,False,35.20976638793945,20.008750915527344
4017.0,False,True,35.83512496948242,41.51941680908203,False,35.20976638793945,20.008750915527344
4017.5,False,False,35.83689498901367,41.50498580932617,False,35.20976638793945,20.008750915527344
4018.0,False,False,35.8386116027832,41.490596771240234,False,35.20976638793945,20.008750915527344
4018.5,False,False,35.840274810791016,41.47624969482422,False,35.20976638793945,20.008750915527344
4019.0,False,False,35.84188461303711,41.46194076538086,False,35.20976638793945,20.008750915527344
4019.5,False,False,35.84344482421875,41.447669982910156,False,35.20976638793945,20.008750915527344
4020.0,False,True,35.84495544433594,41.43344497680664,False,35.20976638793945,20.008750915527344
4020.5,False,False,35.84641647338867,41.419254302978516,False,35.20976638793945,20.008750915527344
4021.0,False,False,35.84782409667969,41.40510559082031,False,35.20976638793945,20.008750915527344
4021.5,False,False,35.84918212890625,41.39099884033203,False,35.20976638793945,20.008750915527344
4022.0,False,False,35.85049057006836,41.376930236816406,False,35.20976638793945,20.008750915527344
4022.5,False,False,35.851749420166016,41.36289978027344,False,35.20976638793945,20.008750915527344
4023.0,False,True,35.85295867919922,41.348907470703125,False,35.20976638793945,20.008750915527344
4023.5,False,False,35.85411834716797,41.33495330810547,False,35.20976638793945,20.008750915527344
4024.0,False,False,35.85523223876953,41.321041107177734,False,35.20976638793945,20.008750915527344
4024.5,False,False,35.85629653930664,41.30716323852539,False,35.20976638793945,20.008750915527344
4025.0,False,False,35.8573112487793,41.2933235168457,False,35.20976638793945,20.008750915527344
4025.5,False,False,35.858280181884766,41.27952575683594,False,35.20976638793945,20.008750915527344
4026.0,False,True,35.85920333862305,41.26576232910156,False,35.20976638793945,20.008750915527344
4026.5,False,False,35.860076904296875,41.25203323364258,False,35.20976638793945,20.008750915527344
4027.0,False,False,35.860904693603516,41.238346099853516,False,35.20976638793945,20.008750915527344
4027.5,False,False,35.86168670654297,41.224693298339844,False,35.20976638793945,20.008750915527344
4028.0,False,False,35.862422943115234,41.21107864379883,False,35.20976638793945,20.008750915527344
4028.5,False,False,35.86311340332031,41.1974983215332,False,35.20976638793945,20.008750915527344
4029.0,False,True,35.86376190185547,41.183956146240234,False,35.20976638793945,20.008750915527344
4029.5,False,False,35.86436080932617,41.170448303222656,False,35.20976638793945,20.008750915527344
4030.0,False,False,35.86491394042969,41.156978607177734,False,35.20976638793945,20.008750915527344
4030.5,False,False,35.86542510986328,41.1435432434082,False,35.20976638793945,20.008750915527344
4031.0,False,False,35.86589431762695,41.13014221191406,False,35.20976638793945,20.008750915527344
4031.5,False,False,35.86631774902344,41.11677932739258,False,35.20976638793945,20.008750915527344
4032.0,False,True,35.866695404052734,41.10344696044922,False,35.20976638793945,20.008750915527344
4032.5,False,False,35.86703109741211,41.090152740478516,False,35.20976638793945,20.008750915527344
4033.0,False,False,35.86732482910156,41.0768928527832,False,35.20976638793945,20.008750915527344
4033.5,False,False,35.867576599121094,41.06366729736328,False,35.20976638793945,20.008750915527344
4034.0,False,False,35.86778259277344,41.05047607421875,False,35.20976638793945,20.008750915527344
4034.5,False,False,35.867950439453125,41.03731918334961,False,35.20976638793945,20.008750915527344
4035.0,False,True,35.86807632446289,41.024192810058594,False,35.20976638793945,20.008750915527344
4035.5,False,False,35.86815643310547,41.011104583740234,False,35.20976638793945,20.008750915527344
4036.0,False,False,35.86819839477539,40.998046875,False,35.20976638793945,20.008750915527344
4036.5,False,False,35.86819839477539,40.985023498535156,False,35.20976638793945,20.008750915527344
4037.0,False,False,35.868160247802734,40.9720344543457,False,35.20976638793945,20.008750915527344
4037.5,False,False,35.868080139160156,40.959075927734375,False,35.20976638793945,20.008750915527344
4038.0,False,True,35.867958068847656,40.94615173339844,False,35.20976638793945,20.008750915527344
4038.5,False,False,35.8677978515625,40.933258056640625,False,35.20976638793945,20.008750915527344
4039.0,False,False,35.86759567260742,40.9203987121582,False,35.20976638793945,20.008750915527344
4039.5,False,False,35.86735916137695,40.907569885253906,False,35.20976638793945,20.008750915527344
4040.0,False,False,35.86708068847656,40.894775390625,False,35.20976638793945,20.008750915527344
4040.5,False,False,35.86676025390625,40.88201141357422,False,35.20976638793945,20.008750915527344
4041.0,False,True,35.86640548706055,40.86927795410156,False,35.20976638793945,20.008750915527344
4041.5,False,False,35.86601257324219,40.85657501220703,False,35.20976638793945,20.008750915527344
4042.0,False,False,35.865577697753906,40.84390640258789,False,35.20976638793945,20.008750915527344
4042.5,False,False,35.865108489990234,40.831268310546875,False,35.20976638793945,20.008750915527344
4043.0,False,False,35.864601135253906,40.818660736083984,False,35.20976638793945,20.008750915527344
4043.5,False,False,35.86405563354492,40.80608367919922,False,35.20976638793945,20.008750915527344
4044.0,False,True,35.86347579956055,40.79353713989258,False,35.20976638793945,20.008750915527344
4044.5,False,False,35.862857818603516,40.78102111816406,False,35.20976638793945,20.008750915527344
4045.0,False,False,35.86220169067383,40.768531799316406,False,35.20976638793945,20.008750915527344
4045.5,False,False,35.86151123046875,40.75607681274414,False,35.20976638793945,20.008750915527344
4046.0,False,False,35.860782623291016,40.74365234375,False,35.20976638793945,20.008750915527344
4046.5,False,False,35.86001968383789,40.73125457763672,False,35.20976638793945,20.008750915527344
4047.0,False,True,35.85921859741211,40.71888732910156,False,35.20976638793945,20.008750915527344
4047.5,False,False,35.8583869934082,40.70655059814453,False,35.20976638793945,20.008750915527344
4048.0,False,False,35.85751724243164,40.69424057006836,False,35.20976638793945,20.008750915527344
4048.5,False,False,35.85661315917969,40.68196105957031,False,35.20976638793945,20.008750915527344
4049.0,False,False,35.855674743652344,40.66971206665039,False,35.20976638793945,20.008750915527344
4049.5,False,False,35.85470199584961,40.65748977661133,False,35.20976638793945,20.008750915527344
4050.0,False,True,35.853694915771484,40.64529800415039,False,35.20976638793945,20.008750915527344
4050.5,False,False,35.85265350341797,40.63313293457031,False,35.20976638793945,20.008750915527344
4051.0,False,False,35.85158157348633,40.620994567871094,False,35.20976638793945,20.008750915527344
4051.5,False,False,35.85047149658203,40.60888671875,False,35.20976638793945,20.008750915527344
4052.0,False,False,35.84933090209961,40.596805572509766,False,35.20976638793945,20.008750915527344
4052.5,False,False,35.8481559753418,40.584754943847656,False,35.20976638793945,20.008750915527344
4053.0,False,True,35.84695053100586,40.57272720336914,False,35.20976638793945,20.008750915527344
4053.5,False,False,35.84571075439453,40.56072998046875,False,35.20976638793945,20.008750915527344
4054.0,False,False,35.84444046020508,40.54875946044922,False,35.20976638793945,20.008750915527344
4054.5,False,False,35.843135833740234,40.53681945800781,False,35.20976638793945,20.008750915527344
4055.0,False,False,35.841800689697266,40.52490234375,False,35.20976638793945,20.008750915527344
4055.5,False,False,35.84043502807617,40.51301193237305,False,35.20976638793945,20.008750915527344
4056.0,False,True,35.83903503417969,40.50114822387695,False,35.20976638793945,20.008750915527344
4056.5,False,False,35.83760452270508,40.489315032958984,False,35.20976638793945,20.008750915527344
4057.0,False,False,35.83614730834961,40.47750473022461,False,35.20976638793945,20.008750915527344
4057.5,False,False,35.83465576171875,40.465721130371094,False,35.20976638793945,20.008750915527344
4058.0,False,False,35.833133697509766,40.45396423339844,False,35.20976638793945,20.008750915527344
4058.5,False,False,35.831581115722656,40.442230224609375,False,35.20976638793945,20.008750915527344
4059.0,False,True,35.82999801635742,40.43052673339844,False,35.20976638793945,20.008750915527344
4059.5,False,False,35.82838439941406,40.418846130371094,False,35.20976638793945,20.008750915527344
4060.0,False,False,35.826744079589844,40.40719223022461,False,35.20976638793945,20.008750915527344
4060.5,False,False,35.8250732421875,40.395565032958984,False,35.20976638793945,20.008750915527344
4061.0,False,False,35.82337188720703,40.38396072387695,False,35.20976638793945,20.008750915527344
4061.5,False,False,35.82164001464844,40.37238311767578,False,35.20976638793945,20.008750915527344
4062.0,False,True,35.819881439208984,40.3608283996582,False,35.20976638793945,20.008750915527344
4062.5,False,False,35.81809616088867,40.349300384521484,False,35.20976638793945,20.008750915527344
4063.0,False,False,35.816280364990234,40.33779525756836,False,35.20976638793945,20.008750915527344
4063.5,False,False,35.81443405151367,40.326316833496094,False,35.20976638793945,20.008750915527344
4064.0,False,False,35.81256103515625,40.31486129760742,False,35.20976638793945,20.008750915527344
4064.5,False,False,35.81066131591797,40.30343246459961,False,35.20976638793945,20.008750915527344
4065.0,False,True,35.80873489379883,40.29202651977539,False,35.20976638793945,20.008750915527344
4065.5,False,False,35.80677795410156,40.280643463134766,False,35.20976638793945,20.008750915527344
4066.0,False,False,35.80479431152344,40.269287109375,False,35.20976638793945,20.008750915527344
4066.5,False,False,35.80278396606445,40.25795364379883,False,35.20976638793945,20.008750915527344
4067.0,False,False,35.80074691772461,40.24664306640625,False,35.20976638793945,20.008750915527344
4067.5,False,False,35.798683166503906,40.235355377197266,False,35.20976638793945,20.008750915527344
4068.0,False,True,35.796592712402344,40.224090576171875,False,35.20976638793945,20.008750915527344
4068.5,False,False,35.79447555541992,40.21284866333008,False,35.20976638793945,20.008750915527344
4069.0,False,False,35.792335510253906,40.20163345336914,False,35.20976638793945,20.008750915527344
4069.5,False,False,35.790164947509766,40.19043731689453,False,35.20976638793945,20.008750915527344
4070.0,False,False,35.78797149658203,40.17926788330078,False,35.20976638793945,20.008750915527344
4070.5,False,False,35.78574752807617,40.16811752319336,False,35.20976638793945,20.008750915527344
4071.0,False,True,35.783504486083984,40.1569938659668,False,35.20976638793945,20.008750915527344
4071.5,False,False,35.78123092651367,40.14588928222656,False,35.20976638793945,20.008750915527344
4072.0,False,False,35.778934478759766,40.13480758666992,False,35.20976638793945,20.008750915527344
4072.5,False,False,35.776611328125,40.123748779296875,False,35.20976638793945,20.008750915527344
4073.0,False,False,35.77426528930664,40.11271286010742,False,35.20976638793945,20.008750915527344
4073.5,False,False,35.77189636230469,40.10169982910156,False,35.20976638793945,20.008750915527344
4074.0,False,True,35.769500732421875,40.09070587158203,False,35.20976638793945,20.008750915527344
4074.5,False,False,35.7670783996582,40.07973861694336,False,35.20976638793945,20.008750915527344
4075.0,False,False,35.7646369934082,40.06878662109375,False,35.20976638793945,20.008750915527344
4075.5,False,False,35.762168884277344,40.057861328125,False,35.20976638793945,20.008750915527344
4076.0,False,False,35.75967788696289,40.04695510864258,False,35.20976638793945,20.008750915527344
4076.5,False,False,35.75716018676758,40.03607177734375,False,35.20976638793945,20.008750915527344
4077.0,False,True,35.75462341308594,40.02520751953125,False,35.20976638793945,20.008750915527344
4077.5,False,False,35.75205993652344,40.014366149902344,False,35.20976638793945,20.008750915527344
4078.0,False,False,35.74947738647461,40.003543853759766,False,35.20976638793945,20.008750915527344
4078.5,False,False,35.74686813354492,39.99274444580078,False,35.20976638793945,20.008750915527344
4079.0,False,False,35.74423599243164,39.981964111328125,False,35.20976638793945,20.008750915527344
4079.5,False,False,35.74158477783203,39.97120666503906,False,35.20976638793945,20.008750915527344
4080.0,False,True,35.73890686035156,39.96046829223633,False,35.20976638793945,20.008750915527344
4080.5,False,False,35.736209869384766,39.94974899291992,False,35.20976638793945,20.008750915527344
4081.0,False,False,35.733489990234375,39.93905258178711,False,35.20976638793945,20.008750915527344
4081.5,False,False,35.73074722290039,39.928375244140625,False,35.20976638793945,20.008750915527344
4082.0,False,False,35.72798156738281,39.917720794677734,False,35.20976638793945,20.008750915527344
4082.5,False,False,35.725196838378906,39.907081604003906,False,35.20976638793945,20.008750915527344
4083.0,False,True,35.722389221191406,39.89646530151367,False,35.20976638793945,20.008750915527344
4083.5,False,False,35.71955871582031,39.885868072509766,False,35.20976638793945,20.008750915527344
4084.0,False,False,35.71670913696289,39.87528991699219,False,35.20976638793945,20.008750915527344
4084.5,False,False,35.71384048461914,39.8647346496582,False,35.20976638793945,20.008750915527344
4085.0,False,False,35.7109489440918,39.85419464111328,False,35.20976638793945,20.008750915527344
4085.5,False,False,35.70803451538086,39.84367752075195,False,35.20976638793945,20.008750915527344
4086.0,False,True,35.705101013183594,39.83317565917969,False,35.20976638793945,20.008750915527344
4086.5,False,False,35.7021484375,39.822696685791016,False,35.20976638793945,20.008750915527344
4087.0,False,False,35.69917297363281,39.81223678588867,False,35.20976638793945,20.008750915527344
4087.5,False,False,35.6961784362793,39.80179214477539,False,35.20976638793945,20.008750915527344
4088.0,False,False,35.69316482543945,39.7913703918457,False,35.20976638793945,20.008750915527344
4088.5,False,False,35.690128326416016,39.780967712402344,False,35.20976638793945,20.008750915527344
4089.0,False,True,35.687076568603516,39.77058029174805,False,35.20976638793945,20.008750915527344
4089.5,False,False,35.68400192260742,39.76021194458008,False,35.20976638793945,20.008750915527344
4090.0,False,False,35.680908203125,39.7498664855957,False,35.20976638793945,20.008750915527344
4090.5,False,False,35.67779541015625,39.73953628540039,False,35.20976638793945,20.008750915527344
4091.0,False,False,35.67466354370117,39.72922134399414,False,35.20976638793945,20.008750915527344
4091.5,False,False,35.671512603759766,39.718929290771484,False,35.20976638793945,20.008750915527344
4092.0,False,True,35.66834259033203,39.70865249633789,False,35.20976638793945,20.008750915527344
4092.5,False,False,35.665157318115234,39.698394775390625,False,35.20976638793945,20.008750915527344
4093.0,False,False,35.661949157714844,39.68815612792969,False,35.20976638793945,20.008750915527344
4093.5,False,False,35.658721923828125,39.67793655395508,False,35.20976638793945,20.008750915527344
4094.0,False,False,35.655479431152344,39.66773223876953,False,35.20976638793945,20.008750915527344
4094.5,False,False,35.652217864990234,39.65754318237305,False,35.20976638793945,20.008750915527344
4095.0,False,True,35.6489372253418,39.647377014160156,False,35.20976638793945,20.008750915527344
4095.5,False,False,35.64563751220703,39.63722610473633,False,35.20976638793945,20.008750915527344
4096.0,False,False,35.6423225402832,39.62709045410156,False,35.20976638793945,20.008750915527344
4096.5,False,False,35.63898849487305,39.616973876953125,False,35.20976638793945,20.008750915527344
4097.0,False,False,35.63563537597656,39.606876373291016,False,35.20976638793945,20.008750915527344
4097.5,False,False,35.632266998291016,39.59679412841797,False,35.20976638793945,20.008750915527344
4098.0,False,True,35.62887954711914,39.586727142333984,False,35.20976638793945,20.008750915527344
4098.5,False,False,35.6254768371582,39.57667922973633,False,35.20976638793945,20.008750915527344
4099.0,False,False,35.62205505371094,39.566650390625,False,35.20976638793945,20.008750915527344
4099.5,False,False,35.61861801147461,39.556636810302734,False,35.20976638793945,20.008750915527344
4100.0,False,False,35.61516189575195,39.54663848876953,False,35.20976638793945,20.008750915527344
4100.5,False,False,35.611690521240234,39.53665542602539,False,35.20976638793945,20.008750915527344
4101.0,False,True,35.60820388793945,39.52669143676758,False,35.20976638793945,20.008750915527344
4101.5,False,False,35.60470199584961,39.51674270629883,False,35.20976638793945,20.008750915527344
4102.0,False,False,35.60118103027344,39.506813049316406,False,35.20976638793945,20.008750915527344
4102.5,False,False,35.59764099121094,39.49689483642578,False,35.20976638793945,20.008750915527344
4103.0,False,False,35.59408950805664,39.486995697021484,False,35.20976638793945,20.008750915527344
4103.5,False,False,35.590518951416016,39.47711181640625,False,35.20976638793945,20.008750915527344
4104.0,False,True,35.586936950683594,39.467247009277344,False,35.20976638793945,20.008750915527344
4104.5,False,False,35.583335876464844,39.457393646240234,False,35.20976638793945,20.008750915527344
4105.0,False,False,35.57971954345703,39.44755935668945,False,35.20976638793945,20.008750915527344
4105.5,False,False,35.576087951660156,39.437740325927734,False,35.20976638793945,20.008750915527344
4106.0,False,False,35.57244110107422,39.42793655395508,False,35.20976638793945,20.008750915527344
4106.5,False,False,35.56877517700195,39.418148040771484,False,35.20976638793945,20.008750915527344
4107.0,False,True,35.56509780883789,39.40837478637695,False,35.20976638793945,20.008750915527344
4107.5,False,False,35.561405181884766,39.398616790771484,False,35.20976638793945,20.008750915527344
4108.0,False,False,35.55769729614258,39.388877868652344,False,35.20976638793945,20.008750915527344
4108.5,False,False,35.55397415161133,39.379150390625,False,35.20976638793945,20.008750915527344
4109.0,False,False,35.55023956298828,39.36943817138672,False,35.20976638793945,20.008750915527344
4109.5,False,False,35.546485900878906,39.3597412109375,False,35.20976638793945,20.008750915527344
4110.0,False,True,35.542720794677734,39.35006332397461,False,35.20976638793945,20.008750915527344
4110.5,False,False,35.5389404296875,39.340396881103516,False,35.20976638793945,20.008750915527344
4111.0,False,False,35.5351448059082,39.330745697021484,False,35.20976638793945,20.008750915527344
4111.5,False,False,35.531333923339844,39.321109771728516,False,35.20976638793945,20.008750915527344
4112.0,False,False,35.52751159667969,39.311485290527344,False,35.20976638793945,20.008750915527344
4112.5,False,False,35.52367401123047,39.3018798828125,False,35.20976638793945,20.008750915527344
4113.0,False,True,35.51982116699219,39.29228973388672,False,35.20976638793945,20.008750915527344
4113.5,False,False,35.51595687866211,39.282711029052734,False,35.20976638793945,20.008750915527344
4114.0,False,False,35.51207733154297,39.27314758300781,False,35.20976638793945,20.008750915527344
4114.5,False,False,35.508182525634766,39.26359939575195,False,35.20976638793945,20.008750915527344
4115.0,False,False,35.504276275634766,39.254066467285156,False,35.20976638793945,20.008750915527344
4115.5,False,False,35.50035858154297,39.244544982910156,False,35.20976638793945,20.008750915527344
4116.0,False,True,35.49642562866211,39.23503875732422,False,35.20976638793945,20.008750915527344
4116.5,False,False,35.49248123168945,39.225547790527344,False,35.20976638793945,20.008750915527344
4117.0,False,False,35.488521575927734,39.21607208251953,False,35.20976638793945,20.008750915527344
4117.5,False,False,35.48455047607422,39.206607818603516,False,35.20976638793945,20.008750915527344
4118.0,False,False,35.48056411743164,39.19715881347656,False,35.20976638793945,20.008750915527344
4118.5,False,False,35.476566314697266,39.187721252441406,False,35.20976638793945,20.008750915527344
4119.0,False,True,35.472557067871094,39.17829895019531,False,35.20976638793945,20.008750915527344
4119.5,False,False,35.46853256225586,39.16889190673828,False,35.20976638793945,20.008750915527344
4120.0,False,False,35.46449661254883,39.15950012207031,False,35.20976638793945,20.008750915527344
4120.5,False,False,35.46044921875,39.150115966796875,False,35.20976638793945,20.008750915527344
4121.0,False,False,35.456390380859375,39.140750885009766,False,35.20976638793945,20.008750915527344
4121.5,False,False,35.45232009887695,39.13139724731445,False,35.20976638793945,20.008750915527344
4122.0,False,True,35.44823455810547,39.12205505371094,False,35.20976638793945,20.008750915527344
4122.5,False,False,35.44413757324219,39.112728118896484,False,35.20976638793945,20.008750915527344
4123.0,False,False,35.44002914428711,39.103416442871094,False,35.20976638793945,20.008750915527344
4123.5,False,False,35.435909271240234,39.0941162109375,False,35.20976638793945,20.008750915527344
4124.0,False,False,35.43177795410156,39.0848274230957,False,35.20976638793945,20.008750915527344
4124.5,False,False,35.427635192871094,39.07555389404297,False,35.20976638793945,20.008750915527344
4125.0,False,True,35.42347717285156,39.06629180908203,False,35.20976638793945,20.008750915527344
4125.5,False,False,35.4193115234375,39.057044982910156,False,35.20976638793945,20.008750915527344
4126.0,False,False,35.41513442993164,39.04780960083008,False,35.20976638793945,20.008750915527344
4126.5,False,False,35.410945892333984,39.0385856628418,False,35.20976638793945,20.008750915527344
4127.0,False,False,35.40674591064453,39.02937698364258,False,35.20976638793945,20.008750915527344
4127.5,False,False,35.40253448486328,39.020179748535156,False,35.20976638793945,20.008750915527344
4128.0,False,True,35.398311614990234,39.01099395751953,False,35.20976638793945,20.008750915527344
4128.5,False,False,35.39407730102539,39.00182342529297,False,35.20976638793945,20.008750915527344
4129.0,False,False,35.38983154296875,38.9926643371582,False,35.20976638793945,20.008750915527344
4129.5,False,False,35.38557815551758,38.983516693115234,False,35.20976638793945,20.008750915527344
4130.0,False,False,35.381309509277344,38.97438430786133,False,35.20976638793945,20.008750915527344
4130.5,False,False,35.37703323364258,38.96525955200195,False,35.20976638793945,20.008750915527344
4131.0,False,True,35.372745513916016,38.95615005493164,False,35.20976638793945,20.008750915527344
4131.5,False,False,35.36845016479492,38.947052001953125,False,35.20976638793945,20.008750915527344
4132.0,False,False,35.36414337158203,38.93796920776367,False,35.20976638793945,20.008750915527344
4132.5,False,False,35.359825134277344,38.92889404296875,False,35.20976638793945,20.008750915527344
4133.0,False,False,35.35549545288086,38.91983413696289,False,35.20976638793945,20.008750915527344
4133.5,False,False,35.351158142089844,38.91078567504883,False,35.20976638793945,20.008750915527344
4134.0,False,True,35.34680938720703,38.90174865722656,False,35.20976638793945,20.008750915527344
4134.5,False,False,35.34244918823242,38.892723083496094,False,35.20976638793945,20.008750915527344
4135.0,False,False,35.33808135986328,38.88370895385742,False,35.20976638793945,20.008750915527344
4135.5,False,False,35.333702087402344,38.87470626831055,False,35.20976638793945,20.008750915527344
4136.0,False,False,35.329315185546875,38.865718841552734,False,35.20976638793945,20.008750915527344
4136.5,False,False,35.32491683959961,38.85673904418945,False,35.20976638793945,20.008750915527344
4137.0,False,True,35.32051086425781,38.847774505615234,False,35.20976638793945,20.008750915527344
4137.5,False,False,35.31609344482422,38.83881759643555,False,35.20976638793945,20.008750915527344
4138.0,False,False,35.311668395996094,38.82987594604492,False,35.20976638793945,20.008750915527344
4138.5,False,False,35.30723190307617,38.82094192504883,False,35.20976638793945,20.008750915527344
4139.0,False,False,35.30278778076172,38.8120231628418,False,35.20976638793945,20.008750915527344
4139.5,False,False,35.29833221435547,38.8031120300293,False,35.20976638793945,20.008750915527344
4140.0,False,True,35.29387283325195,38.79421615600586,False,35.20976638793945,20.008750915527344
4140.5,False,False,35.289398193359375,38.78532791137695,False,35.20976638793945,20.008750915527344
4141.0,False,False,35.28491973876953,38.77645492553711,False,35.20976638793945,20.008750915527344
4141.5,False,False,35.28042984008789,38.7675895690918,False,35.20976638793945,20.008750915527344
4142.0,False,False,35.27592849731445,38.75873565673828,False,35.20976638793945,20.008750915527344
4142.5,False,False,35.27142333984375,38.74989318847656,False,35.20976638793945,20.008750915527344
4143.0,False,True,35.26690673828125,38.74106216430664,False,35.20976638793945,20.008750915527344
4143.5,False,False,35.26238250732422,38.732242584228516,False,35.20976638793945,20.008750915527344
4144.0,False,False,35.25784683227539,38.72343444824219,False,35.20976638793945,20.008750915527344
4144.5,False,False,35.2533073425293,38.71463394165039,False,35.20976638793945,20.008750915527344
4145.0,False,False,35.248756408691406,38.705848693847656,False,35.20976638793945,20.008750915527344
4145.5,False,False,35.244197845458984,38.69707107543945,False,35.20976638793945,20.008750915527344
4146.0,False,True,35.23963165283203,38.68830490112305,False,35.20976638793945,20.008750915527344
4146.5,False,False,35.23505401611328,38.67955017089844,False,35.20976638793945,20.008750915527344
4147.0,False,False,35.230472564697266,38.670806884765625,False,35.20976638793945,20.008750915527344
4147.5,False,False,35.22587966918945,38.662071228027344,False,35.20976638793945,20.008750915527344
4148.0,False,False,35.221282958984375,38.65334701538086,False,35.20976638793945,20.008750915527344
4148.5,False,False,35.2166748046875,38.64463424682617,False,35.20976638793945,20.008750915527344
4149.0,False,True,35.212059020996094,38.63593292236328,False,35.20976638793945,20.008750915527344
4149.5,False,False,35.207435607910156,38.62723922729492,False,35.20976638793945,20.008750915527344
4150.0,True,False,35.20280456542969,38.61855697631836,False,35.20976638793945,20.008750915527344
4150.5,False,False,35.19816970825195,38.609886169433594,False,35.20976638793945,20.008750915527344
4151.0,False,False,35.19352340698242,38.60122299194336,False,35.20976638793945,20.008750915527344
4151.5,False,False,35.18886947631836,38.59257125854492,False,35.20976638793945,20.008750915527344
4152.0,False,True,35.184207916259766,38.58393096923828,False,35.20976638793945,20.008750915527344
4152.5,False,False,35.17953872680664,38.57529830932617,False,35.20976638793945,20.008750915527344
4153.0,False,False,35.17486572265625,38.56667709350586,False,35.20976638793945,20.008750915527344
4153.5,False,False,35.17018127441406,38.558067321777344,False,35.20976638793945,20.008750915527344
4154.0,False,False,35.16549301147461,38.54946517944336,False,35.20976638793945,20.008750915527344
4154.5,False,False,35.16079330444336,38.54087448120117,False,35.20976638793945,20.008750915527344
4155.0,False,True,35.156089782714844,38.53229522705078,False,35.20976638793945,20.008750915527344
4155.5,False,False,35.1513786315918,38.52372360229492,False,35.20976638793945,20.008750915527344
4156.0,False,False,35.14665985107422,38.515159606933594,False,35.20976638793945,20.008750915527344
4156.5,False,False,35.14193344116211,38.50660705566406,False,35.20976638793945,20.008750915527344
4157.0,False,False,35.137203216552734,38.49806594848633,False,35.20976638793945,20.008750915527344
4157.5,False,False,35.13246536254883,38.489532470703125,False,35.20976638793945,20.008750915527344
4158.0,False,True,35.127716064453125,38.48101043701172,False,35.20976638793945,20.008750915527344
4158.5,False,False,35.12296676635742,38.47249984741211,False,35.20976638793945,20.008750915527344
4159.0,False,False,35.11820602416992,38.463993072509766,False,35.20976638793945,20.008750915527344
4159.5,False,False,35.113441467285156,38.455501556396484,False,35.20976638793945,20.008750915527344
4160.0,False,False,35.10866928100586,38.44701385498047,False,35.20976638793945,20.008750915527344
4160.5,False,False,35.10388946533203,38.438541412353516,False,35.20976638793945,20.008750915527344
4161.0,False,True,35.09910583496094,38.43007278442383,False,35.20976638793945,20.008750915527344
4161.5,False,False,35.09431457519531,38.4216194152832,False,35.20976638793945,20.008750915527344
4162.0,False,False,35.089515686035156,38.413169860839844,False,35.20976638793945,20.008750915527344
4162.5,False,False,35.084712982177734,38.40473175048828,False,35.20976638793945,20.008750915527344
4163.0,False,False,35.07990264892578,38.396305084228516,False,35.20976638793945,20.008750915527344
4163.5,False,False,35.0750846862793,38.387882232666016,False,35.20976638793945,20.008750915527344
4164.0,False,True,35.07026290893555,38.37947463989258,False,35.20976638793945,20.008750915527344
4164.5,False,False,35.06543731689453,38.371070861816406,False,35.20976638793945,20.008750915527344
4165.0,False,False,35.06060028076172,38.36267852783203,False,35.20976638793945,20.008750915527344
4165.5,False,False,35.055763244628906,38.35429763793945,False,35.20976638793945,20.008750915527344
4166.0,False,False,35.0509147644043,38.345924377441406,False,35.20976638793945,20.008750915527344
4166.5,False,False,35.04606246948242,38.33755874633789,False,35.20976638793945,20.008750915527344
4167.0,False,True,35.04120635986328,38.329200744628906,False,35.20976638793945,20.008750915527344
4167.5,False,False,35.03634262084961,38.32085418701172,False,35.20976638793945,20.008750915527344
4168.0,False,False,35.03147506713867,38.31251525878906,False,35.20976638793945,20.008750915527344
4168.5,False,False,35.0265998840332,38.30418395996094,False,35.20976638793945,20.008750915527344
4169.0,False,False,35.02172088623047,38.29586410522461,False,35.20976638793945,20.008750915527344
4169.5,False,False,35.0168342590332,38.28755187988281,False,35.20976638793945,20.008750915527344
4170.0,False,True,35.01194381713867,38.27924728393555,False,35.20976638793945,20.008750915527344
4170.5,False,False,35.00704574584961,38.27095413208008,False,35.20976638793945,20.008750915527344
4171.0,False,False,35.00214767456055,38.26266860961914,False,35.20976638793945,20.008750915527344
4171.5,False,False,34.99723815917969,38.254390716552734,False,35.20976638793945,20.008750915527344
4172.0,False,False,34.99232864379883,38.24612045288086,False,35.20976638793945,20.008750915527344
4172.5,False,False,34.98740768432617,38.237857818603516,False,35.20976638793945,20.008750915527344
4173.0,False,True,34.982486724853516,38.22960662841797,False,35.20976638793945,20.008750915527344
4173.5,False,False,34.97755813598633,38.22136306762695,False,35.20976638793945,20.008750915527344
4174.0,False,False,34.972625732421875,38.21312713623047,False,35.20976638793945,20.008750915527344
4174.5,False,False,34.967689514160156,38.20490264892578,False,35.20976638793945,20.008750915527344
4175.0,False,False,34.962745666503906,38.19668197631836,False,35.20976638793945,20.008750915527344
4175.5,False,False,34.95779800415039,38.188472747802734,False,35.20976638793945,20.008750915527344
4176.0,False,True,34.95284652709961,38.18027114868164,False,35.20976638793945,20.008750915527344
4176.5,False,False,34.94789123535156,38.17207717895508,False,35.20976638793945,20.008750915527344
4177.0,False,False,34.942928314208984,38.16389083862305,False,35.20976638793945,20.008750915527344
4177.5,False,False,34.93796157836914,38.15571212768555,False,35.20976638793945,20.008750915527344
4178.0,False,False,34.93299102783203,38.147544860839844,False,35.20976638793945,20.008750915527344
4178.5,False,False,34.92801284790039,38.13938522338867,False,35.20976638793945,20.008750915527344
4179.0,False,True,34.92303466796875,38.131229400634766,False,35.20976638793945,20.008750915527344
4179.5,False,False,34.91804885864258,38.123085021972656,False,35.20976638793945,20.008750915527344
4180.0,False,False,34.91305923461914,38.11494827270508,False,35.20976638793945,20.008750915527344
4180.5,False,False,34.90806579589844,38.10681915283203,False,35.20976638793945,20.008750915527344
4181.0,False,False,34.9030647277832,38.098697662353516,False,35.20976638793945,20.008750915527344
4181.5,False,False,34.89806365966797,38.0905876159668,False,35.20976638793945,20.008750915527344
4182.0,False,True,34.8930549621582,38.082481384277344,False,35.20976638793945,20.008750915527344
4182.5,False,False,34.88804244995117,38.07438278198242,False,35.20976638793945,20.008750915527344
4183.0,False,False,34.88302993774414,38.0662956237793,False,35.20976638793945,20.008750915527344
4183.5,False,False,34.87800979614258,38.05821228027344,False,35.20976638793945,20.008750915527344
4184.0,False,False,34.87298583984375,38.050140380859375,False,35.20976638793945,20.008750915527344
4184.5,False,False,34.867958068847656,38.04207229614258,False,35.20976638793945,20.008750915527344
4185.0,False,True,34.86292266845703,38.03401565551758,False,35.20976638793945,20.008750915527344
4185.5,False,False,34.857887268066406,38.025962829589844,False,35.20976638793945,20.008750915527344
4186.0,False,False,34.852848052978516,38.017921447753906,False,35.20976638793945,20.008750915527344
4186.5,False,False,34.84780502319336,38.009883880615234,False,35.20976638793945,20.008750915527344
4187.0,False,False,34.84275436401367,38.00185775756836,False,35.20976638793945,20.008750915527344
4187.5,False,False,34.837703704833984,37.993839263916016,False,35.20976638793945,20.008750915527344
4188.0,False,True,34.832645416259766,37.98582458496094,False,35.20976638793945,20.008750915527344
4188.5,False,False,34.82758712768555,37.977821350097656,False,35.20976638793945,20.008750915527344
4189.0,False,False,34.82252502441406,37.96982192993164,False,35.20976638793945,20.008750915527344
4189.5,False,False,34.81745910644531,37.961830139160156,False,35.20976638793945,20.008750915527344
4190.0,False,False,34.81238555908203,37.95384979248047,False,35.20976638793945,20.008750915527344
4190.5,False,False,34.80731201171875,37.94587326049805,False,35.20976638793945,20.008750915527344
4191.0,False,True,34.8022346496582,37.937904357910156,False,35.20976638793945,20.008750915527344
4191.5,False,False,34.79715347290039,37.9299430847168,False,35.20976638793945,20.008750915527344
4192.0,False,False,34.79206848144531,37.92198944091797,False,35.20976638793945,20.008750915527344
4192.5,False,False,34.78697967529297,37.91404342651367,False,35.20976638793945,20.008750915527344
4193.0,False,False,34.78188705444336,37.906105041503906,False,35.20976638793945,20.008750915527344
4193.5,False,False,34.776790618896484,37.89817428588867,False,35.20976638793945,20.008750915527344
4194.0,False,True,34.77169418334961,37.89025115966797,False,35.20976638793945,20.008750915527344
4194.5,False,False,34.7665901184082,37.88233184814453,False,35.20976638793945,20.008750915527344
4195.0,False,False,34.7614860534668,37.87442398071289,False,35.20976638793945,20.008750915527344
4195.5,False,False,34.756378173828125,37.866519927978516,False,35.20976638793945,20.008750915527344
4196.0,False,False,34.75126647949219,37.85862350463867,False,35.20976638793945,20.008750915527344
4196.5,False,False,34.746150970458984,37.85073471069336,False,35.20976638793945,20.008750915527344
4197.0,False,True,34.741031646728516,37.84285354614258,False,35.20976638793945,20.008750915527344
4197.5,False,False,34.73591232299805,37.83497619628906,False,35.20976638793945,20.008750915527344
4198.0,False,False,34.73078536987305,37.827110290527344,False,35.20976638793945,20.008750915527344
4198.5,False,False,34.72565841674805,37.81924819946289,False,35.20976638793945,20.008750915527344
4199.0,False,False,34.72052764892578,37.81139373779297,False,35.20976638793945,20.008750915527344
4199.5,False,False,34.71539306640625,37.80354690551758,False,35.20976638793945,20.008750915527344
4200.0,False,True,34.71025848388672,37.79570770263672,False,35.20976638793945,20.008750915527344
4200.5,False,False,34.70512008666992,37.78787612915039,False,35.20976638793945,20.008750915527344
4201.0,False,False,34.69997787475586,37.78004837036133,False,35.20976638793945,20.008750915527344
4201.5,False,False,34.69483184814453,37.7722282409668,False,35.20976638793945,20.008750915527344
4202.0,False,False,34.6896858215332,37.7644157409668,False,35.20976638793945,20.008750915527344
4202.5,False,False,34.684532165527344,37.75661087036133,False,35.20976638793945,20.008750915527344
4203.0,False,True,34.679378509521484,37.748809814453125,False,35.20976638793945,20.008750915527344
4203.5,False,False,34.674224853515625,37.74101638793945,False,35.20976638793945,20.008750915527344
4204.0,False,False,34.6690673828125,37.73323059082031,False,35.20976638793945,20.008750915527344
4204.5,False,False,34.663902282714844,37.7254524230957,False,35.20976638793945,20.008750915527344
4205.0,False,False,34.65874099731445,37.717681884765625,False,35.20976638793945,20.008750915527344
4205.5,False,False,34.65357208251953,37.70991516113281,False,35.20976638793945,20.008750915527344
4206.0,False,True,34.64840316772461,37.70215606689453,False,35.20976638793945,20.008750915527344
4206.5,False,False,34.64323425292969,37.694400787353516,False,35.20976638793945,20.008750915527344
4207.0,False,False,34.638057708740234,37.6866569519043,False,35.20976638793945,20.008750915527344
4207.5,False,False,34.63288116455078,37.678916931152344,False,35.20976638793945,20.008750915527344
4208.0,False,False,34.62770462036133,37.67118453979492,False,35.20976638793945,20.008750915527344
4208.5,False,False,34.622520446777344,37.663455963134766,False,35.20976638793945,20.008750915527344
4209.0,False,True,34.61733627319336,37.65573501586914,False,35.20976638793945,20.008750915527344
4209.5,False,False,34.612152099609375,37.64802169799805,False,35.20976638793945,20.008750915527344
4210.0,False,False,34.606964111328125,37.640316009521484,False,35.20976638793945,20.008750915527344
4210.5,False,False,34.60177230834961,37.63261413574219,False,35.20976638793945,20.008750915527344
4211.0,False,False,34.596580505371094,37.62491989135742,False,35.20976638793945,20.008750915527344
4211.5,False,False,34.59138488769531,37.61722946166992,False,35.20976638793945,20.008750915527344
4212.0,False,True,34.586185455322266,37.60955047607422,False,35.20976638793945,20.008750915527344
4212.5,False,False,34.58098602294922,37.60187530517578,False,35.20976638793945,20.008750915527344
4213.0,False,False,34.57578659057617,37.59420394897461,False,35.20976638793945,20.008750915527344
4213.5,False,False,34.57058334350586,37.58654022216797,False,35.20976638793945,20.008750915527344
4214.0,False,False,34.56537628173828,37.57888412475586,False,35.20976638793945,20.008750915527344
4214.5,False,False,34.5601692199707,37.571231842041016,False,35.20976638793945,20.008750915527344
4215.0,False,True,34.55495834350586,37.56359100341797,False,35.20976638793945,20.008750915527344
4215.5,False,False,34.549747467041016,37.55595016479492,False,35.20976638793945,20.008750915527344
4216.0,False,False,34.544532775878906,37.54832077026367,False,35.20976638793945,20.008750915527344
4216.5,False,False,34.5393180847168,37.54069137573242,False,35.20976638793945,20.008750915527344
4217.0,False,False,34.53409957885742,37.53307342529297,False,35.20976638793945,20.008750915527344
4217.5,False,False,34.52888107299805,37.52545928955078,False,35.20976638793945,20.008750915527344
4218.0,False,True,34.523658752441406,37.517852783203125,False,35.20976638793945,20.008750915527344
4218.5,False,False,34.518436431884766,37.510250091552734,False,35.20976638793945,20.008750915527344
4219.0,False,False,34.51321029663086,37.502655029296875,False,35.20976638793945,20.008750915527344
4219.5,False,False,34.50798416137695,37.49506378173828,False,35.20976638793945,20.008750915527344
4220.0,False,False,34.50275421142578,37.48748016357422,False,35.20976638793945,20.008750915527344
4220.5,False,False,34.49752426147461,37.47990417480469,False,35.20976638793945,20.008750915527344
4221.0,False,True,34.49229049682617,37.47233200073242,False,35.20976638793945,20.008750915527344
4221.5,False,False,34.487056732177734,37.46476745605469,False,35.20976638793945,20.008750915527344
4222.0,False,False,34.4818229675293,37.45720672607422,False,35.20976638793945,20.008750915527344
4222.5,False,False,34.476585388183594,37.44965362548828,False,35.20976638793945,20.008750915527344
4223.0,False,False,34.47134780883789,37.44210433959961,False,35.20976638793945,20.008750915527344
4223.5,False,False,34.46610641479492,37.43456268310547,False,35.20976638793945,20.008750915527344
4224.0,False,True,34.46086502075195,37.42702865600586,False,35.20976638793945,20.008750915527344
4224.5,False,False,34.455623626708984,37.419498443603516,False,35.20976638793945,20.008750915527344
4225.0,False,False,34.45037841796875,37.41197204589844,False,35.20976638793945,20.008750915527344
4225.5,False,False,34.445133209228516,37.40445327758789,False,35.20976638793945,20.008750915527344
4226.0,False,False,34.439884185791016,37.39693832397461,False,35.20976638793945,20.008750915527344
4226.5,False,False,34.434635162353516,37.38943099975586,False,35.20976638793945,20.008750915527344
4227.0,False,True,34.429386138916016,37.38193130493164,False,35.20976638793945,20.008750915527344
4227.5,False,False,34.42413330078125,37.37443542480469,False,35.20976638793945,20.008750915527344
4228.0,False,False,34.418880462646484,37.366947174072266,False,35.20976638793945,20.008750915527344
4228.5,False,False,34.41362380981445,37.35946273803711,False,35.20976638793945,20.008750915527344
4229.0,False,False,34.40837097167969,37.35198211669922,False,35.20976638793945,20.008750915527344
4229.5,False,False,34.40311050415039,37.34450912475586,False,35.20976638793945,20.008750915527344
4230.0,False,True,34.39785385131836,37.337039947509766,False,35.20976638793945,20.008750915527344
4230.5,False,False,34.39259338378906,37.3295783996582,False,35.20976638793945,20.008750915527344
4231.0,False,False,34.387332916259766,37.32212448120117,False,35.20976638793945,20.008750915527344
4231.5,False,False,34.38207244873047,37.31467056274414,False,35.20976638793945,20.008750915527344
4232.0,False,False,34.376808166503906,37.307228088378906,False,35.20976638793945,20.008750915527344
4232.5,False,False,34.371543884277344,37.29978561401367,False,35.20976638793945,20.008750915527344
4233.0,False,True,34.36627960205078,37.292354583740234,False,35.20976638793945,20.008750915527344
4233.5,False,False,34.36101150512695,37.2849235534668,False,35.20976638793945,20.008750915527344
4234.0,False,False,34.355743408203125,37.27750015258789,False,35.20976638793945,20.008750915527344
4234.5,False,False,34.3504753112793,37.270084381103516,False,35.20976638793945,20.008750915527344
4235.0,False,False,34.34520721435547,37.262672424316406,False,35.20976638793945,20.008750915527344
4235.5,False,False,34.339935302734375,37.25526428222656,False,35.20976638793945,20.008750915527344
4236.0,False,True,34.33466339111328,37.24786376953125,False,35.20976638793945,20.008750915527344
4236.5,False,False,34.32939147949219,37.2404670715332,False,35.20976638793945,20.008750915527344
4237.0,False,False,34.324119567871094,37.23307800292969,False,35.20976638793945,20.008750915527344
4237.5,False,False,34.318843841552734,37.22569274902344,False,35.20976638793945,20.008750915527344
4238.0,False,False,34.313568115234375,37.21831130981445,False,35.20976638793945,20.008750915527344
4238.5,False,False,34.308292388916016,37.2109375,False,35.20976638793945,20.008750915527344
4239.0,False,True,34.303016662597656,37.20356750488281,False,35.20976638793945,20.008750915527344
4239.5,False,False,34.29773712158203,37.196205139160156,False,35.20976638793945,20.008750915527344
4240.0,False,False,34.292457580566406,37.188846588134766,False,35.20976638793945,20.008750915527344
4240.5,False,False,34.28717803955078,37.18149185180664,False,35.20976638793945,20.008750915527344
4241.0,False,False,34.281898498535156,37.17414474487305,False,35.20976638793945,20.008750915527344
4241.5,False,False,34.276615142822266,37.16680145263672,False,35.20976638793945,20.008750915527344
4242.0,False,True,34.27133560180664,37.15946578979492,False,35.20976638793945,20.008750915527344
4242.5,False,False,34.26605224609375,37.152130126953125,False,35.20976638793945,20.008750915527344
4243.0,False,False,34.26076889038086,37.144805908203125,False,35.20976638793945,20.008750915527344
4243.5,False,False,34.25548553466797,37.137481689453125,False,35.20976638793945,20.008750915527344
4244.0,False,False,34.25019836425781,37.130165100097656,False,35.20976638793945,20.008750915527344
4244.5,False,False,34.24491500854492,37.12285614013672,False,35.20976638793945,20.008750915527344
4245.0,False,True,34.239627838134766,37.11554718017578,False,35.20976638793945,20.008750915527344
4245.5,False,False,34.23434066772461,37.108245849609375,False,35.20976638793945,20.008750915527344
4246.0,False,False,34.22905349731445,37.1009521484375,False,35.20976638793945,20.008750915527344
4246.5,False,False,34.2237663269043,37.093658447265625,False,35.20976638793945,20.008750915527344
4247.0,False,False,34.21847915649414,37.08637237548828,False,35.20976638793945,20.008750915527344
4247.5,False,False,34.21318817138672,37.07909393310547,False,35.20976638793945,20.008750915527344
4248.0,False,True,34.20790100097656,37.071815490722656,False,35.20976638793945,20.008750915527344
4248.5,False,False,34.20261001586914,37.064544677734375,False,35.20976638793945,20.008750915527344
4249.0,False,False,34.19731903076172,37.057281494140625,False,35.20976638793945,20.008750915527344
4249.5,False,False,34.1920280456543,37.050018310546875,False,35.20976638793945,20.008750915527344
4250.0,False,False,34.186737060546875,37.042762756347656,False,35.20976638793945,20.008750915527344
4250.5,False,False,34.18144607543945,37.0355110168457,False,35.20976638793945,20.008750915527344
4251.0,False,True,34.17615509033203,37.02826690673828,False,35.20976638793945,20.008750915527344
4251.5,False,False,34.170860290527344,37.021026611328125,False,35.20976638793945,20.008750915527344
4252.0,False,False,34.16556930541992,37.013790130615234,False,35.20976638793945,20.008750915527344
4252.5,False,False,34.160274505615234,37.00655746459961,False,35.20976638793945,20.008750915527344
4253.0,False,False,34.15497970581055,36.999332427978516,False,35.20976638793945,20.008750915527344
4253.5,False,False,34.149688720703125,36.99211120605469,False,35.20976638793945,20.008750915527344
4254.0,False,True,34.14439392089844,36.984893798828125,False,35.20976638793945,20.008750915527344
4254.5,False,False,34.13909912109375,36.977684020996094,False,35.20976638793945,20.008750915527344
4255.0,False,False,34.13380432128906,36.97047805786133,False,35.20976638793945,20.008750915527344
4255.5,False,False,34.128509521484375,36.96327590942383,False,35.20976638793945,20.008750915527344
4256.0,False,False,34.12321090698242,36.956077575683594,False,35.20976638793945,20.008750915527344
4256.5,False,False,34.117916107177734,36.94888687133789,False,35.20976638793945,20.008750915527344
4257.0,False,True,34.11262130737305,36.94169998168945,False,35.20976638793945,20.008750915527344
4257.5,False,False,34.10732650756836,36.93451690673828,False,35.20976638793945,20.008750915527344
4258.0,False,False,34.102027893066406,36.92734146118164,False,35.20976638793945,20.008750915527344
4258.5,False,False,34.09673309326172,36.920166015625,False,35.20976638793945,20.008750915527344
4259.0,False,False,34.091434478759766,36.91299819946289,False,35.20976638793945,20.008750915527344
4259.5,False,False,34.08613967895508,36.90583419799805,False,35.20976638793945,20.008750915527344
4260.0,False,True,34.080841064453125,36.898677825927734,False,35.20976638793945,20.008750915527344
4260.5,False,False,34.07554626464844,36.89152526855469,False,35.20976638793945,20.008750915527344
4261.0,False,False,34.070247650146484,36.88437271118164,False,35.20976638793945,20.008750915527344
4261.5,False,False,34.06494903564453,36.87723159790039,False,35.20976638793945,20.008750915527344
4262.0,False,False,34.059654235839844,36.87009048461914,False,35.20976638793945,20.008750915527344
4262.5,False,False,34.05435562133789,36.862953186035156,False,35.20976638793945,20.008750915527344
4263.0,False,True,34.0490608215332,36.8558235168457,False,35.20976638793945,20.008750915527344
4263.5,False,False,34.04376220703125,36.848697662353516,False,35.20976638793945,20.008750915527344
4264.0,False,False,34.0384635925293,36.84157943725586,False,35.20976638793945,20.008750915527344
4264.5,False,False,34.03316879272461,36.8344612121582,False,35.20976638793945,20.008750915527344
4265.0,False,False,34.027870178222656,36.82735061645508,False,35.20976638793945,20.008750915527344
4265.5,False,False,34.0225715637207,36.82024383544922,False,35.20976638793945,20.008750915527344
4266.0,False,True,34.017276763916016,36.813140869140625,False,35.20976638793945,20.008750915527344
4266.5,False,False,34.01197814941406,36.8060417175293,False,35.20976638793945,20.008750915527344
4267.0,False,False,34.006683349609375,36.798946380615234,False,35.20976638793945,20.008750915527344
4267.5,False,False,34.00138473510742,36.7918586730957,False,35.20976638793945,20.008750915527344
4268.0,False,False,33.99608612060547,36.78477478027344,False,35.20976638793945,20.008750915527344
4268.5,False,False,33.99079132080078,36.77769470214844,False,35.20976638793945,20.008750915527344
4269.0,False,True,33.98549270629883,36.7706184387207,False,35.20976638793945,20.008750915527344
4269.5,False,False,33.98019790649414,36.7635498046875,False,35.20976638793945,20.008750915527344
4270.0,False,False,33.97490310668945,36.7564811706543,False,35.20976638793945,20.008750915527344
4270.5,False,False,33.9696044921875,36.749420166015625,False,35.20976638793945,20.008750915527344
4271.0,False,False,33.96430969238281,36.74236297607422,False,35.20976638793945,20.008750915527344
4271.5,False,False,33.959014892578125,36.73530960083008,False,35.20976638793945,20.008750915527344
4272.0,False,True,33.95372009277344,36.72826385498047,False,35.20976638793945,20.008750915527344
4272.5,False,False,33.94842529296875,36.72121810913086,False,35.20976638793945,20.008750915527344
4273.0,False,False,33.94313049316406,36.71417999267578,False,35.20976638793945,20.008750915527344
4273.5,False,False,33.937835693359375,36.7071418762207,False,35.20976638793945,20.008750915527344
4274.0,False,False,33.93254089355469,36.700111389160156,False,35.20976638793945,20.008750915527344
4274.5,False,False,33.92724609375,36.69308853149414,False,35.20976638793945,20.008750915527344
4275.0,False,True,33.92195129394531,36.686065673828125,False,35.20976638793945,20.008750915527344
4275.5,False,False,33.916656494140625,36.679046630859375,False,35.20976638793945,20.008750915527344
4276.0,False,False,33.9113655090332,36.672035217285156,False,35.20976638793945,20.008750915527344
4276.5,False,False,33.906070709228516,36.66502380371094,False,35.20976638793945,20.008750915527344
4277.0,False,False,33.900779724121094,36.65802001953125,False,35.20976638793945,20.008750915527344
4277.5,False,False,33.89548873901367,36.65102005004883,False,35.20976638793945,20.008750915527344
4278.0,False,True,33.890193939208984,36.64402389526367,False,35.20976638793945,20.008750915527344
4278.5,False,False,33.88490295410156,36.63703536987305,False,35.20976638793945,20.008750915527344
4279.0,False,False,33.87961196899414,36.63004684448242,False,35.20976638793945,20.008750915527344
4279.5,False,False,33.87432098388672,36.62306594848633,False,35.20976638793945,20.008750915527344
4280.0,False,False,33.86903381347656,36.616085052490234,False,35.20976638793945,20.008750915527344
4280.5,False,False,33.86374282836914,36.60911178588867,False,35.20976638793945,20.008750915527344
4281.0,False,True,33.85845184326172,36.602142333984375,False,35.20976638793945,20.008750915527344
4281.5,False,False,33.85316467285156,36.595176696777344,False,35.20976638793945,20.008750915527344
4282.0,False,False,33.847877502441406,36.58821487426758,False,35.20976638793945,20.008750915527344
4282.5,False,False,33.842586517333984,36.58125686645508,False,35.20976638793945,20.008750915527344
4283.0,False,False,33.83729934692383,36.57430648803711,False,35.20976638793945,20.008750915527344
4283.5,False,False,33.83201217651367,36.56735610961914,False,35.20976638793945,20.008750915527344
4284.0,False,True,33.826725006103516,36.5604133605957,False,35.20976638793945,20.008750915527344
4284.5,False,False,33.821441650390625,36.553470611572266,False,35.20976638793945,20.008750915527344
4285.0,False,False,33.81615447998047,36.54653549194336,False,35.20976638793945,20.008750915527344
4285.5,False,False,33.81087112426758,36.53960418701172,False,35.20976638793945,20.008750915527344
4286.0,False,False,33.80558776855469,36.532676696777344,False,35.20976638793945,20.008750915527344
4286.5,False,False,33.80030059814453,36.525753021240234,False,35.20976638793945,20.008750915527344
4287.0,False,True,33.795021057128906,36.51883316040039,False,35.20976638793945,20.008750915527344
4287.5,False,False,33.789737701416016,36.51191711425781,False,35.20976638793945,20.008750915527344
4288.0,False,False,33.784454345703125,36.505008697509766,False,35.20976638793945,20.008750915527344
4288.5,False,False,33.7791748046875,36.49810028076172,False,35.20976638793945,20.008750915527344
4289.0,False,False,33.77389144897461,36.4911994934082,False,35.20976638793945,20.008750915527344
4289.5,False,False,33.768611907958984,36.48429870605469,False,35.20976638793945,20.008750915527344
4290.0,False,True,33.76333236694336,36.4774055480957,False,35.20976638793945,20.008750915527344
4290.5,False,False,33.758052825927734,36.470516204833984,False,35.20976638793945,20.008750915527344
4291.0,False,False,33.752777099609375,36.463626861572266,False,35.20976638793945,20.008750915527344
4291.5,False,False,33.74749755859375,36.45674514770508,False,35.20976638793945,20.008750915527344
4292.0,False,False,33.74222183227539,36.449867248535156,False,35.20976638793945,20.008750915527344
4292.5,False,False,33.73694610595703,36.4429931640625,False,35.20976638793945,20.008750915527344
4293.0,False,True,33.73167037963867,36.43612289428711,False,35.20976638793945,20.008750915527344
4293.5,False,False,33.72639465332031,36.429256439208984,False,35.20976638793945,20.008750915527344
4294.0,False,False,33.72111892700195,36.422393798828125,False,35.20976638793945,20.008750915527344
4294.5,False,False,33.71584701538086,36.4155387878418,False,35.20976638793945,20.008750915527344
4295.0,False,False,33.710575103759766,36.40868377685547,False,35.20976638793945,20.008750915527344
4295.5,False,False,33.70530319213867,36.401832580566406,False,35.20976638793945,20.008750915527344
4296.0,False,True,33.70003128051758,36.394989013671875,False,35.20976638793945,20.008750915527344
4296.5,False,False,33.694759368896484,36.388145446777344,False,35.20976638793945,20.008750915527344
4297.0,False,False,33.689491271972656,36.381309509277344,False,35.20976638793945,20.008750915527344
4297.5,False,False,33.68422317504883,36.374473571777344,False,35.20976638793945,20.008750915527344
4298.0,False,False,33.678955078125,36.367645263671875,False,35.20976638793945,20.008750915527344
4298.5,False,False,33.67368698120117,36.360816955566406,False,35.20976638793945,20.008750915527344
4299.0,False,True,33.668418884277344,36.35399627685547,False,35.20976638793945,20.008750915527344
4299.5,False,False,33.66315460205078,36.3471794128418,False,35.20976638793945,20.008750915527344
4300.0,False,False,33.65789031982422,36.340362548828125,False,35.20976638793945,20.008750915527344
4300.5,False,False,33.652626037597656,36.333553314208984,False,35.20976638793945,20.008750915527344
4301.0,False,False,33.647361755371094,36.32674789428711,False,35.20976638793945,20.008750915527344
4301.5,False,False,33.6421012878418,36.3199462890625,False,35.20976638793945,20.008750915527344
4302.0,False,True,33.6368408203125,36.313148498535156,False,35.20976638793945,20.008750915527344
4302.5,False,False,33.6315803527832,36.30635070800781,False,35.20976638793945,20.008750915527344
4303.0,False,False,33.626319885253906,36.299560546875,False,35.20976638793945,20.008750915527344
4303.5,False,False,33.62105941772461,36.29277420043945,False,35.20976638793945,20.008750915527344
4304.0,False,False,33.61580276489258,36.28599166870117,False,35.20976638793945,20.008750915527344
4304.5,False,False,33.61054611206055,36.279212951660156,False,35.20976638793945,20.008750915527344
4305.0,False,True,33.605289459228516,36.272438049316406,False,35.20976638793945,20.008750915527344
4305.5,False,False,33.600032806396484,36.26566696166992,False,35.20976638793945,20.008750915527344
4306.0,False,False,33.59477996826172,36.2588996887207,False,35.20976638793945,20.008750915527344
4306.5,False,False,33.58952713012695,36.25213623046875,False,35.20976638793945,20.008750915527344
4307.0,False,False,33.58427429199219,36.24537658691406,False,35.20976638793945,20.008750915527344
4307.5,False,False,33.57902145385742,36.23862075805664,False,35.20976638793945,20.008750915527344
4308.0,False,True,33.57377243041992,36.231868743896484,False,35.20976638793945,20.008750915527344
4308.5,False,False,33.56852340698242,36.225120544433594,False,35.20976638793945,20.008750915527344
4309.0,False,False,33.56327438354492,36.21837615966797,False,35.20976638793945,20.008750915527344
4309.5,False,False,33.55802917480469,36.21163558959961,False,35.20976638793945,20.008750915527344
4310.0,False,False,33.55278015136719,36.204898834228516,False,35.20976638793945,20.008750915527344
4310.5,False,False,33.54753494262695,36.19816589355469,False,35.20976638793945,20.008750915527344
4311.0,False,True,33.54228973388672,36.191436767578125,False,35.20976638793945,20.008750915527344
4311.5,False,False,33.53704833984375,36.18470764160156,False,35.20976638793945,20.008750915527344
4312.0,False,False,33.531803131103516,36.17798614501953,False,35.20976638793945,20.008750915527344
4312.5,False,False,33.52656173706055,36.171268463134766,False,35.20976638793945,20.008750915527344
4313.0,False,False,33.521324157714844,36.164554595947266,False,35.20976638793945,20.008750915527344
4313.5,False,False,33.516082763671875,36.15784454345703,False,35.20976638793945,20.008750915527344
4314.0,False,True,33.51084518432617,36.15113830566406,False,35.20976638793945,20.008750915527344
4314.5,False,False,33.50560760498047,36.14443588256836,False,35.20976638793945,20.008750915527344
4315.0,False,False,33.50037384033203,36.137733459472656,False,35.20976638793945,20.008750915527344
4315.5,False,False,33.49513626098633,36.131038665771484,False,35.20976638793945,20.008750915527344
4316.0,False,False,33.48990249633789,36.12434768676758,False,35.20976638793945,20.008750915527344
4316.5,False,False,33.48466873168945,36.11766052246094,False,35.20976638793945,20.008750915527344
4317.0,False,True,33.47943878173828,36.1109733581543,False,35.20976638793945,20.008750915527344
4317.5,False,False,33.47420883178711,36.10429382324219,False,35.20976638793945,20.008750915527344
4318.0,False,False,33.46897888183594,36.097618103027344,False,35.20976638793945,20.008750915527344
4318.5,False,False,33.463748931884766,36.0909423828125,False,35.20976638793945,20.008750915527344
4319.0,False,False,33.45852279663086,36.08427429199219,False,35.20976638793945,20.008750915527344
4319.5,False,False,33.45329666137695,36.077606201171875,False,35.20976638793945,20.008750915527344
4320.0,False,True,33.44807052612305,36.070945739746094,False,35.20976638793945,20.008750915527344
4320.5,False,False,33.442848205566406,36.06428527832031,False,35.20976638793945,20.008750915527344
4321.0,False,False,33.4376220703125,36.0576286315918,False,35.20976638793945,20.008750915527344
4321.5,False,False,33.432403564453125,36.05097961425781,False,35.20976638793945,20.008750915527344
4322.0,False,False,33.427181243896484,36.04433059692383,False,35.20976638793945,20.008750915527344
4322.5,False,False,33.42196273803711,36.03768539428711,False,35.20976638793945,20.008750915527344
4323.0,False,True,33.416744232177734,36.031044006347656,False,35.20976638793945,20.008750915527344
4323.5,False,False,33.41152572631836,36.024410247802734,False,35.20976638793945,20.008750915527344
4324.0,False,False,33.40631103515625,36.01777648925781,False,35.20976638793945,20.008750915527344
4324.5,False,False,33.40109634399414,36.011146545410156,False,35.20976638793945,20.008750915527344
4325.0,False,False,33.39588165283203,36.004520416259766,False,35.20976638793945,20.008750915527344
4325.5,False,False,33.39067077636719,35.99789810180664,False,35.20976638793945,20.008750915527344
4326.0,False,True,33.385459899902344,35.991275787353516,False,35.20976638793945,20.008750915527344
4326.5,False,False,33.3802490234375,35.98466110229492,False,35.20976638793945,20.008750915527344
4327.0,False,False,33.37504196166992,35.978050231933594,False,35.20976638793945,20.008750915527344
4327.5,False,False,33.369834899902344,35.971439361572266,False,35.20976638793945,20.008750915527344
4328.0,False,False,33.364627838134766,35.96483612060547,False,35.20976638793945,20.008750915527344
4328.5,False,False,33.35942459106445,35.95823669433594,False,35.20976638793945,20.008750915527344
4329.0,False,True,33.354217529296875,35.951637268066406,False,35.20976638793945,20.008750915527344
4329.5,False,False,33.34901809692383,35.94504165649414,False,35.20976638793945,20.008750915527344
4330.0,False,False,33.343814849853516,35.938453674316406,False,35.20976638793945,20.008750915527344
4330.5,False,False,33.33861541748047,35.93186569213867,False,35.20976638793945,20.008750915527344
4331.0,False,False,33.33341598510742,35.9252815246582,False,35.20976638793945,20.008750915527344
4331.5,False,False,33.32822036743164,35.918701171875,False,35.20976638793945,20.008750915527344
4332.0,False,True,33.32302474975586,35.91212463378906,False,35.20976638793945,20.008750915527344
4332.5,False,False,33.31782913208008,35.90555191040039,False,35.20976638793945,20.008750915527344
4333.0,False,False,33.31263732910156,35.898983001708984,False,35.20976638793945,20.008750915527344
4333.5,False,False,33.30744552612305,35.89241409301758,False,35.20976638793945,20.008750915527344
4334.0,False,False,33.30225372314453,35.8858528137207,False,35.20976638793945,20.008750915527344
4334.5,False,False,33.297061920166016,35.879295349121094,False,35.20976638793945,20.008750915527344
4335.0,False,True,33.291873931884766,35.872737884521484,False,35.20976638793945,20.008750915527344
4335.5,False,False,33.28668975830078,35.86618423461914,False,35.20976638793945,20.008750915527344
4336.0,False,False,33.28150177001953,35.85963821411133,False,35.20976638793945,20.008750915527344
4336.5,False,False,33.27631759643555,35.853092193603516,False,35.20976638793945,20.008750915527344
4337.0,False,False,33.27113723754883,35.84654998779297,False,35.20976638793945,20.008750915527344
4337.5,False,False,33.265953063964844,35.84001159667969,False,35.20976638793945,20.008750915527344
4338.0,False,True,33.260772705078125,35.83347702026367,False,35.20976638793945,20.008750915527344
4338.5,False,False,33.25559616088867,35.82694625854492,False,35.20976638793945,20.008750915527344
4339.0,False,False,33.25041580200195,35.82041549682617,False,35.20976638793945,20.008750915527344
4339.5,False,False,33.245243072509766,35.81389236450195,False,35.20976638793945,20.008750915527344
4340.0,False,False,33.24006652832031,35.807369232177734,False,35.20976638793945,20.008750915527344
4340.5,False,False,33.234893798828125,35.80085372924805,False,35.20976638793945,20.008750915527344
4341.0,False,True,33.22972106933594,35.79433822631836,False,35.20976638793945,20.008750915527344
4341.5,False,False,33.224552154541016,35.78782653808594,False,35.20976638793945,20.008750915527344
4342.0,False,False,33.219383239746094,35.78131866455078,False,35.20976638793945,20.008750915527344
4342.5,False,False,33.21421432495117,35.77481460571289,False,35.20976638793945,20.008750915527344
4343.0,False,False,33.20904541015625,35.768314361572266,False,35.20976638793945,20.008750915527344
4343.5,False,False,33.203880310058594,35.761817932128906,False,35.20976638793945,20.008750915527344
4344.0,False,True,33.1987190246582,35.75532531738281,False,35.20976638793945,20.008750915527344
4344.5,False,False,33.19355773925781,35.74883270263672,False,35.20976638793945,20.008750915527344
4345.0,False,False,33.18839645385742,35.742347717285156,False,35.20976638793945,20.008750915527344
4345.5,False,False,33.18323516845703,35.735862731933594,False,35.20976638793945,20.008750915527344
4346.0,False,False,33.178077697753906,35.7293815612793,False,35.20976638793945,20.008750915527344
4346.5,False,False,33.17292022705078,35.722904205322266,False,35.20976638793945,20.008750915527344
4347.0,False,True,33.16776657104492,35.7164306640625,False,35.20976638793945,20.008750915527344
4347.5,False,False,33.16261291503906,35.7099609375,False,35.20976638793945,20.008750915527344
4348.0,False,False,33.1574592590332,35.7034912109375,False,35.20976638793945,20.008750915527344
4348.5,False,False,33.15230941772461,35.69702911376953,False,35.20976638793945,20.008750915527344
4349.0,False,False,33.147159576416016,35.69056701660156,False,35.20976638793945,20.008750915527344
4349.5,False,False,33.14201354980469,35.684112548828125,False,35.20976638793945,20.008750915527344
4350.0,False,True,33.13686752319336,35.67765808105469,False,35.20976638793945,20.008750915527344
4350.5,False,False,33.13172149658203,35.671207427978516,False,35.20976638793945,20.008750915527344
4351.0,False,False,33.1265754699707,35.66476058959961,False,35.20976638793945,20.008750915527344
4351.5,False,False,33.12143325805664,35.65831756591797,False,35.20976638793945,20.008750915527344
4352.0,False,False,33.116294860839844,35.65187454223633,False,35.20976638793945,20.008750915527344
4352.5,False,False,33.11115646362305,35.64543914794922,False,35.20976638793945,20.008750915527344
4353.0,False,True,33.10601806640625,35.63900375366211,False,35.20976638793945,20.008750915527344
4353.5,False,False,33.10088348388672,35.632572174072266,False,35.20976638793945,20.008750915527344
4354.0,False,False,33.09574890136719,35.62614440917969,False,35.20976638793945,20.008750915527344
4354.5,False,False,33.090614318847656,35.619720458984375,False,35.20976638793945,20.008750915527344
4355.0,False,False,33.08548355102539,35.61330032348633,False,35.20976638793945,20.008750915527344
4355.5,False,False,33.080352783203125,35.60688400268555,False,35.20976638793945,20.008750915527344
4356.0,False,True,33.07522201538086,35.600467681884766,False,35.20976638793945,20.008750915527344
4356.5,False,False,33.07009506225586,35.594058990478516,False,35.20976638793945,20.008750915527344
4357.0,False,False,33.064971923828125,35.587650299072266,False,35.20976638793945,20.008750915527344
4357.5,False,False,33.059844970703125,35.58124542236328,False,35.20976638793945,20.008750915527344
4358.0,False,False,33.054725646972656,35.57484436035156,False,35.20976638793945,20.008750915527344
4358.5,False,False,33.04960250854492,35.56844711303711,False,35.20976638793945,20.008750915527344
4359.0,False,True,33.04448318481445,35.56205368041992,False,35.20976638793945,20.008750915527344
4359.5,False,False,33.03936767578125,35.555660247802734,False,35.20976638793945,20.008750915527344
4360.0,False,False,33.03424835205078,35.54927062988281,False,35.20976638793945,20.008750915527344
4360.5,False,False,33.02913284301758,35.54288864135742,False,35.20976638793945,20.008750915527344
4361.0,False,False,33.02402114868164,35.53650665283203,False,35.20976638793945,20.008750915527344
4361.5,False,False,33.0189094543457,35.530128479003906,False,35.20976638793945,20.008750915527344
4362.0,False,True,33.013797760009766,35.52375030517578,False,35.20976638793945,20.008750915527344
4362.5,False,False,33.008689880371094,35.51737976074219,False,35.20976638793945,20.008750915527344
4363.0,False,False,33.00358200073242,35.511009216308594,False,35.20976638793945,20.008750915527344
4363.5,False,False,32.998477935791016,35.504642486572266,False,35.20976638793945,20.008750915527344
4364.0,False,False,32.99337387084961,35.49828338623047,False,35.20976638793945,20.008750915527344
4364.5,False,False,32.9882698059082,35.491920471191406,False,35.20976638793945,20.008750915527344
4365.0,False,True,32.98316955566406,35.485565185546875,False,35.20976638793945,20.008750915527344
4365.5,False,False,32.97807312011719,35.47921371459961,False,35.20976638793945,20.008750915527344
4366.0,False,False,32.97297286987305,35.472862243652344,False,35.20976638793945,20.008750915527344
4366.5,False,False,32.96787643432617,35.46651840209961,False,35.20976638793945,20.008750915527344
4367.0,False,False,32.96278381347656,35.460174560546875,False,35.20976638793945,20.008750915527344
4367.5,False,False,32.95769119262695,35.453834533691406,False,35.20976638793945,20.008750915527344
4368.0,False,True,32.952598571777344,35.44749450683594,False,35.20976638793945,20.008750915527344
4368.5,False,False,32.947509765625,35.441162109375,False,35.20976638793945,20.008750915527344
4369.0,False,False,32.942420959472656,35.43482971191406,False,35.20976638793945,20.008750915527344
4369.5,False,False,32.93733596801758,35.428504943847656,False,35.20976638793945,20.008750915527344
4370.0,False,False,32.9322509765625,35.42218017578125,False,35.20976638793945,20.008750915527344
4370.5,False,False,32.92716598510742,35.41585922241211,False,35.20976638793945,20.008750915527344
4371.0,False,True,32.92208480834961,35.40953826904297,False,35.20976638793945,20.008750915527344
4371.5,False,False,32.9170036315918,35.40322494506836,False,35.20976638793945,20.008750915527344
4372.0,False,False,32.91192626953125,35.39691162109375,False,35.20976638793945,20.008750915527344
4372.5,False,False,32.9068489074707,35.390602111816406,False,35.20976638793945,20.008750915527344
4373.0,False,False,32.90177536010742,35.38429641723633,False,35.20976638793945,20.008750915527344
4373.5,False,False,32.89670181274414,35.377994537353516,False,35.20976638793945,20.008750915527344
4374.0,False,True,32.89162826538086,35.37169647216797,False,35.20976638793945,20.008750915527344
4374.5,False,False,32.886558532714844,35.36539840698242,False,35.20976638793945,20.008750915527344
4375.0,False,False,32.88148880004883,35.35910415649414,False,35.20976638793945,20.008750915527344
4375.5,False,False,32.87642288208008,35.35281753540039,False,35.20976638793945,20.008750915527344
4376.0,False,False,32.87135696411133,35.346527099609375,False,35.20976638793945,20.008750915527344
4376.5,False,False,32.86629104614258,35.34024429321289,False,35.20976638793945,20.008750915527344
4377.0,False,True,32.861228942871094,35.33396530151367,False,35.20976638793945,20.008750915527344
4377.5,False,False,32.856170654296875,35.32768630981445,False,35.20976638793945,20.008750915527344
4378.0,False,False,32.851112365722656,35.3214111328125,False,35.20976638793945,20.008750915527344
4378.5,False,False,32.84605407714844,35.31513977050781,False,35.20976638793945,20.008750915527344
4379.0,False,False,32.840999603271484,35.30887222290039,False,35.20976638793945,20.008750915527344
4379.5,False,False,32.83594512939453,35.30260467529297,False,35.20976638793945,20.008750915527344
4380.0,False,True,32.83089065551758,35.29634475708008,False,35.20976638793945,20.008750915527344
4380.5,False,False,32.82583999633789,35.29008483886719,False,35.20976638793945,20.008750915527344
4381.0,False,False,32.82079315185547,35.28382873535156,False,35.20976638793945,20.008750915527344
4381.5,False,False,32.81574630737305,35.2775764465332,False,35.20976638793945,20.008750915527344
4382.0,False,False,32.810699462890625,35.271324157714844,False,35.20976638793945,20.008750915527344
4382.5,False,False,32.80565643310547,35.265079498291016,False,35.20976638793945,20.008750915527344
4383.0,False,True,32.80061340332031,35.25883483886719,False,35.20976638793945,20.008750915527344
4383.5,False,False,32.79557418823242,35.252593994140625,False,35.20976638793945,20.008750915527344
4384.0,False,False,32.79053497314453,35.24635696411133,False,35.20976638793945,20.008750915527344
4384.5,False,False,32.785499572753906,35.24011993408203,False,35.20976638793945,20.008750915527344
4385.0,False,False,32.78046417236328,35.233890533447266,False,35.20976638793945,20.008750915527344
4385.5,False,False,32.775428771972656,35.2276611328125,False,35.20976638793945,20.008750915527344
4386.0,False,True,32.7703971862793,35.221435546875,False,35.20976638793945,20.008750915527344
4386.5,False,False,32.76536560058594,35.215213775634766,False,35.20976638793945,20.008750915527344
4387.0,False,False,32.760337829589844,35.20899200439453,False,35.20976638793945,20.008750915527344
4387.5,False,False,32.75531005859375,35.20277786254883,False,35.20976638793945,20.008750915527344
4388.0,False,False,32.75028610229492,35.196563720703125,False,35.20976638793945,20.008750915527344
4388.5,False,False,32.745262145996094,35.19035339355469,False,35.20976638793945,20.008750915527344
4389.0,False,True,32.740238189697266,35.18414306640625,False,35.20976638793945,20.008750915527344
4389.5,False,False,32.7352180480957,35.177940368652344,False,35.20976638793945,20.008750915527344
4390.0,False,False,32.730201721191406,35.17173767089844,False,35.20976638793945,20.008750915527344
4390.5,False,False,32.72518539428711,35.1655387878418,False,35.20976638793945,20.008750915527344
4391.0,False,False,32.72016906738281,35.15934371948242,False,35.20976638793945,20.008750915527344
4391.5,False,False,32.71515655517578,35.15315246582031,False,35.20976638793945,20.008750915527344
4392.0,False,True,32.71014404296875,35.1469612121582,False,35.20976638793945,20.008750915527344
4392.5,False,False,32.705135345458984,35.140777587890625,False,35.20976638793945,20.008750915527344
4393.0,False,False,32.70012664794922,35.13459396362305,False,35.20976638793945,20.008750915527344
4393.5,False,False,32.69512176513672,35.12841033935547,False,35.20976638793945,20.008750915527344
4394.0,False,False,32.69011688232422,35.12223434448242,False,35.20976638793945,20.008750915527344
4394.5,False,False,32.68511199951172,35.116058349609375,False,35.20976638793945,20.008750915527344
4395.0,False,True,32.680110931396484,35.10988998413086,False,35.20976638793945,20.008750915527344
4395.5,False,False,32.675113677978516,35.10371780395508,False,35.20976638793945,20.008750915527344
4396.0,False,False,32.67011260986328,35.09755325317383,False,35.20976638793945,20.008750915527344
4396.5,False,False,32.66511917114258,35.091392517089844,False,35.20976638793945,20.008750915527344
4397.0,False,False,32.660125732421875,35.08523178100586,False,35.20976638793945,20.008750915527344
4397.5,False,False,32.65513229370117,35.07907485961914,False,35.20976638793945,20.008750915527344
4398.0,False,True,32.650142669677734,35.07292175292969,False,35.20976638793945,20.008750915527344
4398.5,False,False,32.6451530456543,35.066768646240234,False,35.20976638793945,20.008750915527344
4399.0,False,False,32.64016342163086,35.06062316894531,False,35.20976638793945,20.008750915527344
4399.5,False,False,32.63517761230469,35.05447769165039,False,35.20976638793945,20.008750915527344
4400.0,False,False,32.63019561767578,35.048336029052734,False,35.20976638793945,20.008750915527344
4400.5,False,False,32.625213623046875,35.04219436645508,False,35.20976638793945,20.008750915527344
4401.0,False,True,32.62023162841797,35.03606033325195,False,35.20976638793945,20.008750915527344
4401.5,False,False,32.61525344848633,35.02992630004883,False,35.20976638793945,20.008750915527344
4402.0,False,False,32.61027908325195,35.02379608154297,False,35.20976638793945,20.008750915527344
4402.5,False,False,32.60530090332031,35.017669677734375,False,35.20976638793945,20.008750915527344
4403.0,False,False,32.6003303527832,35.01154327392578,False,35.20976638793945,20.008750915527344
4403.5,False,False,32.595359802246094,35.00542449951172,False,35.20976638793945,20.008750915527344
4404.0,False,True,32.590389251708984,34.999305725097656,False,35.20976638793945,20.008750915527344
4404.5,False,False,32.585418701171875,34.993186950683594,False,35.20976638793945,20.008750915527344
4405.0,False,False,32.5804557800293,34.98707580566406,False,35.20976638793945,20.008750915527344
4405.5,False,False,32.57548904418945,34.98096466064453,False,35.20976638793945,20.008750915527344
4406.0,False,False,32.570526123046875,34.974857330322266,False,35.20976638793945,20.008750915527344
4406.5,False,False,32.56556701660156,34.968753814697266,False,35.20976638793945,20.008750915527344
4407.0,False,True,32.56060791015625,34.96265411376953,False,35.20976638793945,20.008750915527344
4407.5,False,False,32.55564880371094,34.9565544128418,False,35.20976638793945,20.008750915527344
4408.0,False,False,32.55069351196289,34.95045852661133,False,35.20976638793945,20.008750915527344
4408.5,False,False,32.54574203491211,34.944366455078125,False,35.20976638793945,20.008750915527344
4409.0,False,False,32.54079055786133,34.93827819824219,False,35.20976638793945,20.008750915527344
4409.5,False,False,32.53583908081055,34.93218994140625,False,35.20976638793945,20.008750915527344
4410.0,False,True,32.53089141845703,34.926109313964844,False,35.20976638793945,20.008750915527344
4410.5,False,False,32.525943756103516,34.92002487182617,False,35.20976638793945,20.008750915527344
4411.0,False,False,32.520999908447266,34.91394805908203,False,35.20976638793945,20.008750915527344
4411.5,False,False,32.516056060791016,34.907875061035156,False,35.20976638793945,20.008750915527344
4412.0,False,False,32.51111602783203,34.90180206298828,False,35.20976638793945,20.008750915527344
4412.5,False,False,32.50617599487305,34.89573287963867,False,35.20976638793945,20.008750915527344
4413.0,False,True,32.50123596191406,34.88966369628906,False,35.20976638793945,20.008750915527344
4413.5,False,False,32.49630355834961,34.883602142333984,False,35.20976638793945,20.008750915527344
4414.0,False,False,32.49136734008789,34.877540588378906,False,35.20976638793945,20.008750915527344
4414.5,False,False,32.48643493652344,34.871482849121094,False,35.20976638793945,20.008750915527344
4415.0,False,False,32.48150634765625,34.86542892456055,False,35.20976638793945,20.008750915527344
4415.5,False,False,32.47657775878906,34.859375,False,35.20976638793945,20.008750915527344
4416.0,False,True,32.471649169921875,34.85332489013672,False,35.20976638793945,20.008750915527344
4416.5,False,False,32.46672439575195,34.8472785949707,False,35.20976638793945,20.008750915527344
4417.0,False,False,32.46179962158203,34.84123611450195,False,35.20976638793945,20.008750915527344
4417.5,False,False,32.456878662109375,34.8351936340332,False,35.20976638793945,20.008750915527344
4418.0,False,False,32.451961517333984,34.829158782958984,False,35.20976638793945,20.008750915527344
4418.5,False,False,32.447044372558594,34.8231201171875,False,35.20976638793945,20.008750915527344
4419.0,False,True,32.4421272277832,34.81708908081055,False,35.20976638793945,20.008750915527344
4419.5,False,False,32.43721389770508,34.81106185913086,False,35.20976638793945,20.008750915527344
4420.0,False,False,32.43230056762695,34.80503463745117,False,35.20976638793945,20.008750915527344
4420.5,False,False,32.427391052246094,34.79901123046875,False,35.20976638793945,20.008750915527344
4421.0,False,False,32.422481536865234,34.79298782348633,False,35.20976638793945,20.008750915527344
4421.5,False,False,32.417572021484375,34.78697204589844,False,35.20976638793945,20.008750915527344
4422.0,False,True,32.41267013549805,34.78095626831055,False,35.20976638793945,20.008750915527344
4422.5,False,False,32.40776443481445,34.77494430541992,False,35.20976638793945,20.008750915527344
4423.0,False,False,32.402862548828125,34.7689323425293,False,35.20976638793945,20.008750915527344
4423.5,False,False,32.39796447753906,34.76292419433594,False,35.20976638793945,20.008750915527344
4424.0,False,False,32.39306640625,34.756919860839844,False,35.20976638793945,20.008750915527344
4424.5,False,False,32.3881721496582,34.750919342041016,False,35.20976638793945,20.008750915527344
4425.0,False,True,32.383277893066406,34.74492263793945,False,35.20976638793945,20.008750915527344
4425.5,False,False,32.37838363647461,34.73892593383789,False,35.20976638793945,20.008750915527344
4426.0,False,False,32.37349319458008,34.732933044433594,False,35.20976638793945,20.008750915527344
4426.5,False,False,32.36860656738281,34.72694396972656,False,35.20976638793945,20.008750915527344
4427.0,False,False,32.36371612548828,34.72095489501953,False,35.20976638793945,20.008750915527344
4427.5,False,False,32.35883331298828,34.714969635009766,False,35.20976638793945,20.008750915527344
4428.0,False,True,32.35395050048828,34.708988189697266,False,35.20976638793945,20.008750915527344
4428.5,False,False,32.34906768798828,34.70301055908203,False,35.20976638793945,20.008750915527344
4429.0,False,False,32.34418869018555,34.6970329284668,False,35.20976638793945,20.008750915527344
4429.5,False,False,32.33930969238281,34.691062927246094,False,35.20976638793945,20.008750915527344
4430.0,False,False,32.334434509277344,34.685089111328125,False,35.20976638793945,20.008750915527344
4430.5,False,False,32.329559326171875,34.67912292480469,False,35.20976638793945,20.008750915527344
4431.0,False,True,32.32468795776367,34.67315673828125,False,35.20976638793945,20.008750915527344
4431.5,False,False,32.31981658935547,34.66719436645508,False,35.20976638793945,20.008750915527344
4432.0,False,False,32.31494903564453,34.66123580932617,False,35.20976638793945,20.008750915527344
4432.5,False,False,32.310081481933594,34.65528106689453,False,35.20976638793945,20.008750915527344
4433.0,False,False,32.30521774291992,34.64932632446289,False,35.20976638793945,20.008750915527344
4433.5,False,False,32.30035400390625,34.643375396728516,False,35.20976638793945,20.008750915527344
4434.0,False,True,32.295494079589844,34.63742446899414,False,35.20976638793945,20.008750915527344
4434.5,False,False,32.29063415527344,34.6314811706543,False,35.20976638793945,20.008750915527344
4435.0,False,False,32.2857780456543,34.62553787231445,False,35.20976638793945,20.008750915527344
4435.5,False,False,32.280921936035156,34.619598388671875,False,35.20976638793945,20.008750915527344
4436.0,False,False,32.27606964111328,34.6136589050293,False,35.20976638793945,20.008750915527344
4436.5,False,False,32.271217346191406,34.60772705078125,False,35.20976638793945,20.008750915527344
4437.0,False,True,32.26636505126953,34.6017951965332,False,35.20976638793945,20.008750915527344
4437.5,False,False,32.26151657104492,34.595863342285156,False,35.20976638793945,20.008750915527344
4438.0,False,False,32.25667190551758,34.58993911743164,False,35.20976638793945,20.008750915527344
4438.5,False,False,32.251827239990234,34.584014892578125,False,35.20976638793945,20.008750915527344
4439.0,False,False,32.24698257446289,34.578094482421875,False,35.20976638793945,20.008750915527344
4439.5,False,False,32.24214172363281,34.572174072265625,False,35.20976638793945,20.008750915527344
4440.0,False,True,32.2373046875,34.566261291503906,False,35.20976638793945,20.008750915527344
4440.5,False,False,32.23246765136719,34.56034851074219,False,35.20976638793945,20.008750915527344
4441.0,False,False,32.227630615234375,34.55443572998047,False,35.20976638793945,20.008750915527344
4441.5,False,False,32.22279739379883,34.54853057861328,False,35.20976638793945,20.008750915527344
4442.0,False,False,32.21796798706055,34.542625427246094,False,35.20976638793945,20.008750915527344
4442.5,False,False,32.213138580322266,34.53672409057617,False,35.20976638793945,20.008750915527344
4443.0,False,True,32.208309173583984,34.530826568603516,False,35.20976638793945,20.008750915527344
4443.5,False,False,32.20348358154297,34.52492904663086,False,35.20976638793945,20.008750915527344
4444.0,False,False,32.19865798950195,34.51903533935547,False,35.20976638793945,20.008750915527344
4444.5,False,False,32.1938362121582,34.513145446777344,False,35.20976638793945,20.008750915527344
4445.0,False,False,32.18901824951172,34.50725555419922,False,35.20976638793945,20.008750915527344
4445.5,False,False,32.18419647216797,34.50136947631836,False,35.20976638793945,20.008750915527344
4446.0,False,True,32.17938232421875,34.495487213134766,False,35.20976638793945,20.008750915527344
4446.5,False,False,32.17456817626953,34.48960876464844,False,35.20976638793945,20.008750915527344
4447.0,False,False,32.16975402832031,34.48373031616211,False,35.20976638793945,20.008750915527344
4447.5,False,False,32.16494369506836,34.47785568237305,False,35.20976638793945,20.008750915527344
4448.0,False,False,32.160133361816406,34.47198486328125,False,35.20976638793945,20.008750915527344
4448.5,False,False,32.15532684326172,34.46611404418945,False,35.20976638793945,20.008750915527344
4449.0,False,True,32.15052032470703,34.46024703979492,False,35.20976638793945,20.008750915527344
4449.5,False,False,32.14571762084961,34.454383850097656,False,35.20976638793945,20.008750915527344
4450.0,False,False,32.14091491699219,34.448524475097656,False,35.20976638793945,20.008750915527344
4450.5,False,False,32.13611602783203,34.442665100097656,False,35.20976638793945,20.008750915527344
4451.0,False,False,32.131317138671875,34.43680953979492,False,35.20976638793945,20.008750915527344
4451.5,False,False,32.126522064208984,34.43095397949219,False,35.20976638793945,20.008750915527344
4452.0,False,True,32.121726989746094,34.425106048583984,False,35.20976638793945,20.008750915527344
4452.5,False,False,32.1169319152832,34.41925811767578,False,35.20976638793945,20.008750915527344
4453.0,False,False,32.112144470214844,34.41341018676758,False,35.20976638793945,20.008750915527344
4453.5,False,False,32.10735321044922,34.407569885253906,False,35.20976638793945,20.008750915527344
4454.0,False,False,32.10256576538086,34.401729583740234,False,35.20976638793945,20.008750915527344
4454.5,False,False,32.097782135009766,34.39589309692383,False,35.20976638793945,20.008750915527344
4455.0,False,True,32.09299850463867,34.39005661010742,False,35.20976638793945,20.008750915527344
4455.5,False,False,32.088218688964844,34.38422775268555,False,35.20976638793945,20.008750915527344
4456.0,False,False,32.083438873291016,34.37839889526367,False,35.20976638793945,20.008750915527344
4456.5,False,False,32.07866287231445,34.3725700378418,False,35.20976638793945,20.008750915527344
4457.0,False,False,32.07388687133789,34.36674880981445,False,35.20976638793945,20.008750915527344
4457.5,False,False,32.06911087036133,34.36092758178711,False,35.20976638793945,20.008750915527344
4458.0,False,True,32.06433868408203,34.355106353759766,False,35.20976638793945,20.008750915527344
4458.5,False,False,32.0595703125,34.34929275512695,False,35.20976638793945,20.008750915527344
4459.0,False,False,32.05480194091797,34.34347915649414,False,35.20976638793945,20.008750915527344
4459.5,False,False,32.0500373840332,34.337669372558594,False,35.20976638793945,20.008750915527344
4460.0,False,False,32.04527282714844,34.33185958862305,False,35.20976638793945,20.008750915527344
4460.5,False,False,32.04050827026367,34.32605743408203,False,35.20976638793945,20.008750915527344
4461.0,False,True,32.03574752807617,34.320255279541016,False,35.20976638793945,20.008750915527344
4461.5,False,False,32.03099060058594,34.314453125,False,35.20976638793945,20.008750915527344
4462.0,False,False,32.0262336730957,34.30865478515625,False,35.20976638793945,20.008750915527344
4462.5,False,False,32.02147674560547,34.302860260009766,False,35.20976638793945,20.008750915527344
4463.0,False,False,32.0167236328125,34.29706954956055,False,35.20976638793945,20.008750915527344
4463.5,False,False,32.0119743347168,34.29127883911133,False,35.20976638793945,20.008750915527344
4464.0,False,True,32.007225036621094,34.28549575805664,False,35.20976638793945,20.008750915527344
4464.5,False,False,32.00247573852539,34.27970886230469,False,35.20976638793945,20.008750915527344
4465.0,False,False,31.997730255126953,34.273929595947266,False,35.20976638793945,20.008750915527344
4465.5,False,False,31.99298667907715,34.268150329589844,False,35.20976638793945,20.008750915527344
4466.0,False,False,31.988245010375977,34.26237487792969,False,35.20976638793945,20.008750915527344
4466.5,False,False,31.983505249023438,34.25659942626953,False,35.20976638793945,20.008750915527344
4467.0,False,True,31.97876739501953,34.25082778930664,False,35.20976638793945,20.008750915527344
4467.5,False,False,31.974031448364258,34.245059967041016,False,35.20976638793945,20.008750915527344
4468.0,False,False,31.969297409057617,34.239295959472656,False,35.20976638793945,20.008750915527344
4468.5,False,False,31.96456527709961,34.2335319519043,False,35.20976638793945,20.008750915527344
4469.0,False,False,31.9598331451416,34.2277717590332,False,35.20976638793945,20.008750915527344
4469.5,False,False,31.95510482788086,34.222015380859375,False,35.20976638793945,20.008750915527344
4470.0,False,True,31.95037841796875,34.21625900268555,False,35.20976638793945,20.008750915527344
4470.5,False,False,31.945653915405273,34.210506439208984,False,35.20976638793945,20.008750915527344
4471.0,False,False,31.94093132019043,34.20475769042969,False,35.20976638793945,20.008750915527344
4471.5,False,False,31.936208724975586,34.19900894165039,False,35.20976638793945,20.008750915527344
4472.0,False,False,31.931489944458008,34.19326400756836,False,35.20976638793945,20.008750915527344
4472.5,False,False,31.926773071289062,34.187522888183594,False,35.20976638793945,20.008750915527344
4473.0,False,True,31.92205810546875,34.18178176879883,False,35.20976638793945,20.008750915527344
4473.5,False,False,31.917343139648438,34.17604446411133,False,35.20976638793945,20.008750915527344
4474.0,False,False,31.91263198852539,34.170310974121094,False,35.20976638793945,20.008750915527344
4474.5,False,False,31.907922744750977,34.164581298828125,False,35.20976638793945,20.008750915527344
4475.0,False,False,31.903213500976562,34.158851623535156,False,35.20976638793945,20.008750915527344
4475.5,False,False,31.898508071899414,34.15312576293945,False,35.20976638793945,20.008750915527344
4476.0,False,True,31.8938045501709,34.14739990234375,False,35.20976638793945,20.008750915527344
4476.5,False,False,31.889101028442383,34.14167785644531,False,35.20976638793945,20.008750915527344
4477.0,False,False,31.884401321411133,34.13595962524414,False,35.20976638793945,20.008750915527344
4477.5,False,False,31.879703521728516,34.130245208740234,False,35.20976638793945,20.008750915527344
4478.0,False,False,31.8750057220459,34.12453079223633,False,35.20976638793945,20.008750915527344
4478.5,False,False,31.870311737060547,34.11882019042969,False,35.20976638793945,20.008750915527344
4479.0,False,True,31.865617752075195,34.11310958862305,False,35.20976638793945,20.008750915527344
4479.5,False,False,31.86092758178711,34.10740661621094,False,35.20976638793945,20.008750915527344
4480.0,False,False,31.856239318847656,34.10169982910156,False,35.20976638793945,20.008750915527344
4480.5,False,False,31.851551055908203,34.09600067138672,False,35.20976638793945,20.008750915527344
4481.0,False,False,31.846866607666016,34.090301513671875,False,35.20976638793945,20.008750915527344
4481.5,False,False,31.842182159423828,34.0846061706543,False,35.20976638793945,20.008750915527344
4482.0,False,True,31.837501525878906,34.078914642333984,False,35.20976638793945,20.008750915527344
4482.5,False,False,31.832820892333984,34.07322311401367,False,35.20976638793945,20.008750915527344
4483.0,False,False,31.828144073486328,34.067535400390625,False,35.20976638793945,20.008750915527344
4483.5,False,False,31.823467254638672,34.061851501464844,False,35.20976638793945,20.008750915527344
4484.0,False,False,31.81879425048828,34.05616760253906,False,35.20976638793945,20.008750915527344
4484.5,False,False,31.81412124633789,34.05048751831055,False,35.20976638793945,20.008750915527344
4485.0,False,True,31.809452056884766,34.0448112487793,False,35.20976638793945,20.008750915527344
4485.5,False,False,31.80478286743164,34.03913497924805,False,35.20976638793945,20.008750915527344
4486.0,False,False,31.80011558532715,34.03346252441406,False,35.20976638793945,20.008750915527344
4486.5,False,False,31.795452117919922,34.027793884277344,False,35.20976638793945,20.008750915527344
4487.0,False,False,31.790788650512695,34.022125244140625,False,35.20976638793945,20.008750915527344
4487.5,False,False,31.786128997802734,34.01646041870117,False,35.20976638793945,20.008750915527344
4488.0,False,True,31.781469345092773,34.010799407958984,False,35.20976638793945,20.008750915527344
4488.5,False,False,31.776811599731445,34.0051383972168,False,35.20976638793945,20.008750915527344
4489.0,False,False,31.772157669067383,33.999481201171875,False,35.20976638793945,20.008750915527344
4489.5,False,False,31.76750373840332,33.99382781982422,False,35.20976638793945,20.008750915527344
4490.0,False,False,31.76285171508789,33.98817443847656,False,35.20976638793945,20.008750915527344
4490.5,False,False,31.758203506469727,33.98252487182617,False,35.20976638793945,20.008750915527344
4491.0,False,True,31.753555297851562,33.97687911987305,False,35.20976638793945,20.008750915527344
4491.5,False,False,31.74890899658203,33.97123336791992,False,35.20976638793945,20.008750915527344
4492.0,False,False,31.744266510009766,33.96559143066406,False,35.20976638793945,20.008750915527344
4492.5,False,False,31.7396240234375,33.95995330810547,False,35.20976638793945,20.008750915527344
4493.0,False,False,31.734983444213867,33.954315185546875,False,35.20976638793945,20.008750915527344
4493.5,False,False,31.7303466796875,33.94868087768555,False,35.20976638793945,20.008750915527344
4494.0,False,True,31.725709915161133,33.94304656982422,False,35.20976638793945,20.008750915527344
4494.5,False,False,31.7210750579834,33.93741989135742,False,35.20976638793945,20.008750915527344
4495.0,False,False,31.716442108154297,33.931793212890625,False,35.20976638793945,20.008750915527344
4495.5,False,False,31.71181297302246,33.92616653442383,False,35.20976638793945,20.008750915527344
4496.0,False,False,31.707183837890625,33.92054748535156,False,35.20976638793945,20.008750915527344
4496.5,False,False,31.702556610107422,33.9149284362793,False,35.20976638793945,20.008750915527344
4497.0,False,True,31.69793128967285,33.90930938720703,False,35.20976638793945,20.008750915527344
4497.5,False,False,31.693307876586914,33.9036979675293,False,35.20976638793945,20.008750915527344
4498.0,False,False,31.688688278198242,33.8980827331543,False,35.20976638793945,20.008750915527344
4498.5,False,False,31.68406867980957,33.89247512817383,False,35.20976638793945,20.008750915527344
4499.0,False,False,31.67945098876953,33.88686752319336,False,35.20976638793945,20.008750915527344
4499.5,False,False,31.674835205078125,33.881263732910156,False,35.20976638793945,20.008750915527344
4500.0,False,True,31.67022132873535,33.87566375732422,False,35.20976638793945,20.008750915527344
4500.5,False,False,31.66560935974121,33.87006378173828,False,35.20976638793945,20.008750915527344
4501.0,False,False,31.660999298095703,33.86446762084961,False,35.20976638793945,20.008750915527344
4501.5,False,False,31.65639305114746,33.85887145996094,False,35.20976638793945,20.008750915527344
4502.0,False,False,31.65178680419922,33.8532829284668,False,35.20976638793945,20.008750915527344
4502.5,False,False,31.64718246459961,33.84769058227539,False,35.20976638793945,20.008750915527344
4503.0,False,True,31.642580032348633,33.842105865478516,False,35.20976638793945,20.008750915527344
4503.5,False,False,31.63797950744629,33.83652114868164,False,35.20976638793945,20.008750915527344
4504.0,False,False,31.633380889892578,33.83094024658203,False,35.20976638793945,20.008750915527344
4504.5,False,False,31.6287841796875,33.82535934448242,False,35.20976638793945,20.008750915527344
4505.0,False,False,31.624189376831055,33.819786071777344,False,35.20976638793945,20.008750915527344
4505.5,False,False,31.619596481323242,33.814208984375,False,35.20976638793945,20.008750915527344
4506.0,False,True,31.615005493164062,33.80863952636719,False,35.20976638793945,20.008750915527344
4506.5,False,False,31.610416412353516,33.803070068359375,False,35.20976638793945,20.008750915527344
4507.0,False,False,31.6058292388916,33.79750442504883,False,35.20976638793945,20.008750915527344
4507.5,False,False,31.60124397277832,33.79193878173828,False,35.20976638793945,20.008750915527344
4508.0,False,False,31.596660614013672,33.786376953125,False,35.20976638793945,20.008750915527344
4508.5,False,False,31.592079162597656,33.780818939208984,False,35.20976638793945,20.008750915527344
4509.0,False,True,31.587499618530273,33.77526092529297,False,35.20976638793945,20.008750915527344
4509.5,False,False,31.582921981811523,33.76970672607422,False,35.20976638793945,20.008750915527344
4510.0,False,False,31.578344345092773,33.764156341552734,False,35.20976638793945,20.008750915527344
4510.5,False,False,31.57377052307129,33.75860595703125,False,35.20976638793945,20.008750915527344
4511.0,False,False,31.569198608398438,33.75305938720703,False,35.20976638793945,20.008750915527344
4511.5,False,False,31.56462860107422,33.74751281738281,False,35.20976638793945,20.008750915527344
4512.0,False,True,31.560060501098633,33.741973876953125,False,35.20976638793945,20.008750915527344
4512.5,False,False,31.55549430847168,33.73643493652344,False,35.20976638793945,20.008750915527344
4513.0,False,False,31.55093002319336,33.73089599609375,False,35.20976638793945,20.008750915527344
4513.5,False,False,31.54636573791504,33.72536087036133,False,35.20976638793945,20.008750915527344
4514.0,False,False,31.541805267333984,33.71982955932617,False,35.20976638793945,20.008750915527344
4514.5,False,False,31.537246704101562,33.71430206298828,False,35.20976638793945,20.008750915527344
4515.0,False,True,31.532690048217773,33.70877456665039,False,35.20976638793945,20.008750915527344
4515.5,False,False,31.528135299682617,33.7032470703125,False,35.20976638793945,20.008750915527344
4516.0,False,False,31.52358055114746,33.69772720336914,False,35.20976638793945,20.008750915527344
4516.5,False,False,31.51902961730957,33.69220733642578,False,35.20976638793945,20.008750915527344
4517.0,False,False,31.514480590820312,33.68669128417969,False,35.20976638793945,20.008750915527344
4517.5,False,False,31.509933471679688,33.681175231933594,False,35.20976638793945,20.008750915527344
4518.0,False,True,31.505386352539062,33.675662994384766,False,35.20976638793945,20.008750915527344
4518.5,False,False,31.500843048095703,33.6701545715332,False,35.20976638793945,20.008750915527344
4519.0,False,False,31.496301651000977,33.66464614868164,False,35.20976638793945,20.008750915527344
4519.5,False,False,31.49176025390625,33.659141540527344,False,35.20976638793945,20.008750915527344
4520.0,False,False,31.48722267150879,33.65363693237305,False,35.20976638793945,20.008750915527344
4520.5,False,False,31.482685089111328,33.64813995361328,False,35.20976638793945,20.008750915527344
4521.0,False,True,31.478151321411133,33.64263916015625,False,35.20976638793945,20.008750915527344
4521.5,False,False,31.47361946105957,33.63714599609375,False,35.20976638793945,20.008750915527344
4522.0,False,False,31.469087600708008,33.63165283203125,False,35.20976638793945,20.008750915527344
4522.5,False,False,31.46455955505371,33.626163482666016,False,35.20976638793945,20.008750915527344
4523.0,False,False,31.460031509399414,33.62067413330078,False,35.20976638793945,20.008750915527344
4523.5,False,False,31.455507278442383,33.61518859863281,False,35.20976638793945,20.008750915527344
4524.0,False,True,31.45098304748535,33.60970687866211,False,35.20976638793945,20.008750915527344
4524.5,False,False,31.446462631225586,33.604225158691406,False,35.20976638793945,20.008750915527344
4525.0,False,False,31.44194221496582,33.59874725341797,False,35.20976638793945,20.008750915527344
4525.5,False,False,31.43742561340332,33.5932731628418,False,35.20976638793945,20.008750915527344
4526.0,False,False,31.43290901184082,33.587799072265625,False,35.20976638793945,20.008750915527344
4526.5,False,False,31.428396224975586,33.58232879638672,False,35.20976638793945,20.008750915527344
4527.0,False,True,31.42388343811035,33.57685852050781,False,35.20976638793945,20.008750915527344
4527.5,False,False,31.419374465942383,33.57139205932617,False,35.20976638793945,20.008750915527344
4528.0,False,False,31.414865493774414,33.5659294128418,False,35.20976638793945,20.008750915527344
4528.5,False,False,31.410358428955078,33.56047058105469,False,35.20976638793945,20.008750915527344
4529.0,False,False,31.405855178833008,33.55501174926758,False,35.20976638793945,20.008750915527344
4529.5,False,False,31.401351928710938,33.54955291748047,False,35.20976638793945,20.008750915527344
4530.0,False,True,31.3968505859375,33.54410171508789,False,35.20976638793945,20.008750915527344
4530.5,False,False,31.392353057861328,33.53865051269531,False,35.20976638793945,20.008750915527344
4531.0,False,False,31.387855529785156,33.533199310302734,False,35.20976638793945,20.008750915527344
4531.5,False,False,31.383359909057617,33.52775192260742,False,35.20976638793945,20.008750915527344
4532.0,False,False,31.37886619567871,33.522308349609375,False,35.20976638793945,20.008750915527344
4532.5,False,False,31.37437629699707,33.516868591308594,False,35.20976638793945,20.008750915527344
4533.0,False,True,31.36988639831543,33.51142883300781,False,35.20976638793945,20.008750915527344
4533.5,False,False,31.365398406982422,33.5059928894043,False,35.20976638793945,20.008750915527344
4534.0,False,False,31.360912322998047,33.50055694580078,False,35.20976638793945,20.008750915527344
4534.5,False,False,31.356428146362305,33.49512481689453,False,35.20976638793945,20.008750915527344
4535.0,False,False,31.351947784423828,33.48969650268555,False,35.20976638793945,20.008750915527344
4535.5,False,False,31.34746742248535,33.48426818847656,False,35.20976638793945,20.008750915527344
4536.0,False,True,31.342988967895508,33.478843688964844,False,35.20976638793945,20.008750915527344
4536.5,False,False,31.338512420654297,33.473419189453125,False,35.20976638793945,20.008750915527344
4537.0,False,False,31.33403778076172,33.46800231933594,False,35.20976638793945,20.008750915527344
4537.5,False,False,31.329565048217773,33.462581634521484,False,35.20976638793945,20.008750915527344
4538.0,False,False,31.32509422302246,33.45716857910156,False,35.20976638793945,20.008750915527344
4538.5,False,False,31.32062530517578,33.45175552368164,False,35.20976638793945,20.008750915527344
4539.0,False,True,31.316158294677734,33.446346282958984,False,35.20976638793945,20.008750915527344
4539.5,False,False,31.31169319152832,33.44093704223633,False,35.20976638793945,20.008750915527344
4540.0,False,False,31.30722999572754,33.43553161621094,False,35.20976638793945,20.008750915527344
4540.5,False,False,31.30276870727539,33.43012619018555,False,35.20976638793945,20.008750915527344
4541.0,False,False,31.298309326171875,33.42472839355469,False,35.20976638793945,20.008750915527344
4541.5,False,False,31.293851852416992,33.41932678222656,False,35.20976638793945,20.008750915527344
4542.0,False,True,31.28939437866211,33.41393280029297,False,35.20976638793945,20.008750915527344
4542.5,False,False,31.284940719604492,33.408538818359375,False,35.20976638793945,20.008750915527344
4543.0,False,False,31.280488967895508,33.40314865112305,False,35.20976638793945,20.008750915527344
4543.5,False,False,31.276039123535156,33.39775848388672,False,35.20976638793945,20.008750915527344
4544.0,False,False,31.271591186523438,33.392372131347656,False,35.20976638793945,20.008750915527344
4544.5,False,False,31.26714324951172,33.386985778808594,False,35.20976638793945,20.008750915527344
4545.0,False,True,31.262699127197266,33.38160705566406,False,35.20976638793945,20.008750915527344
4545.5,False,False,31.258256912231445,33.376224517822266,False,35.20976638793945,20.008750915527344
4546.0,False,False,31.253814697265625,33.370849609375,False,35.20976638793945,20.008750915527344
4546.5,False,False,31.24937629699707,33.365474700927734,False,35.20976638793945,20.008750915527344
4547.0,False,False,31.24493980407715,33.360103607177734,False,35.20976638793945,20.008750915527344
4547.5,False,False,31.240503311157227,33.354732513427734,False,35.20976638793945,20.008750915527344
4548.0,False,True,31.23607063293457,33.349365234375,False,35.20976638793945,20.008750915527344
4548.5,False,False,31.231637954711914,33.343997955322266,False,35.20976638793945,20.008750915527344
4549.0,False,False,31.227209091186523,33.33863830566406,False,35.20976638793945,20.008750915527344
4549.5,False,False,31.222780227661133,33.333274841308594,False,35.20976638793945,20.008750915527344
4550.0,False,False,31.218355178833008,33.327919006347656,False,35.20976638793945,20.008750915527344
4550.5,False,False,31.213930130004883,33.32256317138672,False,35.20976638793945,20.008750915527344
4551.0,False,True,31.209508895874023,33.31721115112305,False,35.20976638793945,20.008750915527344
4551.5,False,False,31.205087661743164,33.311859130859375,False,35.20976638793945,20.008750915527344
4552.0,False,False,31.20067024230957,33.30651092529297,False,35.20976638793945,20.008750915527344
4552.5,False,False,31.196252822875977,33.30116271972656,False,35.20976638793945,20.008750915527344
4553.0,False,False,31.191837310791016,33.29581832885742,False,35.20976638793945,20.008750915527344
4553.5,False,False,31.18742561340332,33.29047775268555,False,35.20976638793945,20.008750915527344
4554.0,False,True,31.183013916015625,33.28513717651367,False,35.20976638793945,20.008750915527344
4554.5,False,False,31.178604125976562,33.27980041503906,False,35.20976638793945,20.008750915527344
4555.0,False,False,31.174196243286133,33.27446746826172,False,35.20976638793945,20.008750915527344
4555.5,False,False,31.169790267944336,33.269134521484375,False,35.20976638793945,20.008750915527344
4556.0,False,False,31.165388107299805,33.2638053894043,False,35.20976638793945,20.008750915527344
4556.5,False,False,31.160985946655273,33.258480072021484,False,35.20976638793945,20.008750915527344
4557.0,False,True,31.156585693359375,33.25315475463867,False,35.20976638793945,20.008750915527344
4557.5,False,False,31.15218734741211,33.24782943725586,False,35.20976638793945,20.008750915527344
4558.0,False,False,31.147790908813477,33.24251174926758,False,35.20976638793945,20.008750915527344
4558.5,False,False,31.143396377563477,33.23719024658203,False,35.20976638793945,20.008750915527344
4559.0,False,False,31.13900375366211,33.231876373291016,False,35.20976638793945,20.008750915527344
4559.5,False,False,31.134613037109375,33.2265625,False,35.20976638793945,20.008750915527344
4560.0,False,True,31.130224227905273,33.22125244140625,False,35.20976638793945,20.008750915527344
4560.5,False,False,31.125837326049805,33.2159423828125,False,35.20976638793945,20.008750915527344
4561.0,False,False,31.12145233154297,33.210636138916016,False,35.20976638793945,20.008750915527344
4561.5,False,False,31.117067337036133,33.2053337097168,False,35.20976638793945,20.008750915527344
4562.0,False,False,31.112686157226562,33.20003128051758,False,35.20976638793945,20.008750915527344
4562.5,False,False,31.108306884765625,33.194732666015625,False,35.20976638793945,20.008750915527344
4563.0,False,True,31.10392951965332,33.18943405151367,False,35.20976638793945,20.008750915527344
4563.5,False,False,31.09955406188965,33.184139251708984,False,35.20976638793945,20.008750915527344
4564.0,False,False,31.095178604125977,33.17884826660156,False,35.20976638793945,20.008750915527344
4564.5,False,False,31.09080696105957,33.17355728149414,False,35.20976638793945,20.008750915527344
4565.0,False,False,31.086435317993164,33.168270111083984,False,35.20976638793945,20.008750915527344
4565.5,False,False,31.082067489624023,33.162986755371094,False,35.20976638793945,20.008750915527344
4566.0,False,True,31.077701568603516,33.1577033996582,False,35.20976638793945,20.008750915527344
4566.5,False,False,31.073335647583008,33.15242004394531,False,35.20976638793945,20.008750915527344
4567.0,False,False,31.068973541259766,33.14714431762695,False,35.20976638793945,20.008750915527344
4567.5,False,False,31.064611434936523,33.141868591308594,False,35.20976638793945,20.008750915527344
4568.0,False,False,31.060253143310547,33.136592864990234,False,35.20976638793945,20.008750915527344
4568.5,False,False,31.05589485168457,33.13132095336914,False,35.20976638793945,20.008750915527344
4569.0,False,True,31.051538467407227,33.12605285644531,False,35.20976638793945,20.008750915527344
4569.5,False,False,31.04718589782715,33.12078857421875,False,35.20976638793945,20.008750915527344
4570.0,False,False,31.04283332824707,33.11552047729492,False,35.20976638793945,20.008750915527344
4570.5,False,False,31.038482666015625,33.110260009765625,False,35.20976638793945,20.008750915527344
4571.0,False,False,31.034133911132812,33.10499954223633,False,35.20976638793945,20.008750915527344
4571.5,False,False,31.029788970947266,33.0997428894043,False,35.20976638793945,20.008750915527344
4572.0,False,True,31.02544403076172,33.094486236572266,False,35.20976638793945,20.008750915527344
4572.5,False,False,31.021100997924805,33.0892333984375,False,35.20976638793945,20.008750915527344
4573.0,False,False,31.016759872436523,33.083984375,False,35.20976638793945,20.008750915527344
4573.5,False,False,31.012420654296875,33.0787353515625,False,35.20976638793945,20.008750915527344
4574.0,False,False,31.00808334350586,33.073490142822266,False,35.20976638793945,20.008750915527344
4574.5,False,False,31.003747940063477,33.06824493408203,False,35.20976638793945,20.008750915527344
4575.0,False,True,30.999414443969727,33.06300735473633,False,35.20976638793945,20.008750915527344
4575.5,False,False,30.99508285522461,33.05776596069336,False,35.20976638793945,20.008750915527344
4576.0,False,False,30.990751266479492,33.052528381347656,False,35.20976638793945,20.008750915527344
4576.5,False,False,30.98642349243164,33.04729461669922,False,35.20976638793945,20.008750915527344
4577.0,False,False,30.982097625732422,33.04206466674805,False,35.20976638793945,20.008750915527344
4577.5,False,False,30.977773666381836,33.036834716796875,False,35.20976638793945,20.008750915527344
4578.0,False,True,30.973451614379883,33.0316047668457,False,35.20976638793945,20.008750915527344
4578.5,False,False,30.96912956237793,33.02638244628906,False,35.20976638793945,20.008750915527344
4579.0,False,False,30.964811325073242,33.021156311035156,False,35.20976638793945,20.008750915527344
4579.5,False,False,30.960493087768555,33.01593780517578,False,35.20976638793945,20.008750915527344
4580.0,False,False,30.956178665161133,33.010719299316406,False,35.20976638793945,20.008750915527344
4580.5,False,False,30.95186424255371,33.0055046081543,False,35.20976638793945,20.008750915527344
4581.0,False,True,30.947553634643555,33.00028991699219,False,35.20976638793945,20.008750915527344
4581.5,False,False,30.9432430267334,32.995079040527344,False,35.20976638793945,20.008750915527344
4582.0,False,False,30.938936233520508,32.9898681640625,False,35.20976638793945,20.008750915527344
4582.5,False,False,30.934629440307617,32.98466110229492,False,35.20976638793945,20.008750915527344
4583.0,False,False,30.93032455444336,32.97945785522461,False,35.20976638793945,20.008750915527344
4583.5,False,False,30.926023483276367,32.9742546081543,False,35.20976638793945,20.008750915527344
4584.0,False,True,30.921722412109375,32.96905517578125,False,35.20976638793945,20.008750915527344
4584.5,False,False,30.917423248291016,32.9638557434082,False,35.20976638793945,20.008750915527344
4585.0,False,False,30.91312599182129,32.95866012573242,False,35.20976638793945,20.008750915527344
4585.5,False,False,30.908830642700195,32.953468322753906,False,35.20976638793945,20.008750915527344
4586.0,False,False,30.904537200927734,32.94827651977539,False,35.20976638793945,20.008750915527344
4586.5,False,False,30.900245666503906,32.94308853149414,False,35.20976638793945,20.008750915527344
4587.0,False,True,30.89595603942871,32.937904357910156,False,35.20976638793945,20.008750915527344
4587.5,False,False,30.89166831970215,32.93272018432617,False,35.20976638793945,20.008750915527344
4588.0,False,False,30.88738250732422,32.92753601074219,False,35.20976638793945,20.008750915527344
4588.5,False,False,30.883098602294922,32.922359466552734,False,35.20976638793945,20.008750915527344
4589.0,False,False,30.878814697265625,32.917179107666016,False,35.20976638793945,20.008750915527344
4589.5,False,False,30.874534606933594,32.91200637817383,False,35.20976638793945,20.008750915527344
4590.0,False,True,30.870256423950195,32.90683364868164,False,35.20976638793945,20.008750915527344
4590.5,False,False,30.865978240966797,32.90166091918945,False,35.20976638793945,20.008750915527344
4591.0,False,False,30.861703872680664,32.8964958190918,False,35.20976638793945,20.008750915527344
4591.5,False,False,30.857431411743164,32.891326904296875,False,35.20976638793945,20.008750915527344
4592.0,False,False,30.853158950805664,32.886165618896484,False,35.20976638793945,20.008750915527344
4592.5,False,False,30.848888397216797,32.881004333496094,False,35.20976638793945,20.008750915527344
4593.0,False,True,30.844621658325195,32.8758430480957,False,35.20976638793945,20.008750915527344
4593.5,False,False,30.840354919433594,32.870689392089844,False,35.20976638793945,20.008750915527344
4594.0,False,False,30.836091995239258,32.86553192138672,False,35.20976638793945,20.008750915527344
4594.5,False,False,30.831829071044922,32.860382080078125,False,35.20976638793945,20.008750915527344
4595.0,False,False,30.82756805419922,32.85523223876953,False,35.20976638793945,20.008750915527344
4595.5,False,False,30.82330894470215,32.85008239746094,False,35.20976638793945,20.008750915527344
4596.0,False,True,30.81905174255371,32.84493637084961,False,35.20976638793945,20.008750915527344
4596.5,False,False,30.814796447753906,32.83979415893555,False,35.20976638793945,20.008750915527344
4597.0,False,False,30.810543060302734,32.834651947021484,False,35.20976638793945,20.008750915527344
4597.5,False,False,30.806291580200195,32.82951354980469,False,35.20976638793945,20.008750915527344
4598.0,False,False,30.80204200744629,32.824378967285156,False,35.20976638793945,20.008750915527344
4598.5,False,False,30.797794342041016,32.819244384765625,False,35.20976638793945,20.008750915527344
4599.0,False,True,30.793548583984375,32.814109802246094,False,35.20976638793945,20.008750915527344
4599.5,False,False,30.789304733276367,32.808982849121094,False,35.20976638793945,20.008750915527344
4600.0,False,False,30.78506088256836,32.803855895996094,False,35.20976638793945,20.008750915527344
4600.5,False,False,30.780820846557617,32.798728942871094,False,35.20976638793945,20.008750915527344
4601.0,False,False,30.776582717895508,32.79360580444336,False,35.20976638793945,20.008750915527344
4601.5,False,False,30.7723445892334,32.78848648071289,False,35.20976638793945,20.008750915527344
4602.0,False,True,30.768110275268555,32.78336715698242,False,35.20976638793945,20.008750915527344
4602.5,False,False,30.76387596130371,32.77825164794922,False,35.20976638793945,20.008750915527344
4603.0,False,False,30.7596435546875,32.773136138916016,False,35.20976638793945,20.008750915527344
4603.5,False,False,30.755414962768555,32.76802444458008,False,35.20976638793945,20.008750915527344
4604.0,False,False,30.75118637084961,32.762916564941406,False,35.20976638793945,20.008750915527344
4604.5,False,False,30.746959686279297,32.757808685302734,False,35.20976638793945,20.008750915527344
4605.0,False,True,30.742734909057617,32.75270080566406,False,35.20976638793945,20.008750915527344
4605.5,False,False,30.738513946533203,32.74760055541992,False,35.20976638793945,20.008750915527344
4606.0,False,False,30.73429298400879,32.74250030517578,False,35.20976638793945,20.008750915527344
4606.5,False,False,30.730073928833008,32.73740005493164,False,35.20976638793945,20.008750915527344
4607.0,False,False,30.72585678100586,32.732303619384766,False,35.20976638793945,20.008750915527344
4607.5,False,False,30.72163963317871,32.727210998535156,False,35.20976638793945,20.008750915527344
4608.0,False,True,30.717426300048828,32.72211837768555,False,35.20976638793945,20.008750915527344
4608.5,False,False,30.713214874267578,32.7170295715332,False,35.20976638793945,20.008750915527344
4609.0,False,False,30.70900535583496,32.71194076538086,False,35.20976638793945,20.008750915527344
4609.5,False,False,30.704795837402344,32.70685577392578,False,35.20976638793945,20.008750915527344
4610.0,False,False,30.700590133666992,32.70177459716797,False,35.20976638793945,20.008750915527344
4610.5,False,False,30.696386337280273,32.696693420410156,False,35.20976638793945,20.008750915527344
4611.0,False,True,30.692182540893555,32.69161605834961,False,35.20976638793945,20.008750915527344
4611.5,False,False,30.6879825592041,32.68653869628906,False,35.20976638793945,20.008750915527344
4612.0,False,False,30.68378257751465,32.68146514892578,False,35.20976638793945,20.008750915527344
4612.5,False,False,30.679584503173828,32.676395416259766,False,35.20976638793945,20.008750915527344
4613.0,False,False,30.67538833618164,32.67132568359375,False,35.20976638793945,20.008750915527344
4613.5,False,False,30.67119598388672,32.666255950927734,False,35.20976638793945,20.008750915527344
4614.0,False,True,30.667003631591797,32.66119384765625,False,35.20976638793945,20.008750915527344
4614.5,False,False,30.662813186645508,32.6561279296875,False,35.20976638793945,20.008750915527344
4615.0,False,False,30.65862464904785,32.65106964111328,False,35.20976638793945,20.008750915527344
4615.5,False,False,30.654438018798828,32.64601135253906,False,35.20976638793945,20.008750915527344
4616.0,False,False,30.650253295898438,32.640953063964844,False,35.20976638793945,20.008750915527344
4616.5,False,False,30.64607048034668,32.635902404785156,False,35.20976638793945,20.008750915527344
4617.0,False,True,30.641887664794922,32.6308479309082,False,35.20976638793945,20.008750915527344
4617.5,False,False,30.63770866394043,32.62580108642578,False,35.20976638793945,20.008750915527344
4618.0,False,False,30.63353157043457,32.620750427246094,False,35.20976638793945,20.008750915527344
4618.5,False,False,30.62935447692871,32.61570739746094,False,35.20976638793945,20.008750915527344
4619.0,False,False,30.625181198120117,32.61066436767578,False,35.20976638793945,20.008750915527344
4619.5,False,False,30.621007919311523,32.60562515258789,False,35.20976638793945,20.008750915527344
4620.0,False,True,30.616838455200195,32.6005859375,False,35.20976638793945,20.008750915527344
4620.5,False,False,30.612668991088867,32.59554672241211,False,35.20976638793945,20.008750915527344
4621.0,False,False,30.608501434326172,32.59051513671875,False,35.20976638793945,20.008750915527344
4621.5,False,False,30.60433578491211,32.58548355102539,False,35.20976638793945,20.008750915527344
4622.0,False,False,30.60017204284668,32.58045196533203,False,35.20976638793945,20.008750915527344
4622.5,False,False,30.596010208129883,32.57542419433594,False,35.20976638793945,20.008750915527344
4623.0,False,True,30.59185028076172,32.57040023803711,False,35.20976638793945,20.008750915527344
4623.5,False,False,30.587692260742188,32.56537628173828,False,35.20976638793945,20.008750915527344
4624.0,False,False,30.58353614807129,32.56035614013672,False,35.20976638793945,20.008750915527344
4624.5,False,False,30.579381942749023,32.555335998535156,False,35.20976638793945,20.008750915527344
4625.0,False,False,30.57522964477539,32.55031967163086,False,35.20976638793945,20.008750915527344
4625.5,False,False,30.571077346801758,32.54530715942383,False,35.20976638793945,20.008750915527344
4626.0,False,True,30.56692886352539,32.5402946472168,False,35.20976638793945,20.008750915527344
4626.5,False,False,30.562782287597656,32.53528594970703,False,35.20976638793945,20.008750915527344
4627.0,False,False,30.558635711669922,32.530277252197266,False,35.20976638793945,20.008750915527344
4627.5,False,False,30.55449104309082,32.525272369384766,False,35.20976638793945,20.008750915527344
4628.0,False,False,30.550350189208984,32.520267486572266,False,35.20976638793945,20.008750915527344
4628.5,False,False,30.54620933532715,32.51526641845703,False,35.20976638793945,20.008750915527344
4629.0,False,True,30.542070388793945,32.51026916503906,False,35.20976638793945,20.008750915527344
4629.5,False,False,30.537933349609375,32.505271911621094,False,35.20976638793945,20.008750915527344
4630.0,False,False,30.533798217773438,32.500274658203125,False,35.20976638793945,20.008750915527344
4630.5,False,False,30.529664993286133,32.49528503417969,False,35.20976638793945,20.008750915527344
4631.0,False,False,30.52553367614746,32.49029541015625,False,35.20976638793945,20.008750915527344
4631.5,False,False,30.521404266357422,32.48530578613281,False,35.20976638793945,20.008750915527344
4632.0,False,True,30.517276763916016,32.48031997680664,False,35.20976638793945,20.008750915527344
4632.5,False,False,30.51314926147461,32.47533416748047,False,35.20976638793945,20.008750915527344
4633.0,False,False,30.50902557373047,32.47035598754883,False,35.20976638793945,20.008750915527344
4633.5,False,False,30.504901885986328,32.46537399291992,False,35.20976638793945,20.008750915527344
4634.0,False,False,30.500782012939453,32.46039962768555,False,35.20976638793945,20.008750915527344
4634.5,False,False,30.496662139892578,32.455421447753906,False,35.20976638793945,20.008750915527344
4635.0,False,True,30.49254608154297,32.4504508972168,False,35.20976638793945,20.008750915527344
4635.5,False,False,30.48843002319336,32.44548034667969,False,35.20976638793945,20.008750915527344
4636.0,False,False,30.484315872192383,32.44050979614258,False,35.20976638793945,20.008750915527344
4636.5,False,False,30.48020362854004,32.435543060302734,False,35.20976638793945,20.008750915527344
4637.0,False,False,30.476093292236328,32.430580139160156,False,35.20976638793945,20.008750915527344
4637.5,False,False,30.47198486328125,32.42561721801758,False,35.20976638793945,20.008750915527344
4638.0,False,True,30.467878341674805,32.420658111572266,False,35.20976638793945,20.008750915527344
4638.5,False,False,30.463773727416992,32.41569900512695,False,35.20976638793945,20.008750915527344
4639.0,False,False,30.45966911315918,32.410743713378906,False,35.20976638793945,20.008750915527344
4639.5,False,False,30.455568313598633,32.405792236328125,False,35.20976638793945,20.008750915527344
4640.0,False,False,30.45146942138672,32.400840759277344,False,35.20976638793945,20.008750915527344
4640.5,False,False,30.447370529174805,32.39589309692383,False,35.20976638793945,20.008750915527344
4641.0,False,True,30.443273544311523,32.39094543457031,False,35.20976638793945,20.008750915527344
4641.5,False,False,30.439180374145508,32.38600158691406,False,35.20976638793945,20.008750915527344
4642.0,False,False,30.435087203979492,32.38105773925781,False,35.20976638793945,20.008750915527344
4642.5,False,False,30.43099594116211,32.37611770629883,False,35.20976638793945,20.008750915527344
4643.0,False,False,30.42690658569336,32.371177673339844,False,35.20976638793945,20.008750915527344
4643.5,False,False,30.422819137573242,32.366241455078125,False,35.20976638793945,20.008750915527344
4644.0,False,True,30.418733596801758,32.36130905151367,False,35.20976638793945,20.008750915527344
4644.5,False,False,30.414649963378906,32.35637664794922,False,35.20976638793945,20.008750915527344
4645.0,False,False,30.410568237304688,32.35144805908203,False,35.20976638793945,20.008750915527344
4645.5,False,False,30.40648651123047,32.346519470214844,False,35.20976638793945,20.008750915527344
4646.0,False,False,30.402408599853516,32.34159469604492,False,35.20976638793945,20.008750915527344
4646.5,False,False,30.398332595825195,32.336669921875,False,35.20976638793945,20.008750915527344
4647.0,False,True,30.394256591796875,32.331748962402344,False,35.20976638793945,20.008750915527344
4647.5,False,False,30.390182495117188,32.32683181762695,False,35.20976638793945,20.008750915527344
4648.0,False,False,30.386112213134766,32.32191467285156,False,35.20976638793945,20.008750915527344
4648.5,False,False,30.382041931152344,32.31700134277344,False,35.20976638793945,20.008750915527344
4649.0,False,False,30.377973556518555,32.31208801269531,False,35.20976638793945,20.008750915527344
4649.5,False,False,30.3739070892334,32.30717849731445,False,35.20976638793945,20.008750915527344
4650.0,False,True,30.369842529296875,32.302268981933594,False,35.20976638793945,20.008750915527344
4650.5,False,False,30.365779876708984,32.29736328125,False,35.20976638793945,20.008750915527344
4651.0,False,False,30.361717224121094,32.29246139526367,False,35.20976638793945,20.008750915527344
4651.5,False,False,30.35765838623047,32.287559509277344,False,35.20976638793945,20.008750915527344
4652.0,False,False,30.353601455688477,32.282657623291016,False,35.20976638793945,20.008750915527344
4652.5,False,False,30.349544525146484,32.27775955200195,False,35.20976638793945,20.008750915527344
4653.0,False,True,30.345491409301758,32.272865295410156,False,35.20976638793945,20.008750915527344
4653.5,False,False,30.34143829345703,32.26797103881836,False,35.20976638793945,20.008750915527344
4654.0,False,False,30.337387084960938,32.26308059692383,False,35.20976638793945,20.008750915527344
4654.5,False,False,30.333337783813477,32.25819396972656,False,35.20976638793945,20.008750915527344
4655.0,False,False,30.32929039001465,32.2533073425293,False,35.20976638793945,20.008750915527344
4655.5,False,False,30.325244903564453,32.24842071533203,False,35.20976638793945,20.008750915527344
4656.0,False,True,30.32120132446289,32.24353790283203,False,35.20976638793945,20.008750915527344
4656.5,False,False,30.31715965270996,32.2386589050293,False,35.20976638793945,20.008750915527344
4657.0,False,False,30.313119888305664,32.23377990722656,False,35.20976638793945,20.008750915527344
4657.5,False,False,30.309080123901367,32.228904724121094,False,35.20976638793945,20.008750915527344
4658.0,False,False,30.305044174194336,32.224029541015625,False,35.20976638793945,20.008750915527344
4658.5,False,False,30.301008224487305,32.21915817260742,False,35.20976638793945,20.008750915527344
4659.0,False,True,30.29697608947754,32.21428680419922,False,35.20976638793945,20.008750915527344
4659.5,False,False,30.292943954467773,32.20941925048828,False,35.20976638793945,20.008750915527344
4660.0,False,False,30.28891372680664,32.20455551147461,False,35.20976638793945,20.008750915527344
4660.5,False,False,30.28488540649414,32.19969177246094,False,35.20976638793945,20.008750915527344
4661.0,False,False,30.280858993530273,32.19483184814453,False,35.20976638793945,20.008750915527344
4661.5,False,False,30.27683448791504,32.189971923828125,False,35.20976638793945,20.008750915527344
4662.0,False,True,30.272811889648438,32.185115814208984,False,35.20976638793945,20.008750915527344
4662.5,False,False,30.26879119873047,32.180259704589844,False,35.20976638793945,20.008750915527344
4663.0,False,False,30.2647705078125,32.17540740966797,False,35.20976638793945,20.008750915527344
4663.5,False,False,30.260753631591797,32.170555114746094,False,35.20976638793945,20.008750915527344
4664.0,False,False,30.256736755371094,32.165706634521484,False,35.20976638793945,20.008750915527344
4664.5,False,False,30.252723693847656,32.16086196899414,False,35.20976638793945,20.008750915527344
4665.0,False,True,30.24871063232422,32.1560173034668,False,35.20976638793945,20.008750915527344
4665.5,False,False,30.244699478149414,32.15117645263672,False,35.20976638793945,20.008750915527344
4666.0,False,False,30.240690231323242,32.14633560180664,False,35.20976638793945,20.008750915527344
4666.5,False,False,30.236682891845703,32.14149475097656,False,35.20976638793945,20.008750915527344
4667.0,False,False,30.232677459716797,32.136661529541016,False,35.20976638793945,20.008750915527344
4667.5,False,False,30.228673934936523,32.13182830810547,False,35.20976638793945,20.008750915527344
4668.0,False,True,30.224672317504883,32.12699508666992,False,35.20976638793945,20.008750915527344
4668.5,False,False,30.220670700073242,32.12216567993164,False,35.20976638793945,20.008750915527344
4669.0,False,False,30.216672897338867,32.117340087890625,False,35.20976638793945,20.008750915527344
4669.5,False,False,30.212675094604492,32.11251449584961,False,35.20976638793945,20.008750915527344
4670.0,False,False,30.20867919921875,32.107688903808594,False,35.20976638793945,20.008750915527344
4670.5,True,False,30.204687118530273,32.102867126464844,True,35.20976638793945,20.04960823059082
4671.0,False,True,30.200695037841797,32.09804916381836,True,35.20976638793945,20.04960823059082
4671.5,False,False,30.196704864501953,32.12159729003906,True,35.20976638793945,20.04960823059082
4672.0,False,False,30.19280433654785,32.145076751708984,True,35.20976638793945,20.04960823059082
4672.5,False,False,30.188993453979492,32.168487548828125,True,35.20976638793945,20.04960823059082
4673.0,False,False,30.185274124145508,32.191829681396484,True,35.20976638793945,20.04960823059082
4673.5,False,False,30.181640625,32.21510314941406,True,35.20976638793945,20.04960823059082
4674.0,False,True,30.178096771240234,32.23830795288086,True,35.20976638793945,20.04960823059082
4674.5,False,False,30.174638748168945,32.261444091796875,True,35.20976638793945,20.04960823059082
4675.0,False,False,30.1712703704834,32.28451156616211,True,35.20976638793945,20.04960823059082
4675.5,False,False,30.167985916137695,32.30751037597656,True,35.20976638793945,20.04960823059082
4676.0,False,False,30.16478729248047,32.330448150634766,True,35.20976638793945,20.04960823059082
4676.5,False,False,30.16167449951172,32.35331726074219,True,35.20976638793945,20.04960823059082
4677.0,False,True,30.158645629882812,32.37611770629883,True,35.20976638793945,20.04960823059082
4677.5,False,False,30.15570068359375,32.39885330200195,True,35.20976638793945,20.04960823059082
4678.0,False,False,30.15283966064453,32.42152786254883,True,35.20976638793945,20.04960823059082
4678.5,False,False,30.150062561035156,32.44413375854492,True,35.20976638793945,20.04960823059082
4679.0,False,False,30.14736557006836,32.4666748046875,True,35.20976638793945,20.04960823059082
4679.5,False,False,30.144752502441406,32.48915481567383,True,35.20976638793945,20.04960823059082
4680.0,False,True,30.14221954345703,32.51156997680664,True,35.20976638793945,20.04960823059082
4680.5,False,False,30.139766693115234,32.53392028808594,True,35.20976638793945,20.04960823059082
4681.0,False,False,30.137393951416016,32.556209564208984,True,35.20976638793945,20.04960823059082
4681.5,False,False,30.135101318359375,32.578433990478516,True,35.20976638793945,20.04960823059082
4682.0,False,False,30.132888793945312,32.6005973815918,True,35.20976638793945,20.04960823059082
4682.5,False,False,30.130752563476562,32.62269973754883,True,35.20976638793945,20.04960823059082
4683.0,False,True,30.12869644165039,32.644737243652344,True,35.20976638793945,20.04960823059082
4683.5,False,False,30.12671661376953,32.666717529296875,True,35.20976638793945,20.04960823059082
4684.0,False,False,30.124814987182617,32.688636779785156,True,35.20976638793945,20.04960823059082
4684.5,False,False,30.122989654541016,32.71049499511719,True,35.20976638793945,20.04960823059082
4685.0,False,False,30.121238708496094,32.73229217529297,True,35.20976638793945,20.04960823059082
4685.5,False,False,30.119564056396484,32.7540283203125,True,35.20976638793945,20.04960823059082
4686.0,False,True,30.117965698242188,32.77570724487305,True,35.20976638793945,20.04960823059082
4686.5,False,False,30.116439819335938,32.797325134277344,True,35.20976638793945,20.04960823059082
4687.0,False,False,30.114988327026367,32.818885803222656,True,35.20976638793945,20.04960823059082
4687.5,False,False,30.113611221313477,32.840389251708984,True,35.20976638793945,20.04960823059082
4688.0,False,False,30.112306594848633,32.86183166503906,True,35.20976638793945,20.04960823059082
4688.5,False,False,30.111074447631836,32.883216857910156,True,35.20976638793945,20.04960823059082
4689.0,False,True,30.109914779663086,32.904544830322266,True,35.20976638793945,20.04960823059082
4689.5,False,False,30.10882568359375,32.925819396972656,True,35.20976638793945,20.04960823059082
4690.0,False,False,30.10780906677246,32.9470329284668,True,35.20976638793945,20.04960823059082
4690.5,False,False,30.106861114501953,32.96819305419922,True,35.20976638793945,20.04960823059082
4691.0,False,False,30.105985641479492,32.98929214477539,True,35.20976638793945,20.04960823059082
4691.5,False,False,30.10517692565918,33.01034164428711,True,35.20976638793945,20.04960823059082
4692.0,False,True,30.10443878173828,33.03133010864258,True,35.20976638793945,20.04960823059082
4692.5,False,False,30.103769302368164,33.05226516723633,True,35.20976638793945,20.04960823059082
4693.0,False,False,30.103168487548828,33.07314682006836,True,35.20976638793945,20.04960823059082
4693.5,False,False,30.102636337280273,33.09397506713867,True,35.20976638793945,20.04960823059082
4694.0,False,False,30.102169036865234,33.11474609375,True,35.20976638793945,20.04960823059082
4694.5,False,False,30.101770401000977,33.13546371459961,True,35.20976638793945,20.04960823059082
4695.0,False,True,30.101436614990234,33.1561279296875,True,35.20976638793945,20.04960823059082
4695.5,False,False,30.101171493530273,33.17673873901367,True,35.20976638793945,20.04960823059082
4696.0,False,False,30.100969314575195,33.19729995727539,True,35.20976638793945,20.04960823059082
4696.5,False,False,30.100833892822266,33.217803955078125,True,35.20976638793945,20.04960823059082
4697.0,False,False,30.10076141357422,33.238258361816406,True,35.20976638793945,20.04960823059082
4697.5,False,False,30.100753784179688,33.25865936279297,True,35.20976638793945,20.04960823059082
4698.0,False,True,30.100811004638672,33.27900695800781,True,35.20976638793945,20.04960823059082
4698.5,False,False,30.10093116760254,33.2993049621582,True,35.20976638793945,20.04960823059082
4699.0,False,False,30.101112365722656,33.31955337524414,True,35.20976638793945,20.04960823059082
4699.5,False,False,30.10135841369629,33.33974838256836,True,35.20976638793945,20.04960823059082
4700.0,False,False,30.101665496826172,33.359893798828125,True,35.20976638793945,20.04960823059082
4700.5,False,False,30.102033615112305,33.37998962402344,True,35.20976638793945,20.04960823059082
4701.0,False,True,30.10246467590332,33.40003204345703,True,35.20976638793945,20.04960823059082
4701.5,False,False,30.102954864501953,33.42002868652344,True,35.20976638793945,20.04960823059082
4702.0,False,False,30.103506088256836,33.439971923828125,True,35.20976638793945,20.04960823059082
4702.5,False,False,30.10411834716797,33.459869384765625,True,35.20976638793945,20.04960823059082
4703.0,False,False,30.10478973388672,33.47971725463867,True,35.20976638793945,20.04960823059082
4703.5,False,False,30.105520248413086,33.499515533447266,True,35.20976638793945,20.04960823059082
4704.0,False,True,30.106307983398438,33.519264221191406,True,35.20976638793945,20.04960823059082
4704.5,False,False,30.10715675354004,33.53896713256836,True,35.20976638793945,20.04960823059082
4705.0,False,False,30.108060836791992,33.55862045288086,True,35.20976638793945,20.04960823059082
4705.5,False,False,30.109024047851562,33.578224182128906,True,35.20976638793945,20.04960823059082
4706.0,False,False,30.110044479370117,33.59778594970703,True,35.20976638793945,20.04960823059082
4706.5,False,False,30.111122131347656,33.6172981262207,True,35.20976638793945,20.04960823059082
4707.0,False,True,30.112255096435547,33.63676071166992,True,35.20976638793945,20.04960823059082
4707.5,False,False,30.113445281982422,33.65618133544922,True,35.20976638793945,20.04960823059082
4708.0,False,False,30.11469078063965,33.67555236816406,True,35.20976638793945,20.04960823059082
4708.5,False,False,30.115989685058594,33.69487762451172,True,35.20976638793945,20.04960823059082
4709.0,False,False,30.117345809936523,33.71416091918945,True,35.20976638793945,20.04960823059082
4709.5,False,False,30.118755340576172,33.733394622802734,True,35.20976638793945,20.04960823059082
4710.0,False,True,30.120220184326172,33.75258255004883,True,35.20976638793945,20.04960823059082
4710.5,False,False,30.12173843383789,33.771728515625,True,35.20976638793945,20.04960823059082
4711.0,False,False,30.123310089111328,33.790828704833984,True,35.20976638793945,20.04960823059082
4711.5,False,False,30.12493324279785,33.80988311767578,True,35.20976638793945,20.04960823059082
4712.0,False,False,30.126611709594727,33.828895568847656,True,35.20976638793945,20.04960823059082
4712.5,False,False,30.128341674804688,33.847862243652344,True,35.20976638793945,20.04960823059082
4713.0,False,True,30.130123138427734,33.86678695678711,True,35.20976638793945,20.04960823059082
4713.5,False,False,30.131956100463867,33.88566589355469,True,35.20976638793945,20.04960823059082
4714.0,False,False,30.133840560913086,33.904502868652344,True,35.20976638793945,20.04960823059082
4714.5,False,False,30.13577651977539,33.92329788208008,True,35.20976638793945,20.04960823059082
4715.0,False,False,30.13776206970215,33.942047119140625,True,35.20976638793945,20.04960823059082
4715.5,False,False,30.13979721069336,33.96075439453125,True,35.20976638793945,20.04960823059082
4716.0,False,True,30.141883850097656,33.97942352294922,True,35.20976638793945,20.04960823059082
4716.5,False,False,30.144020080566406,33.998046875,True,35.20976638793945,20.04960823059082
4717.0,False,False,30.146203994750977,34.01662826538086,True,35.20976638793945,20.04960823059082
4717.5,False,False,30.148439407348633,34.0351676940918,True,35.20976638793945,20.04960823059082
4718.0,False,False,30.150720596313477,34.05366897583008,True,35.20976638793945,20.04960823059082
4718.5,False,False,30.153051376342773,34.07212448120117,True,35.20976638793945,20.04960823059082
4719.0,False,True,30.15542984008789,34.09054183959961,True,35.20976638793945,20.04960823059082
4719.5,False,False,30.157855987548828,34.108917236328125,True,35.20976638793945,20.04960823059082
4720.0,False,False,30.160329818725586,34.127254486083984,True,35.20976638793945,20.04960823059082
4720.5,True,False,30.16284942626953,34.14554977416992,True,35.20976638793945,20.051273345947266
4721.0,False,False,30.165416717529297,34.16380310058594,True,35.20976638793945,20.051273345947266
4721.5,False,False,30.16802978515625,34.1820182800293,True,35.20976638793945,20.051273345947266
4722.0,False,True,30.17068862915039,34.2001953125,True,35.20976638793945,20.051273345947266
4722.5,False,False,30.17339324951172,34.21833419799805,True,35.20976638793945,20.051273345947266
4723.0,False,False,30.1761417388916,34.23643112182617,True,35.20976638793945,20.051273345947266
4723.5,False,False,30.178937911987305,34.25448989868164,True,35.20976638793945,20.051273345947266
4724.0,False,False,30.18177604675293,34.27250671386719,True,35.20976638793945,20.051273345947266
4724.5,False,False,30.184659957885742,34.290489196777344,True,35.20976638793945,20.051273345947266
4725.0,False,True,30.187589645385742,34.308433532714844,True,35.20976638793945,20.051273345947266
4725.5,False,False,30.190561294555664,34.32633590698242,True,35.20976638793945,20.051273345947266
4726.0,False,False,30.193574905395508,34.34420394897461,True,35.20976638793945,20.051273345947266
4726.5,False,False,30.19663429260254,34.36203384399414,True,35.20976638793945,20.051273345947266
4727.0,False,False,30.199735641479492,34.37982177734375,True,35.20976638793945,20.051273345947266
4727.5,False,False,30.202878952026367,34.397579193115234,True,35.20976638793945,20.051273345947266
4728.0,False,True,30.206064224243164,34.4152946472168,True,35.20976638793945,20.051273345947266
4728.5,False,False,30.209293365478516,34.43297576904297,True,35.20976638793945,20.051273345947266
4729.0,False,False,30.212562561035156,34.450618743896484,True,35.20976638793945,20.051273345947266
4729.5,False,False,30.21587371826172,34.46822738647461,True,35.20976638793945,20.051273345947266
4730.0,False,False,30.21922492980957,34.48579788208008,True,35.20976638793945,20.051273345947266
4730.5,False,False,30.222618103027344,34.50333023071289,True,35.20976638793945,20.051273345947266
4731.0,False,True,30.22605323791504,34.52082824707031,True,35.20976638793945,20.051273345947266
4731.5,False,False,30.22952651977539,34.538291931152344,True,35.20976638793945,20.051273345947266
4732.0,False,False,30.23303985595703,34.555721282958984,True,35.20976638793945,20.051273345947266
4732.5,False,False,30.23659324645996,34.57311248779297,True,35.20976638793945,20.051273345947266
4733.0,False,False,30.24018669128418,34.59046936035156,True,35.20976638793945,20.051273345947266
4733.5,False,False,30.243818283081055,34.607791900634766,True,35.20976638793945,20.051273345947266
4734.0,False,True,30.247488021850586,34.62508010864258,True,35.20976638793945,20.051273345947266
4734.5,False,False,30.251197814941406,34.642330169677734,True,35.20976638793945,20.051273345947266
4735.0,False,False,30.254945755004883,34.659549713134766,True,35.20976638793945,20.051273345947266
4735.5,False,False,30.258731842041016,34.676734924316406,True,35.20976638793945,20.051273345947266
4736.0,False,False,30.262556076049805,34.693885803222656,True,35.20976638793945,20.051273345947266
4736.5,False,False,30.266416549682617,34.711002349853516,True,35.20976638793945,20.051273345947266
4737.0,False,True,30.270315170288086,34.728084564208984,True,35.20976638793945,20.051273345947266
4737.5,False,False,30.274250030517578,34.74513244628906,True,35.20976638793945,20.051273345947266
4738.0,False,False,30.278221130371094,34.762149810791016,True,35.20976638793945,20.051273345947266
4738.5,False,False,30.282230377197266,34.77913284301758,True,35.20976638793945,20.051273345947266
4739.0,False,False,30.28627586364746,34.79608154296875,True,35.20976638793945,20.051273345947266
4739.5,False,False,30.290355682373047,34.8129997253418,True,35.20976638793945,20.051273345947266
4740.0,False,True,30.294471740722656,34.82988357543945,True,35.20976638793945,20.051273345947266
4740.5,False,False,30.29862403869629,34.846736907958984,True,35.20976638793945,20.051273345947266
4741.0,False,False,30.302810668945312,34.863555908203125,True,35.20976638793945,20.051273345947266
4741.5,False,False,30.30703353881836,34.88034439086914,True,35.20976638793945,20.051273345947266
4742.0,False,False,30.311290740966797,34.897098541259766,True,35.20976638793945,20.051273345947266
4742.5,False,False,30.315582275390625,34.913822174072266,True,35.20976638793945,20.051273345947266
4743.0,False,True,30.31990623474121,34.93051528930664,True,35.20976638793945,20.051273345947266
4743.5,False,False,30.32426643371582,34.94717788696289,True,35.20976638793945,20.051273345947266
4744.0,False,False,30.328659057617188,34.96380615234375,True,35.20976638793945,20.051273345947266
4744.5,False,False,30.333086013793945,34.98040771484375,True,35.20976638793945,20.051273345947266
4745.0,False,False,30.337547302246094,34.99697494506836,True,35.20976638793945,20.051273345947266
4745.5,False,False,30.342039108276367,35.013511657714844,True,35.20976638793945,20.051273345947266
4746.0,False,True,30.34656524658203,35.0300178527832,True,35.20976638793945,20.051273345947266
4746.5,False,False,30.351123809814453,35.04649353027344,True,35.20976638793945,20.051273345947266
4747.0,False,False,30.355714797973633,35.06294250488281,True,35.20976638793945,20.051273345947266
4747.5,False,False,30.360336303710938,35.0793571472168,True,35.20976638793945,20.051273345947266
4748.0,False,False,30.364992141723633,35.095741271972656,True,35.20976638793945,20.051273345947266
4748.5,False,False,30.369678497314453,35.112098693847656,True,35.20976638793945,20.051273345947266
4749.0,False,True,30.3743953704834,35.12842559814453,True,35.20976638793945,20.051273345947266
4749.5,False,False,30.3791446685791,35.14472198486328,True,35.20976638793945,20.051273345947266
4750.0,False,False,30.38392448425293,35.16099166870117,True,35.20976638793945,20.051273345947266
4750.5,False,False,30.388734817504883,35.17723083496094,True,35.20976638793945,20.051273345947266
4751.0,False,False,30.39357566833496,35.19343948364258,True,35.20976638793945,20.051273345947266
4751.5,False,False,30.398447036743164,35.209617614746094,True,35.20976638793945,20.051273345947266
4752.0,False,True,30.403348922729492,35.225772857666016,True,35.20976638793945,20.051273345947266
4752.5,False,False,30.408279418945312,35.24189376831055,True,35.20976638793945,20.051273345947266
4753.0,False,False,30.413240432739258,35.257991790771484,True,35.20976638793945,20.051273345947266
4753.5,False,False,30.418231964111328,35.27405548095703,True,35.20976638793945,20.051273345947266
4754.0,False,False,30.42325210571289,35.290096282958984,True,35.20976638793945,20.051273345947266
4754.5,False,False,30.428298950195312,35.30610656738281,True,35.20976638793945,20.051273345947266
4755.0,False,True,30.433378219604492,35.32209014892578,True,35.20976638793945,20.051273345947266
4755.5,False,False,30.43848419189453,35.338043212890625,True,35.20976638793945,20.051273345947266
4756.0,False,False,30.443618774414062,35.353973388671875,True,35.20976638793945,20.051273345947266
4756.5,False,False,30.448780059814453,35.369873046875,True,35.20976638793945,20.051273345947266
4757.0,False,False,30.45397186279297,35.385746002197266,True,35.20976638793945,20.051273345947266
4757.5,False,False,30.459190368652344,35.40159225463867,True,35.20976638793945,20.051273345947266
4758.0,False,True,30.464435577392578,35.41740798950195,True,35.20976638793945,20.051273345947266
4758.5,False,False,30.469709396362305,35.43320083618164,True,35.20976638793945,20.051273345947266
4759.0,False,False,30.47500991821289,35.44896697998047,True,35.20976638793945,20.051273345947266
4759.5,False,False,30.480337142944336,35.46470642089844,True,35.20976638793945,20.051273345947266
4760.0,False,False,30.48569107055664,35.48041915893555,True,35.20976638793945,20.051273345947266
4760.5,False,False,30.491073608398438,35.4961051940918,True,35.20976638793945,20.051273345947266
4761.0,False,True,30.49648094177246,35.51176452636719,True,35.20976638793945,20.051273345947266
4761.5,False,False,30.50191307067871,35.52739715576172,True,35.20976638793945,20.051273345947266
4762.0,False,False,30.507373809814453,35.543006896972656,True,35.20976638793945,20.051273345947266
4762.5,False,False,30.512859344482422,35.558589935302734,True,35.20976638793945,20.051273345947266
4763.0,False,False,30.518369674682617,35.57414627075195,True,35.20976638793945,20.051273345947266
4763.5,False,False,30.523906707763672,35.58967590332031,True,35.20976638793945,20.051273345947266
4764.0,False,True,30.529468536376953,35.60518264770508,True,35.20976638793945,20.051273345947266
4764.5,False,False,30.53505516052246,35.620662689208984,True,35.20976638793945,20.051273345947266
4765.0,False,False,30.540666580200195,35.63611602783203,True,35.20976638793945,20.051273345947266
4765.5,False,False,30.546302795410156,35.651546478271484,True,35.20976638793945,20.051273345947266
4766.0,False,False,30.551963806152344,35.666954040527344,True,35.20976638793945,20.051273345947266
4766.5,False,False,30.557649612426758,35.682334899902344,True,35.20976638793945,20.051273345947266
4767.0,False,True,30.563358306884766,35.697689056396484,True,35.20976638793945,20.051273345947266
4767.5,False,False,30.569091796875,35.71302032470703,True,35.20976638793945,20.051273345947266
4768.0,False,False,30.57485008239746,35.728328704833984,True,35.20976638793945,20.051273345947266
4768.5,False,False,30.580631256103516,35.74361038208008,True,35.20976638793945,20.051273345947266
4769.0,False,False,30.586435317993164,35.75886917114258,True,35.20976638793945,20.051273345947266
4769.5,False,False,30.592262268066406,35.774105072021484,True,35.20976638793945,20.051273345947266
4770.0,False,True,30.598114013671875,35.7893180847168,True,35.20976638793945,20.051273345947266
4770.5,True,False,30.603986740112305,35.80450439453125,True,35.20976638793945,20.051273345947266
4771.0,False,False,30.60988426208496,35.81966781616211,True,35.20976638793945,20.051273345947266
4771.5,False,False,30.615802764892578,35.834808349609375,True,35.20976638793945,20.051273345947266
4772.0,False,False,30.62174415588379,35.84992218017578,True,35.20976638793945,20.051273345947266
4772.5,False,False,30.627708435058594,35.86501693725586,True,35.20976638793945,20.051273345947266
4773.0,False,True,30.63369369506836,35.880088806152344,True,35.20976638793945,20.051273345947266
4773.5,False,False,30.63970184326172,35.89513397216797,True,35.20976638793945,20.051273345947266
4774.0,False,False,30.64573097229004,35.910160064697266,True,35.20976638793945,20.051273345947266
4774.5,False,False,30.651782989501953,35.9251594543457,True,35.20976638793945,20.051273345947266
4775.0,False,False,30.657855987548828,35.94013977050781,True,35.20976638793945,20.051273345947266
4775.5,False,False,30.663949966430664,35.95509338378906,True,35.20976638793945,20.051273345947266
4776.0,False,True,30.67006492614746,35.970027923583984,True,35.20976638793945,20.051273345947266
4776.5,False,False,30.67620086669922,35.98493957519531,True,35.20976638793945,20.051273345947266
4777.0,False,False,30.682357788085938,35.99982833862305,True,35.20976638793945,20.051273345947266
4777.5,False,False,30.688533782958984,36.01469421386719,True,35.20976638793945,20.051273345947266
4778.0,False,False,30.694732666015625,36.029541015625,True,35.20976638793945,20.051273345947266
4778.5,False,False,30.700950622558594,36.04436111450195,True,35.20976638793945,20.051273345947266
4779.0,False,True,30.707189559936523,36.05916213989258,True,35.20976638793945,20.051273345947266
4779.5,False,False,30.71344757080078,36.07394027709961,True,35.20976638793945,20.051273345947266
4780.0,False,False,30.7197265625,36.08869934082031,True,35.20976638793945,20.051273345947266
4780.5,False,False,30.726024627685547,36.10343551635742,True,35.20976638793945,20.051273345947266
4781.0,False,False,30.732341766357422,36.11814880371094,True,35.20976638793945,20.051273345947266
4781.5,False,False,30.738679885864258,36.132843017578125,True,35.20976638793945,20.051273345947266
4782.0,False,True,30.74503517150879,36.14751434326172,True,35.20976638793945,20.051273345947266
4782.5,False,False,30.75141143798828,36.162166595458984,True,35.20976638793945,20.051273345947266
4783.0,False,False,30.75780487060547,36.176795959472656,True,35.20976638793945,20.051273345947266
4783.5,False,False,30.764219284057617,36.19140625,True,35.20976638793945,20.051273345947266
4784.0,False,False,30.77065086364746,36.20599365234375,True,35.20976638793945,20.051273345947266
4784.5,False,False,30.777101516723633,36.220558166503906,True,35.20976638793945,20.051273345947266
4785.0,False,True,30.783571243286133,36.235107421875,True,35.20976638793945,20.051273345947266
4785.5,False,False,30.790058135986328,36.2496337890625,True,35.20976638793945,20.051273345947266
4786.0,False,False,30.79656219482422,36.264137268066406,True,35.20976638793945,20.051273345947266
4786.5,False,False,30.80308723449707,36.27862548828125,True,35.20976638793945,20.051273345947266
4787.0,False,False,30.809627532958984,36.2930908203125,True,35.20976638793945,20.051273345947266
4787.5,False,False,30.816186904907227,36.30753707885742,True,35.20976638793945,20.051273345947266
4788.0,False,True,30.822763442993164,36.32196044921875,True,35.20976638793945,20.051273345947266
4788.5,False,False,30.829357147216797,36.33636474609375,True,35.20976638793945,20.051273345947266
4789.0,False,False,30.835968017578125,36.35074996948242,True,35.20976638793945,20.051273345947266
4789.5,False,False,30.84259605407715,36.365116119384766,True,35.20976638793945,20.051273345947266
4790.0,False,False,30.849241256713867,36.37946319580078,True,35.20976638793945,20.051273345947266
4790.5,False,False,30.85590362548828,36.39379119873047,True,35.20976638793945,20.051273345947266
4791.0,False,True,30.86258316040039,36.40809631347656,True,35.20976638793945,20.051273345947266
4791.5,False,False,30.869279861450195,36.422386169433594,True,35.20976638793945,20.051273345947266
4792.0,False,False,30.875991821289062,36.43665313720703,True,35.20976638793945,20.051273345947266
4792.5,False,False,30.882720947265625,36.45090103149414,True,35.20976638793945,20.051273345947266
4793.0,False,False,30.88946533203125,36.46513366699219,True,35.20976638793945,20.051273345947266
4793.5,False,False,30.896224975585938,36.47934341430664,True,35.20976638793945,20.051273345947266
4794.0,False,True,30.903003692626953,36.493534088134766,True,35.20976638793945,20.051273345947266
4794.5,False,False,30.9097957611084,36.50770950317383,True,35.20976638793945,20.051273345947266
4795.0,False,False,30.91660499572754,36.5218620300293,True,35.20976638793945,20.051273345947266
4795.5,False,False,30.92342758178711,36.5359992980957,True,35.20976638793945,20.051273345947266
4796.0,False,False,30.930267333984375,36.55011749267578,True,35.20976638793945,20.051273345947266
4796.5,False,False,30.937122344970703,36.56421661376953,True,35.20976638793945,20.051273345947266
4797.0,False,True,30.943992614746094,36.57829666137695,True,35.20976638793945,20.051273345947266
4797.5,False,False,30.950878143310547,36.59235763549805,True,35.20976638793945,20.051273345947266
4798.0,False,False,30.957778930664062,36.60640335083008,True,35.20976638793945,20.051273345947266
4798.5,False,False,30.96469497680664,36.62042999267578,True,35.20976638793945,20.051273345947266
4799.0,False,False,30.97162437438965,36.634437561035156,True,35.20976638793945,20.051273345947266
4799.5,False,False,30.97856903076172,36.6484260559082,True,35.20976638793945,20.051273345947266
4800.0,False,True,30.98552894592285,36.66239929199219,True,35.20976638793945,20.051273345947266
4800.5,False,False,30.992502212524414,36.676353454589844,True,35.20976638793945,20.051273345947266
4801.0,False,False,30.99949073791504,36.69028854370117,True,35.20976638793945,20.051273345947266
4801.5,False,False,31.006492614746094,36.70420837402344,True,35.20976638793945,20.051273345947266
4802.0,False,False,31.013507843017578,36.718109130859375,True,35.20976638793945,20.051273345947266
4802.5,False,False,31.020538330078125,36.73199462890625,True,35.20976638793945,20.051273345947266
4803.0,False,True,31.0275821685791,36.7458610534668,True,35.20976638793945,20.051273345947266
4803.5,False,False,31.034639358520508,36.759708404541016,True,35.20976638793945,20.051273345947266
4804.0,False,False,31.041711807250977,36.77354049682617,True,35.20976638793945,20.051273345947266
4804.5,False,False,31.048795700073242,36.787357330322266,True,35.20976638793945,20.051273345947266
4805.0,False,False,31.05589485168457,36.80115509033203,True,35.20976638793945,20.051273345947266
4805.5,False,False,31.063005447387695,36.81493377685547,True,35.20976638793945,20.051273345947266
4806.0,False,True,31.070131301879883,36.828697204589844,True,35.20976638793945,20.051273345947266
4806.5,False,False,31.077268600463867,36.842445373535156,True,35.20976638793945,20.051273345947266
4807.0,False,False,31.08441925048828,36.85617446899414,True,35.20976638793945,20.051273345947266
4807.5,False,False,31.091583251953125,36.86988830566406,True,35.20976638793945,20.051273345947266
4808.0,False,False,31.098758697509766,36.883583068847656,True,35.20976638793945,20.051273345947266
4808.5,False,False,31.105947494506836,36.89726638793945,True,35.20976638793945,20.051273345947266
4809.0,False,True,31.113149642944336,36.910926818847656,True,35.20976638793945,20.051273345947266
4809.5,False,False,31.120363235473633,36.92457580566406,True,35.20976638793945,20.051273345947266
4810.0,False,False,31.127588272094727,36.93820571899414,True,35.20976638793945,20.051273345947266
4810.5,False,False,31.13482666015625,36.951820373535156,True,35.20976638793945,20.051273345947266
4811.0,False,False,31.142078399658203,36.96541976928711,True,35.20976638793945,20.051273345947266
4811.5,False,False,31.14933967590332,36.97900390625,True,35.20976638793945,20.051273345947266
4812.0,False,True,31.156614303588867,36.99256896972656,True,35.20976638793945,20.051273345947266
4812.5,False,False,31.163902282714844,37.00611877441406,True,35.20976638793945,20.051273345947266
4813.0,False,False,31.171199798583984,37.0196533203125,True,35.20976638793945,20.051273345947266
4813.5,False,False,31.178508758544922,37.033172607421875,True,35.20976638793945,20.051273345947266
4814.0,False,False,31.18583106994629,37.04667663574219,True,35.20976638793945,20.051273345947266
4814.5,False,False,31.19316291809082,37.06016159057617,True,35.20976638793945,20.051273345947266
4815.0,False,True,31.20050621032715,37.07363510131836,True,35.20976638793945,20.051273345947266
4815.5,False,False,31.207860946655273,37.08708953857422,True,35.20976638793945,20.051273345947266
4816.0,False,False,31.215227127075195,37.100528717041016,True,35.20976638793945,20.051273345947266
4816.5,False,False,31.222604751586914,37.113956451416016,True,35.20976638793945,20.051273345947266
4817.0,False,False,31.22999382019043,37.12736511230469,True,35.20976638793945,20.051273345947266
4817.5,False,False,31.23739242553711,37.1407585144043,True,35.20976638793945,20.051273345947266
4818.0,False,True,31.244802474975586,37.154136657714844,True,35.20976638793945,20.051273345947266
4818.5,False,False,31.252222061157227,37.167503356933594,True,35.20976638793945,20.051273345947266
4819.0,False,False,31.259654998779297,37.180850982666016,True,35.20976638793945,20.051273345947266
4819.5,False,False,31.2670955657959,37.19418716430664,True,35.20976638793945,20.051273345947266
4820.0,False,False,31.274547576904297,37.20750427246094,True,35.20976638793945,20.051273345947266
4820.5,False,False,31.28200912475586,37.22080993652344,True,35.20976638793945,20.051273345947266
4821.0,False,True,31.28948211669922,37.23409652709961,True,35.20976638793945,20.051273345947266
4821.5,False,False,31.296964645385742,37.247371673583984,True,35.20976638793945,20.051273345947266
4822.0,False,False,31.30445671081543,37.2606315612793,True,35.20976638793945,20.051273345947266
4822.5,False,False,31.311960220336914,37.27387619018555,True,35.20976638793945,20.051273345947266
4823.0,False,False,31.319473266601562,37.287109375,True,35.20976638793945,20.051273345947266
4823.5,False,False,31.326993942260742,37.300323486328125,True,35.20976638793945,20.051273345947266
4824.0,False,True,31.33452606201172,37.31352615356445,True,35.20976638793945,20.051273345947266
4824.5,False,False,31.34206771850586,37.32671356201172,True,35.20976638793945,20.051273345947266
4825.0,False,False,31.349618911743164,37.33988571166992,True,35.20976638793945,20.051273345947266
4825.5,False,False,31.357179641723633,37.35304260253906,True,35.20976638793945,20.051273345947266
4826.0,False,False,31.364749908447266,37.366188049316406,True,35.20976638793945,20.051273345947266
4826.5,False,False,31.37232780456543,37.37931823730469,True,35.20976638793945,20.051273345947266
4827.0,False,True,31.37991714477539,37.392433166503906,True,35.20976638793945,20.051273345947266
4827.5,False,False,31.387514114379883,37.40553665161133,True,35.20976638793945,20.051273345947266
4828.0,False,False,31.39512062072754,37.41862487792969,True,35.20976638793945,20.051273345947266
4828.5,False,False,31.402734756469727,37.431697845458984,True,35.20976638793945,20.051273345947266
4829.0,False,False,31.410358428955078,37.444759368896484,True,35.20976638793945,20.051273345947266
4829.5,False,False,31.417991638183594,37.45780563354492,True,35.20976638793945,20.051273345947266
4830.0,False,True,31.425634384155273,37.47084045410156,True,35.20976638793945,20.051273345947266
4830.5,False,False,31.43328285217285,37.483856201171875,True,35.20976638793945,20.051273345947266
4831.0,False,False,31.440942764282227,37.496864318847656,True,35.20976638793945,20.051273345947266
4831.5,False,False,31.448610305786133,37.50985336303711,True,35.20976638793945,20.051273345947266
4832.0,False,False,31.45628547668457,37.52283477783203,True,35.20976638793945,20.051273345947266
4832.5,False,False,31.46396827697754,37.535797119140625,True,35.20976638793945,20.051273345947266
4833.0,False,True,31.471660614013672,37.54875183105469,True,35.20976638793945,20.051273345947266
4833.5,False,False,31.479360580444336,37.56168746948242,True,35.20976638793945,20.051273345947266
4834.0,False,False,31.48706817626953,37.57461166381836,True,35.20976638793945,20.051273345947266
4834.5,False,False,31.49478530883789,37.5875244140625,True,35.20976638793945,20.051273345947266
4835.0,False,False,31.50251007080078,37.60042190551758,True,35.20976638793945,20.051273345947266
4835.5,False,False,31.51024055480957,37.61330795288086,True,35.20976638793945,20.051273345947266
4836.0,False,True,31.517980575561523,37.62617874145508,True,35.20976638793945,20.051273345947266
4836.5,False,False,31.525728225708008,37.6390380859375,True,35.20976638793945,20.051273345947266
4837.0,False,False,31.533483505249023,37.651885986328125,True,35.20976638793945,20.051273345947266
4837.5,False,False,31.54124641418457,37.66471862792969,True,35.20976638793945,20.051273345947266
4838.0,False,False,31.549015045166016,37.67753982543945,True,35.20976638793945,20.051273345947266
4838.5,False,False,31.556793212890625,37.690345764160156,True,35.20976638793945,20.051273345947266
4839.0,False,True,31.564579010009766,37.70314025878906,True,35.20976638793945,20.051273345947266
4839.5,False,False,31.572370529174805,37.71592330932617,True,35.20976638793945,20.051273345947266
4840.0,False,False,31.580169677734375,37.728694915771484,True,35.20976638793945,20.051273345947266
4840.5,False,False,31.587976455688477,37.741451263427734,True,35.20976638793945,20.051273345947266
4841.0,False,False,31.595788955688477,37.75419616699219,True,35.20976638793945,20.051273345947266
4841.5,False,False,31.603609085083008,37.76692581176758,True,35.20976638793945,20.051273345947266
4842.0,False,True,31.61143684387207,37.77964401245117,True,35.20976638793945,20.051273345947266
4842.5,False,False,31.61927032470703,37.79235076904297,True,35.20976638793945,20.051273345947266
4843.0,False,False,31.627111434936523,37.80504608154297,True,35.20976638793945,20.051273345947266
4843.5,False,False,31.634960174560547,37.81772994995117,True,35.20976638793945,20.051273345947266
4844.0,False,False,31.64281463623047,37.83039855957031,True,35.20976638793945,20.051273345947266
4844.5,False,False,31.65067481994629,37.843055725097656,True,35.20976638793945,20.051273345947266
4845.0,False,True,31.65854263305664,37.8557014465332,True,35.20976638793945,20.051273345947266
4845.5,False,False,31.66641616821289,37.86833572387695,True,35.20976638793945,20.051273345947266
4846.0,False,False,31.674297332763672,37.88095474243164,True,35.20976638793945,20.051273345947266
4846.5,False,False,31.68218231201172,37.8935661315918,True,35.20976638793945,20.051273345947266
4847.0,False,False,31.690074920654297,37.90616226196289,True,35.20976638793945,20.051273345947266
4847.5,False,False,31.697975158691406,37.91874694824219,True,35.20976638793945,20.051273345947266
4848.0,False,True,31.70587921142578,37.93132019042969,True,35.20976638793945,20.051273345947266
4848.5,False,False,31.713790893554688,37.94388198852539,True,35.20976638793945,20.051273345947266
4849.0,False,False,31.721708297729492,37.9564323425293,True,35.20976638793945,20.051273345947266
4849.5,False,False,31.729631423950195,37.968971252441406,True,35.20976638793945,20.051273345947266
4850.0,False,False,31.737560272216797,37.98149871826172,True,35.20976638793945,20.051273345947266
4850.5,False,False,31.745494842529297,37.99401092529297,True,35.20976638793945,20.051273345947266
4851.0,False,True,31.753435134887695,38.00651550292969,True,35.20976638793945,20.051273345947266
4851.5,False,False,31.761383056640625,38.019004821777344,True,35.20976638793945,20.051273345947266
4852.0,False,False,31.76933479309082,38.03148651123047,True,35.20976638793945,20.051273345947266
4852.5,False,False,31.777292251586914,38.04395294189453,True,35.20976638793945,20.051273345947266
4853.0,False,False,31.785255432128906,38.05641174316406,True,35.20976638793945,20.051273345947266
4853.5,False,False,31.793222427368164,38.06885528564453,True,35.20976638793945,20.051273345947266
4854.0,False,True,31.801197052001953,38.08129119873047,True,35.20976638793945,20.051273345947266
4854.5,False,False,31.809175491333008,38.093711853027344,True,35.20976638793945,20.051273345947266
4855.0,False,False,31.81715965270996,38.10612487792969,True,35.20976638793945,20.051273345947266
4855.5,False,False,31.825149536132812,38.118526458740234,True,35.20976638793945,20.051273345947266
4856.0,False,False,31.833145141601562,38.13091278076172,True,35.20976638793945,20.051273345947266
4856.5,False,False,31.841144561767578,38.14329147338867,True,35.20976638793945,20.051273345947266
4857.0,False,True,31.849149703979492,38.15565872192383,True,35.20976638793945,20.051273345947266
4857.5,False,False,31.857160568237305,38.16801452636719,True,35.20976638793945,20.051273345947266
4858.0,False,False,31.865175247192383,38.18035888671875,True,35.20976638793945,20.051273345947266
4858.5,False,False,31.87319564819336,38.192691802978516,True,35.20976638793945,20.051273345947266
4859.0,False,False,31.8812198638916,38.20501708984375,True,35.20976638793945,20.051273345947266
4859.5,False,False,31.889249801635742,38.21732711791992,True,35.20976638793945,20.051273345947266
4860.0,False,True,31.89728355407715,38.22962951660156,True,35.20976638793945,20.051273345947266
4860.5,False,False,31.905323028564453,38.241920471191406,True,35.20976638793945,20.051273345947266
4861.0,False,False,31.913366317749023,38.25419616699219,True,35.20976638793945,20.051273345947266
4861.5,False,False,31.92141342163086,38.2664680480957,True,35.20976638793945,20.051273345947266
4862.0,False,False,31.929466247558594,38.278724670410156,True,35.20976638793945,20.051273345947266
4862.5,False,False,31.937522888183594,38.29096984863281,True,35.20976638793945,20.051273345947266
4863.0,False,True,31.945585250854492,38.30320739746094,True,35.20976638793945,20.051273345947266
4863.5,False,False,31.953651428222656,38.315433502197266,True,35.20976638793945,20.051273345947266
4864.0,False,False,31.961721420288086,38.3276481628418,True,35.20976638793945,20.051273345947266
4864.5,False,False,31.96979522705078,38.3398551940918,True,35.20976638793945,20.051273345947266
4865.0,False,False,31.977874755859375,38.352046966552734,True,35.20976638793945,20.051273345947266
4865.5,False,False,31.9859561920166,38.36423110961914,True,35.20976638793945,20.051273345947266
4866.0,False,True,31.994043350219727,38.376407623291016,True,35.20976638793945,20.051273345947266
4866.5,False,False,32.00213623046875,38.38856887817383,True,35.20976638793945,20.051273345947266
4867.0,False,False,32.010231018066406,38.40072250366211,True,35.20976638793945,20.051273345947266
4867.5,False,False,32.01832962036133,38.412864685058594,True,35.20976638793945,20.051273345947266
4868.0,False,False,32.026432037353516,38.42499542236328,True,35.20976638793945,20.051273345947266
4868.5,False,False,32.03453826904297,38.43711853027344,True,35.20976638793945,20.051273345947266
4869.0,False,True,32.04264831542969,38.4492301940918,True,35.20976638793945,20.051273345947266
4869.5,False,False,32.05076217651367,38.461334228515625,True,35.20976638793945,20.051273345947266
4870.0,False,False,32.05887985229492,38.47342300415039,True,35.20976638793945,20.051273345947266
4870.5,False,False,32.06700134277344,38.485504150390625,True,35.20976638793945,20.051273345947266
4871.0,False,False,32.07512664794922,38.49757766723633,True,35.20976638793945,20.051273345947266
4871.5,False,False,32.083255767822266,38.509639739990234,True,35.20976638793945,20.051273345947266
4872.0,False,True,32.09138870239258,38.521690368652344,True,35.20976638793945,20.051273345947266
4872.5,False,False,32.09952163696289,38.533729553222656,True,35.20976638793945,20.051273345947266
4873.0,False,False,32.107662200927734,38.54576110839844,True,35.20976638793945,20.051273345947266
4873.5,False,False,32.115806579589844,38.55778503417969,True,35.20976638793945,20.051273345947266
4874.0,False,False,32.12395095825195,38.56979751586914,True,35.20976638793945,20.051273345947266
4874.5,False,False,32.13209915161133,38.5817985534668,True,35.20976638793945,20.051273345947266
4875.0,False,True,32.14025115966797,38.59379196166992,True,35.20976638793945,20.051273345947266
4875.5,False,False,32.148406982421875,38.60577392578125,True,35.20976638793945,20.051273345947266
4876.0,False,False,32.15656661987305,38.61774444580078,True,35.20976638793945,20.051273345947266
4876.5,False,False,32.164730072021484,38.62970733642578,True,35.20976638793945,20.051273345947266
4877.0,False,False,32.17289352416992,38.64166259765625,True,35.20976638793945,20.051273345947266
4877.5,False,False,32.181060791015625,38.65360641479492,True,35.20976638793945,20.051273345947266
4878.0,False,True,32.189231872558594,38.6655387878418,True,35.20976638793945,20.051273345947266
4878.5,False,False,32.19740676879883,38.67746353149414,True,35.20976638793945,20.051273345947266
4879.0,False,False,32.20558547973633,38.68938064575195,True,35.20976638793945,20.051273345947266
4879.5,False,False,32.21376419067383,38.70128631591797,True,35.20976638793945,20.051273345947266
4880.0,False,False,32.221946716308594,38.71318054199219,True,35.20976638793945,20.051273345947266
4880.5,False,False,32.230133056640625,38.725067138671875,True,35.20976638793945,20.051273345947266
4881.0,False,True,32.238319396972656,38.73694610595703,True,35.20976638793945,20.051273345947266
4881.5,False,False,32.24650955200195,38.74881362915039,True,35.20976638793945,20.051273345947266
4882.0,False,False,32.254703521728516,38.76067352294922,True,35.20976638793945,20.051273345947266
4882.5,False,False,32.262901306152344,38.77252197265625,True,35.20976638793945,20.051273345947266
4883.0,False,False,32.27109909057617,38.78436279296875,True,35.20976638793945,20.051273345947266
4883.5,False,False,32.279300689697266,38.79619216918945,True,35.20976638793945,20.051273345947266
4884.0,False,True,32.28750228881836,38.808013916015625,True,35.20976638793945,20.051273345947266
4884.5,False,False,32.295711517333984,38.819828033447266,True,35.20976638793945,20.051273345947266
4885.0,False,False,32.303916931152344,38.83163070678711,True,35.20976638793945,20.051273345947266
4885.5,False,False,32.312129974365234,38.843421936035156,True,35.20976638793945,20.051273345947266
4886.0,False,False,32.320343017578125,38.85520935058594,True,35.20976638793945,20.051273345947266
4886.5,False,False,32.32855987548828,38.86698532104492,True,35.20976638793945,20.051273345947266
4887.0,False,True,32.33677673339844,38.87874984741211,True,35.20976638793945,20.051273345947266
4887.5,False,False,32.34499740600586,38.89051055908203,True,35.20976638793945,20.051273345947266
4888.0,False,False,32.35321807861328,38.902259826660156,True,35.20976638793945,20.051273345947266
4888.5,False,False,32.36144256591797,38.913997650146484,True,35.20976638793945,20.051273345947266
4889.0,False,False,32.36967086791992,38.92572784423828,True,35.20976638793945,20.051273345947266
4889.5,False,False,32.377899169921875,38.93745040893555,True,35.20976638793945,20.051273345947266
4890.0,False,True,32.38612747192383,38.94916534423828,True,35.20976638793945,20.051273345947266
4890.5,False,False,32.39436340332031,38.96086883544922,True,35.20976638793945,20.051273345947266
4891.0,False,False,32.40259552001953,38.972564697265625,True,35.20976638793945,20.051273345947266
4891.5,False,False,32.410831451416016,38.9842529296875,True,35.20976638793945,20.051273345947266
4892.0,False,False,32.419071197509766,38.99592971801758,True,35.20976638793945,20.051273345947266
4892.5,False,False,32.427310943603516,39.007598876953125,True,35.20976638793945,20.051273345947266
4893.0,False,True,32.43555450439453,39.01926040649414,True,35.20976638793945,20.051273345947266
4893.5,False,False,32.44379806518555,39.03091049194336,True,35.20976638793945,20.051273345947266
4894.0,False,False,32.45204544067383,39.04255676269531,True,35.20976638793945,20.051273345947266
4894.5,False,False,32.46029281616211,39.05419158935547,True,35.20976638793945,20.051273345947266
4895.0,False,False,32.46854019165039,39.06581497192383,True,35.20976638793945,20.051273345947266
4895.5,False,False,32.47679138183594,39.07743453979492,True,35.20976638793945,20.051273345947266
4896.0,False,True,32.485042572021484,39.08904266357422,True,35.20976638793945,20.051273345947266
4896.5,False,False,32.4932975769043,39.100643157958984,True,35.20976638793945,20.051273345947266
4897.0,False,False,32.50155258178711,39.11223602294922,True,35.20976638793945,20.051273345947266
4897.5,False,False,32.50981140136719,39.123817443847656,True,35.20976638793945,20.051273345947266
4898.0,False,False,32.518070220947266,39.13539505004883,True,35.20976638793945,20.051273345947266
4898.5,False,False,32.526329040527344,39.1469612121582,True,35.20976638793945,20.051273345947266
4899.0,False,True,32.53459167480469,39.15851974487305,True,35.20976638793945,20.051273345947266
4899.5,False,False,32.54285430908203,39.170066833496094,True,35.20976638793945,20.051273345947266
4900.0,False,False,32.551116943359375,39.181610107421875,True,35.20976638793945,20.051273345947266
4900.5,False,False,32.559383392333984,39.19314193725586,True,35.20976638793945,20.051273345947266
4901.0,False,False,32.567649841308594,39.20466613769531,True,35.20976638793945,20.051273345947266
4901.5,False,False,32.57592010498047,39.216182708740234,True,35.20976638793945,20.051273345947266
4902.0,False,True,32.584190368652344,39.227691650390625,True,35.20976638793945,20.051273345947266
4902.5,False,False,32.59246063232422,39.239192962646484,True,35.20976638793945,20.051273345947266
4903.0,False,False,32.600730895996094,39.25068664550781,True,35.20976638793945,20.051273345947266
4903.5,False,False,32.609004974365234,39.262168884277344,True,35.20976638793945,20.051273345947266
4904.0,False,False,32.617279052734375,39.273643493652344,True,35.20976638793945,20.051273345947266
4904.5,False,False,32.625553131103516,39.28511047363281,True,35.20976638793945,20.051273345947266
4905.0,False,True,32.63383102416992,39.29656982421875,True,35.20976638793945,20.051273345947266
4905.5,False,False,32.64210510253906,39.308021545410156,True,35.20976638793945,20.051273345947266
4906.0,False,False,32.650386810302734,39.31946563720703,True,35.20976638793945,20.051273345947266
4906.5,False,False,32.65866470336914,39.330902099609375,True,35.20976638793945,20.051273345947266
4907.0,False,False,32.66694641113281,39.34232711791992,True,35.20976638793945,20.051273345947266
4907.5,False,False,32.67522430419922,39.3537483215332,True,35.20976638793945,20.051273345947266
4908.0,False,True,32.68350601196289,39.36515808105469,True,35.20976638793945,20.051273345947266
4908.5,False,False,32.69179153442383,39.376564025878906,True,35.20976638793945,20.051273345947266
4909.0,False,False,32.7000732421875,39.38795852661133,True,35.20976638793945,20.051273345947266
4909.5,False,False,32.70835876464844,39.39934539794922,True,35.20976638793945,20.051273345947266
4910.0,False,False,32.716644287109375,39.41072463989258,True,35.20976638793945,20.051273345947266
4910.5,False,False,32.72492980957031,39.422096252441406,True,35.20976638793945,20.051273345947266
4911.0,False,True,32.73321533203125,39.4334602355957,True,35.20976638793945,20.051273345947266
4911.5,False,False,32.74150466918945,39.44481658935547,True,35.20976638793945,20.051273345947266
4912.0,False,False,32.74979019165039,39.4561653137207,True,35.20976638793945,20.051273345947266
4912.5,False,False,32.758079528808594,39.467506408691406,True,35.20976638793945,20.051273345947266
4913.0,False,False,32.7663688659668,39.47883987426758,True,35.20976638793945,20.051273345947266
4913.5,False,False,32.774658203125,39.49016189575195,True,35.20976638793945,20.051273345947266
4914.0,False,True,32.7829475402832,39.50148010253906,True,35.20976638793945,20.051273345947266
4914.5,False,False,32.79124069213867,39.51279067993164,True,35.20976638793945,20.051273345947266
4915.0,False,False,32.799530029296875,39.52409362792969,True,35.20976638793945,20.051273345947266
4915.5,False,False,32.807823181152344,39.53538513183594,True,35.20976638793945,20.051273345947266
4916.0,False,False,32.81611633300781,39.54667282104492,True,35.20976638793945,20.051273345947266
4916.5,False,False,32.82440948486328,39.557952880859375,True,35.20976638793945,20.051273345947266
4917.0,False,True,32.83270263671875,39.5692253112793,True,35.20976638793945,20.051273345947266
4917.5,False,False,32.84099578857422,39.58049011230469,True,35.20976638793945,20.051273345947266
4918.0,False,False,32.84928894042969,39.59174346923828,True,35.20976638793945,20.051273345947266
4918.5,False,False,32.857582092285156,39.60299301147461,True,35.20976638793945,20.051273345947266
4919.0,False,False,32.865875244140625,39.614234924316406,True,35.20976638793945,20.051273345947266
4919.5,False,False,32.87417221069336,39.62546920776367,True,35.20976638793945,20.051273345947266
4920.0,False,True,32.88246536254883,39.636695861816406,True,35.20976638793945,20.051273345947266
4920.5,False,False,32.89076232910156,39.64791488647461,True,35.20976638793945,20.051273345947266
4921.0,False,False,32.89905548095703,39.65912628173828,True,35.20976638793945,20.051273345947266
4921.5,False,False,32.907352447509766,39.67033004760742,True,35.20976638793945,20.051273345947266
4922.0,False,False,32.915645599365234,39.68152618408203,True,35.20976638793945,20.051273345947266
4922.5,False,False,32.92394256591797,39.692718505859375,True,35.20976638793945,20.051273345947266
4923.0,False,True,32.9322395324707,39.70389938354492,True,35.20976638793945,20.051273345947266
4923.5,False,False,32.94053268432617,39.71507263183594,True,35.20976638793945,20.051273345947266
4924.0,False,False,32.948829650878906,39.72624206542969,True,35.20976638793945,20.051273345947266
4924.5,False,False,32.95712661743164,39.73740005493164,True,35.20976638793945,20.051273345947266
4925.0,False,False,32.965423583984375,39.74855422973633,True,35.20976638793945,20.051273345947266
4925.5,False,False,32.973716735839844,39.759700775146484,True,35.20976638793945,20.051273345947266
4926.0,False,True,32.98201370239258,39.77083969116211,True,35.20976638793945,20.051273345947266
4926.5,False,False,32.99031066894531,39.7819709777832,True,35.20976638793945,20.051273345947266
4927.0,False,False,32.99860763549805,39.793094635009766,True,35.20976638793945,20.051273345947266
4927.5,False,False,33.006900787353516,39.8042106628418,True,35.20976638793945,20.051273345947266
4928.0,False,False,33.01519775390625,39.8153190612793,True,35.20976638793945,20.051273345947266
4928.5,False,False,33.02349090576172,39.82642364501953,True,35.20976638793945,20.051273345947266
4929.0,False,True,33.03178787231445,39.83751678466797,True,35.20976638793945,20.051273345947266
4929.5,False,False,33.04008102416992,39.84860610961914,True,35.20976638793945,20.051273345947266
4930.0,False,False,33.048377990722656,39.85968780517578,True,35.20976638793945,20.051273345947266
4930.5,False,False,33.056671142578125,39.87076187133789,True,35.20976638793945,20.051273345947266
4931.0,False,False,33.06496810913086,39.88182830810547,True,35.20976638793945,20.051273345947266
4931.5,False,False,33.07326126098633,39.89289093017578,True,35.20976638793945,20.051273345947266
4932.0,False,True,33.0815544128418,39.9039421081543,True,35.20976638793945,20.051273345947266
4932.5,False,False,33.089847564697266,39.91498947143555,True,35.20976638793945,20.051273345947266
4933.0,False,False,33.098140716552734,39.926025390625,True,35.20976638793945,20.051273345947266
4933.5,False,False,33.1064338684082,39.93705749511719,True,35.20976638793945,20.051273345947266
4934.0,False,False,33.11472702026367,39.94808578491211,True,35.20976638793945,20.051273345947266
4934.5,False,False,33.123016357421875,39.959102630615234,True,35.20976638793945,20.051273345947266
4935.0,False,True,33.131309509277344,39.970115661621094,True,35.20976638793945,20.051273345947266
4935.5,False,False,33.13959884643555,39.981117248535156,True,35.20976638793945,20.051273345947266
4936.0,False,False,33.147891998291016,39.99211502075195,True,35.20976638793945,20.051273345947266
4936.5,False,False,33.15618133544922,40.00310516357422,True,35.20976638793945,20.051273345947266
4937.0,False,False,33.16447067260742,40.01409149169922,True,35.20976638793945,20.051273345947266
4937.5,False,False,33.172760009765625,40.02506637573242,True,35.20976638793945,20.051273345947266
4938.0,False,True,33.18104934692383,40.03603744506836,True,35.20976638793945,20.051273345947266
4938.5,False,False,33.189334869384766,40.047000885009766,True,35.20976638793945,20.051273345947266
4939.0,False,False,33.19762420654297,40.05795669555664,True,35.20976638793945,20.051273345947266
4939.5,False,False,33.205909729003906,40.068904876708984,True,35.20976638793945,20.051273345947266
4940.0,False,False,33.214195251464844,40.07984924316406,True,35.20976638793945,20.051273345947266
4940.5,False,False,33.22248077392578,40.09078598022461,True,35.20976638793945,20.051273345947266
4941.0,False,True,33.23076629638672,40.101715087890625,True,35.20976638793945,20.051273345947266
4941.5,False,False,33.239051818847656,40.11263656616211,True,35.20976638793945,20.051273345947266
4942.0,False,False,33.247337341308594,40.12355422973633,True,35.20976638793945,20.051273345947266
4942.5,False,False,33.255619049072266,40.134464263916016,True,35.20976638793945,20.051273345947266
4943.0,False,False,33.26390075683594,40.14536666870117,True,35.20976638793945,20.051273345947266
4943.5,False,False,33.27218246459961,40.1562614440918,True,35.20976638793945,20.051273345947266
4944.0,False,True,33.28046417236328,40.167152404785156,True,35.20976638793945,20.051273345947266
4944.5,False,False,33.28874206542969,40.178035736083984,True,35.20976638793945,20.051273345947266
4945.0,False,False,33.297019958496094,40.18891143798828,True,35.20976638793945,20.051273345947266
4945.5,False,False,33.305301666259766,40.19977951049805,True,35.20976638793945,20.051273345947266
4946.0,False,False,33.313575744628906,40.21064376831055,True,35.20976638793945,20.051273345947266
4946.5,False,False,33.32185363769531,40.221500396728516,True,35.20976638793945,20.051273345947266
4947.0,False,True,33.33013153076172,40.23234939575195,True,35.20976638793945,20.051273345947266
4947.5,False,False,33.33840560913086,40.24319076538086,True,35.20976638793945,20.051273345947266
4948.0,False,False,33.3466796875,40.2540283203125,True,35.20976638793945,20.051273345947266
4948.5,False,False,33.35495376586914,40.26485824584961,True,35.20976638793945,20.051273345947266
4949.0,False,False,33.363224029541016,40.27568435668945,True,35.20976638793945,20.051273345947266
4949.5,False,False,33.37149429321289,40.2864990234375,True,35.20976638793945,20.051273345947266
4950.0,False,True,33.379764556884766,40.29730987548828,True,35.20976638793945,20.051273345947266
4950.5,False,False,33.38803482055664,40.3081169128418,True,35.20976638793945,20.051273345947266
4951.0,False,False,33.39630126953125,40.318912506103516,True,35.20976638793945,20.051273345947266
4951.5,False,False,33.404571533203125,40.32970428466797,True,35.20976638793945,20.051273345947266
4952.0,False,False,33.412837982177734,40.340492248535156,True,35.20976638793945,20.051273345947266
4952.5,False,False,33.42110061645508,40.35126876831055,True,35.20976638793945,20.051273345947266
4953.0,False,True,33.42936706542969,40.36204147338867,True,35.20976638793945,20.051273345947266
4953.5,False,False,33.43762969970703,40.372806549072266,True,35.20976638793945,20.051273345947266
4954.0,False,False,33.445892333984375,40.383567810058594,True,35.20976638793945,20.051273345947266
4954.5,False,False,33.45415115356445,40.39432144165039,True,35.20976638793945,20.051273345947266
4955.0,False,False,33.46240997314453,40.405067443847656,True,35.20976638793945,20.051273345947266
4955.5,False,False,33.47066879272461,40.415809631347656,True,35.20976638793945,20.051273345947266
4956.0,False,True,33.47892761230469,40.426544189453125,True,35.20976638793945,20.051273345947266
4956.5,False,False,33.4871826171875,40.43727111816406,True,35.20976638793945,20.051273345947266
4957.0,False,False,33.49543762207031,40.447994232177734,True,35.20976638793945,20.051273345947266
4957.5,False,False,33.503692626953125,40.458709716796875,True,35.20976638793945,20.051273345947266
4958.0,False,False,33.51194763183594,40.469417572021484,True,35.20976638793945,20.051273345947266
4958.5,False,False,33.520198822021484,40.48012161254883,True,35.20976638793945,20.051273345947266
4959.0,False,True,33.528446197509766,40.49081802368164,True,35.20976638793945,20.051273345947266
4959.5,False,False,33.53669738769531,40.50150680541992,True,35.20976638793945,20.051273345947266
4960.0,False,False,33.544944763183594,40.51219177246094,True,35.20976638793945,20.051273345947266
4960.5,False,False,33.553192138671875,40.52286911010742,True,35.20976638793945,20.051273345947266
4961.0,False,False,33.56143569946289,40.53354263305664,True,35.20976638793945,20.051273345947266
4961.5,False,False,33.569679260253906,40.54420852661133,True,35.20976638793945,20.051273345947266
4962.0,False,True,33.57792282104492,40.554866790771484,True,35.20976638793945,20.051273345947266
4962.5,False,False,33.58616256713867,40.565521240234375,True,35.20976638793945,20.051273345947266
4963.0,False,False,33.59440231323242,40.576168060302734,True,35.20976638793945,20.051273345947266
4963.5,False,False,33.60264205932617,40.58681106567383,True,35.20976638793945,20.051273345947266
4964.0,False,False,33.610877990722656,40.59744644165039,True,35.20976638793945,20.051273345947266
4964.5,False,False,33.61911392211914,40.60807418823242,True,35.20976638793945,20.051273345947266
4965.0,False,True,33.627349853515625,40.61869812011719,True,35.20976638793945,20.051273345947266
4965.5,False,False,33.635581970214844,40.62931442260742,True,35.20976638793945,20.051273345947266
4966.0,False,False,33.64381408691406,40.63992691040039,True,35.20976638793945,20.051273345947266
4966.5,False,False,33.65204620361328,40.65053176879883,True,35.20976638793945,20.051273345947266
4967.0,False,False,33.660274505615234,40.661128997802734,True,35.20976638793945,20.051273345947266
4967.5,False,False,33.66849899291992,40.671722412109375,True,35.20976638793945,20.051273345947266
4968.0,False,True,33.676727294921875,40.68231201171875,True,35.20976638793945,20.051273345947266
4968.5,False,False,33.68495178222656,40.69289016723633,True,35.20976638793945,20.051273345947266
4969.0,False,False,33.693172454833984,40.703468322753906,True,35.20976638793945,20.051273345947266
4969.5,False,False,33.701393127441406,40.71403503417969,True,35.20976638793945,20.051273345947266
4970.0,False,False,33.70961380004883,40.7245979309082,True,35.20976638793945,20.051273345947266
4970.5,False,False,33.717830657958984,40.73515701293945,True,35.20976638793945,20.051273345947266
4971.0,False,True,33.72604751586914,40.74570846557617,True,35.20976638793945,20.051273345947266
4971.5,False,False,33.7342643737793,40.75625228881836,True,35.20976638793945,20.051273345947266
4972.0,False,False,33.74247741699219,40.76679229736328,True,35.20976638793945,20.051273345947266
4972.5,False,False,33.75069046020508,40.77732467651367,True,35.20976638793945,20.051273345947266
4973.0,False,False,33.7588996887207,40.7878532409668,True,35.20976638793945,20.051273345947266
4973.5,False,False,33.76710891723633,40.79837417602539,True,35.20976638793945,20.051273345947266
4974.0,False,True,33.77531433105469,40.80888748168945,True,35.20976638793945,20.051273345947266
4974.5,False,False,33.78351974487305,40.819400787353516,True,35.20976638793945,20.051273345947266
4975.0,False,False,33.791725158691406,40.82990264892578,True,35.20976638793945,20.051273345947266
4975.5,False,False,33.7999267578125,40.84040069580078,True,35.20976638793945,20.051273345947266
4976.0,False,False,33.808128356933594,40.850894927978516,True,35.20976638793945,20.051273345947266
4976.5,False,False,33.81632614135742,40.86138153076172,True,35.20976638793945,20.051273345947266
4977.0,False,True,33.82452392578125,40.87186050415039,True,35.20976638793945,20.051273345947266
4977.5,False,False,33.83271789550781,40.8823356628418,True,35.20976638793945,20.051273345947266
4978.0,False,False,33.840911865234375,40.89280319213867,True,35.20976638793945,20.051273345947266
4978.5,False,False,33.84910202026367,40.90326690673828,True,35.20976638793945,20.051273345947266
4979.0,False,False,33.85729217529297,40.913726806640625,True,35.20976638793945,20.051273345947266
4979.5,False,False,33.865482330322266,40.92417907714844,True,35.20976638793945,20.051273345947266
4980.0,False,True,33.8736686706543,40.93462371826172,True,35.20976638793945,20.051273345947266
4980.5,False,False,33.88185501098633,40.945064544677734,True,35.20976638793945,20.051273345947266
4981.0,False,False,33.890037536621094,40.95549774169922,True,35.20976638793945,20.051273345947266
4981.5,False,False,33.89822006225586,40.96592712402344,True,35.20976638793945,20.051273345947266
4982.0,False,False,33.90639877319336,40.97635269165039,True,35.20976638793945,20.051273345947266
4982.5,False,False,33.91457748413086,40.98676681518555,True,35.20976638793945,20.051273345947266
4983.0,False,True,33.922752380371094,40.9971809387207,True,35.20976638793945,20.051273345947266
4983.5,False,False,33.93092727661133,41.00758743286133,True,35.20976638793945,20.051273345947266
4984.0,False,False,33.9390983581543,41.01798629760742,True,35.20976638793945,20.051273345947266
4984.5,False,False,33.947269439697266,41.02838134765625,True,35.20976638793945,20.051273345947266
4985.0,False,False,33.95543670654297,41.03877258300781,True,35.20976638793945,20.051273345947266
4985.5,False,False,33.96360397338867,41.049156188964844,True,35.20976638793945,20.051273345947266
4986.0,False,True,33.97176742553711,41.059532165527344,True,35.20976638793945,20.051273345947266
4986.5,False,False,33.97993087768555,41.06990432739258,True,35.20976638793945,20.051273345947266
4987.0,False,False,33.988094329833984,41.08027267456055,True,35.20976638793945,20.051273345947266
4987.5,False,False,33.99625015258789,41.090633392333984,True,35.20976638793945,20.051273345947266
4988.0,False,False,34.00440979003906,41.10098648071289,True,35.20976638793945,20.051273345947266
4988.5,False,False,34.01256561279297,41.1113395690918,True,35.20976638793945,20.051273345947266
4989.0,False,True,34.02071762084961,41.121681213378906,True,35.20976638793945,20.051273345947266
4989.5,False,False,34.02886962890625,41.132022857666016,True,35.20976638793945,20.051273345947266
4990.0,False,False,34.037017822265625,41.14235305786133,True,35.20976638793945,20.051273345947266
4990.5,False,False,34.045166015625,41.15268325805664,True,35.20976638793945,20.051273345947266
4991.0,False,False,34.05331039428711,41.16300582885742,True,35.20976638793945,20.051273345947266
4991.5,False,False,34.06145477294922,41.17332077026367,True,35.20976638793945,20.051273345947266
4992.0,False,True,34.06959533691406,41.183631896972656,True,35.20976638793945,20.051273345947266
4992.5,False,False,34.077735900878906,41.193939208984375,True,35.20976638793945,20.051273345947266
4993.0,False,False,34.085872650146484,41.20423889160156,True,35.20976638793945,20.051273345947266
4993.5,False,False,34.09400939941406,41.21453094482422,True,35.20976638793945,20.051273345947266
4994.0,False,False,34.102142333984375,41.224822998046875,True,35.20976638793945,20.051273345947266
4994.5,False,False,34.11027526855469,41.235103607177734,True,35.20976638793945,20.051273345947266
4995.0,False,True,34.118404388427734,41.245384216308594,True,35.20976638793945,20.051273345947266
4995.5,False,False,34.126529693603516,41.25565719604492,True,35.20976638793945,20.051273345947266
4996.0,False,False,34.1346549987793,41.26592254638672,True,35.20976638793945,20.051273345947266
4996.5,False,False,34.14278030395508,41.27618408203125,True,35.20976638793945,20.051273345947266
4997.0,False,False,34.150901794433594,41.286441802978516,True,35.20976638793945,20.051273345947266
4997.5,False,False,34.159019470214844,41.29669189453125,True,35.20976638793945,20.051273345947266
4998.0,False,True,34.167137145996094,41.30693817138672,True,35.20976638793945,20.051273345947266
4998.5,False,False,34.17525100708008,41.317176818847656,True,35.20976638793945,20.051273345947266
4999.0,False,False,34.18336486816406,41.32741165161133,True,35.20976638793945,20.051273345947266
4999.5,False,False,34.19147491455078,41.337642669677734,True,35.20976638793945,20.051273345947266
